<?xml version="1.0" encoding="utf-8"?><!-- Copyright (c) Microsoft Corporation.  All rights reserved. --><GroupPolicyBackupScheme bkp:version="2.0" bkp:type="GroupPolicyBackupTemplate" xmlns:bkp="http://www.microsoft.com/GroupPolicy/GPOOperations" xmlns="http://www.microsoft.com/GroupPolicy/GPOOperations">
    <GroupPolicyObject><SecurityGroups><Group bkp:Source="FromDACL"><Sid><![CDATA[S-1-5-21-13466480-1672416868-587939204-512]]></Sid><SamAccountName><![CDATA[Domain Admins]]></SamAccountName><Type><![CDATA[GlobalGroup]]></Type><NetBIOSDomainName><![CDATA[AVPCLAN]]></NetBIOSDomainName><DnsDomainName><![CDATA[avpclan.aerovironment.com]]></DnsDomainName><UPN><![CDATA[Domain Admins@avpclan.aerovironment.com]]></UPN></Group><Group bkp:Source="FromDACL"><Sid><![CDATA[S-1-5-21-2859580668-4000431906-2707289314-519]]></Sid><SamAccountName><![CDATA[Enterprise Admins]]></SamAccountName><Type><![CDATA[UniversalGroup]]></Type><NetBIOSDomainName><![CDATA[AEROVIRONMENT]]></NetBIOSDomainName><DnsDomainName><![CDATA[aerovironment.com]]></DnsDomainName><UPN><![CDATA[Enterprise Admins@aerovironment.com]]></UPN></Group></SecurityGroups><FilePaths/><GroupPolicyCoreSettings><ID><![CDATA[{6691D566-5049-4F26-A85B-8E45A30DFF9F}]]></ID><Domain><![CDATA[avpclan.aerovironment.com]]></Domain><SecurityDescriptor>01 00 04 9c 00 00 00 00 00 00 00 00 00 00 00 00 14 00 00 00 04 00 ec 00 08 00 00 00 05 02 28 00 00 01 00 00 01 00 00 00 8f fd ac ed b3 ff d1 11 b4 1d 00 a0 c9 68 f9 39 01 01 00 00 00 00 00 05 0b 00 00 00 00 00 24 00 ff 00 0f 00 01 05 00 00 00 00 00 05 15 00 00 00 70 7b cd 00 64 0e af 63 84 3d 0b 23 00 02 00 00 00 02 24 00 ff 00 0f 00 01 05 00 00 00 00 00 05 15 00 00 00 70 7b cd 00 64 0e af 63 84 3d 0b 23 00 02 00 00 00 02 24 00 ff 00 0f 00 01 05 00 00 00 00 00 05 15 00 00 00 fc bc 71 aa 22 bf 71 ee e2 f4 5d a1 07 02 00 00 00 02 14 00 94 00 02 00 01 01 00 00 00 00 00 05 09 00 00 00 00 02 14 00 94 00 02 00 01 01 00 00 00 00 00 05 0b 00 00 00 00 02 14 00 ff 00 0f 00 01 01 00 00 00 00 00 05 12 00 00 00 00 0a 14 00 ff 00 0f 00 01 01 00 00 00 00 00 03 00 00 00 00</SecurityDescriptor><DisplayName><![CDATA[AV-Network-Workstation Firewall Rules]]></DisplayName><Options><![CDATA[0]]></Options><UserVersionNumber><![CDATA[0]]></UserVersionNumber><MachineVersionNumber><![CDATA[4390979]]></MachineVersionNumber><MachineExtensionGuids><![CDATA[[{35378EAC-683F-11D2-A89A-00C04FBBCFA2}{B05566AC-FE9C-4368-BE01-7A4CBB6CBA11}{D02B1F72-3407-48AE-BA88-E8213C6761F1}]]]></MachineExtensionGuids><UserExtensionGuids/><WMIFilter><![CDATA[MSFT_SomFilter.ID="{B891D6F5-17F9-44A7-BE38-3CF6540A8845}",Domain="avpclan.aerovironment.com"]]></WMIFilter><WMIFilterName><![CDATA[Find All Workstation OS]]></WMIFilterName></GroupPolicyCoreSettings> 
        <GroupPolicyExtension bkp:ID="{35378EAC-683F-11D2-A89A-00C04FBBCFA2}" bkp:DescName="Registry">
            <FSObjectFile bkp:Path="%GPO_MACH_FSPATH%\registry.pol" bkp:SourceExpandedPath="\\svdcav03.avpclan.aerovironment.com\sysvol\avpclan.aerovironment.com\Policies\{6691D566-5049-4F26-A85B-8E45A30DFF9F}\Machine\registry.pol" bkp:Location="DomainSysvol\GPO\Machine\registry.pol"/>
            
            <FSObjectFile bkp:Path="%GPO_FSPATH%\Adm\*.*" bkp:SourceExpandedPath="\\svdcav03.avpclan.aerovironment.com\sysvol\avpclan.aerovironment.com\Policies\{6691D566-5049-4F26-A85B-8E45A30DFF9F}\Adm\*.*"/>
        </GroupPolicyExtension>
        
        
        
        
        
        
        
        
        
    <GroupPolicyExtension bkp:ID="{F15C46CD-82A0-4C2D-A210-5D0D3182A418}" bkp:DescName="Unknown Extension"><FSObjectDir bkp:Path="%GPO_MACH_FSPATH%\Applications" bkp:SourceExpandedPath="\\svdcav03.avpclan.aerovironment.com\sysvol\avpclan.aerovironment.com\Policies\{6691D566-5049-4F26-A85B-8E45A30DFF9F}\Machine\Applications" bkp:Location="DomainSysvol\GPO\Machine\Applications"/><FSObjectFile bkp:Path="%GPO_MACH_FSPATH%\comment.cmtx" bkp:SourceExpandedPath="\\svdcav03.avpclan.aerovironment.com\sysvol\avpclan.aerovironment.com\Policies\{6691D566-5049-4F26-A85B-8E45A30DFF9F}\Machine\comment.cmtx" bkp:Location="DomainSysvol\GPO\Machine\comment.cmtx"/><FSObjectDir bkp:Path="%GPO_MACH_FSPATH%\Microsoft" bkp:SourceExpandedPath="\\svdcav03.avpclan.aerovironment.com\sysvol\avpclan.aerovironment.com\Policies\{6691D566-5049-4F26-A85B-8E45A30DFF9F}\Machine\Microsoft" bkp:Location="DomainSysvol\GPO\Machine\Microsoft"/><FSObjectDir bkp:Path="%GPO_MACH_FSPATH%\Microsoft\Windows NT" bkp:SourceExpandedPath="\\svdcav03.avpclan.aerovironment.com\sysvol\avpclan.aerovironment.com\Policies\{6691D566-5049-4F26-A85B-8E45A30DFF9F}\Machine\Microsoft\Windows NT" bkp:Location="DomainSysvol\GPO\Machine\Microsoft\Windows NT"/><FSObjectDir bkp:Path="%GPO_MACH_FSPATH%\Microsoft\Windows NT\SecEdit" bkp:SourceExpandedPath="\\svdcav03.avpclan.aerovironment.com\sysvol\avpclan.aerovironment.com\Policies\{6691D566-5049-4F26-A85B-8E45A30DFF9F}\Machine\Microsoft\Windows NT\SecEdit" bkp:Location="DomainSysvol\GPO\Machine\Microsoft\Windows NT\SecEdit"/><FSObjectFile bkp:Path="%GPO_MACH_FSPATH%\Microsoft\Windows NT\SecEdit\GptTmpl.inf" bkp:SourceExpandedPath="\\svdcav03.avpclan.aerovironment.com\sysvol\avpclan.aerovironment.com\Policies\{6691D566-5049-4F26-A85B-8E45A30DFF9F}\Machine\Microsoft\Windows NT\SecEdit\GptTmpl.inf" bkp:Location="DomainSysvol\GPO\Machine\Microsoft\Windows NT\SecEdit\GptTmpl.inf"/><FSObjectDir bkp:Path="%GPO_MACH_FSPATH%\Scripts" bkp:SourceExpandedPath="\\svdcav03.avpclan.aerovironment.com\sysvol\avpclan.aerovironment.com\Policies\{6691D566-5049-4F26-A85B-8E45A30DFF9F}\Machine\Scripts" bkp:Location="DomainSysvol\GPO\Machine\Scripts"/><FSObjectDir bkp:Path="%GPO_MACH_FSPATH%\Scripts\Shutdown" bkp:SourceExpandedPath="\\svdcav03.avpclan.aerovironment.com\sysvol\avpclan.aerovironment.com\Policies\{6691D566-5049-4F26-A85B-8E45A30DFF9F}\Machine\Scripts\Shutdown" bkp:Location="DomainSysvol\GPO\Machine\Scripts\Shutdown"/><FSObjectDir bkp:Path="%GPO_MACH_FSPATH%\Scripts\Startup" bkp:SourceExpandedPath="\\svdcav03.avpclan.aerovironment.com\sysvol\avpclan.aerovironment.com\Policies\{6691D566-5049-4F26-A85B-8E45A30DFF9F}\Machine\Scripts\Startup" bkp:Location="DomainSysvol\GPO\Machine\Scripts\Startup"/></GroupPolicyExtension></GroupPolicyObject>
</GroupPolicyBackupScheme>