<?xml version="1.0" encoding="utf-8"?><!-- Copyright (c) Microsoft Corporation.  All rights reserved. --><GroupPolicyBackupScheme bkp:version="2.0" bkp:type="GroupPolicyBackupTemplate" xmlns:bkp="http://www.microsoft.com/GroupPolicy/GPOOperations" xmlns="http://www.microsoft.com/GroupPolicy/GPOOperations">
    <GroupPolicyObject><SecurityGroups><Group bkp:Source="FromDACL"><Sid><![CDATA[S-1-5-21-13466480-1672416868-587939204-45512]]></Sid><SamAccountName/><Type><![CDATA[Unknown]]></Type><NetBIOSDomainName/><DnsDomainName/><UPN/></Group><Group bkp:Source="FromDACL"><Sid><![CDATA[S-1-5-21-13466480-1672416868-587939204-512]]></Sid><SamAccountName><![CDATA[Domain Admins]]></SamAccountName><Type><![CDATA[GlobalGroup]]></Type><NetBIOSDomainName><![CDATA[AVPCLAN]]></NetBIOSDomainName><DnsDomainName><![CDATA[avpclan.aerovironment.com]]></DnsDomainName><UPN><![CDATA[Domain Admins@avpclan.aerovironment.com]]></UPN></Group><Group bkp:Source="FromDACL"><Sid><![CDATA[S-1-5-21-2859580668-4000431906-2707289314-519]]></Sid><SamAccountName><![CDATA[Enterprise Admins]]></SamAccountName><Type><![CDATA[UniversalGroup]]></Type><NetBIOSDomainName><![CDATA[AEROVIRONMENT]]></NetBIOSDomainName><DnsDomainName><![CDATA[aerovironment.com]]></DnsDomainName><UPN><![CDATA[Enterprise Admins@aerovironment.com]]></UPN></Group></SecurityGroups><FilePaths/><GroupPolicyCoreSettings><ID><![CDATA[{A2F4E54C-89F3-4FAC-8A7D-D6FA24FEA935}]]></ID><Domain><![CDATA[avpclan.aerovironment.com]]></Domain><SecurityDescriptor>01 00 04 9c 00 00 00 00 00 00 00 00 00 00 00 00 14 00 00 00 04 00 58 01 0b 00 00 00 05 03 28 00 00 01 00 00 01 00 00 00 8f fd ac ed b3 ff d1 11 b4 1d 00 a0 c9 68 f9 39 01 01 00 00 00 00 00 05 0b 00 00 00 00 00 24 00 ff 00 0f 00 01 05 00 00 00 00 00 05 15 00 00 00 70 7b cd 00 64 0e af 63 84 3d 0b 23 00 02 00 00 00 00 24 00 ff 00 0f 00 01 05 00 00 00 00 00 05 15 00 00 00 70 7b cd 00 64 0e af 63 84 3d 0b 23 c8 b1 00 00 00 00 24 00 ff 00 0f 00 01 05 00 00 00 00 00 05 15 00 00 00 fc bc 71 aa 22 bf 71 ee e2 f4 5d a1 07 02 00 00 00 0b 24 00 ff 00 1f 00 01 05 00 00 00 00 00 05 15 00 00 00 70 7b cd 00 64 0e af 63 84 3d 0b 23 00 02 00 00 00 0b 24 00 ff 00 1f 00 01 05 00 00 00 00 00 05 15 00 00 00 fc bc 71 aa 22 bf 71 ee e2 f4 5d a1 07 02 00 00 00 0b 24 00 ff 00 1f 01 01 05 00 00 00 00 00 05 15 00 00 00 70 7b cd 00 64 0e af 63 84 3d 0b 23 c8 b1 00 00 00 00 14 00 ff 00 0f 00 01 01 00 00 00 00 00 05 12 00 00 00 00 03 14 00 14 00 02 00 01 01 00 00 00 00 00 05 09 00 00 00 00 03 14 00 14 00 02 00 01 01 00 00 00 00 00 05 0b 00 00 00 00 0b 14 00 ff 00 1f 00 01 01 00 00 00 00 00 05 12 00 00 00</SecurityDescriptor><DisplayName><![CDATA[Disable IE Auto Proxy]]></DisplayName><Options><![CDATA[0]]></Options><UserVersionNumber><![CDATA[2293795]]></UserVersionNumber><MachineVersionNumber><![CDATA[131074]]></MachineVersionNumber><MachineExtensionGuids><![CDATA[[{35378EAC-683F-11D2-A89A-00C04FBBCFA2}{D02B1F72-3407-48AE-BA88-E8213C6761F1}]]]></MachineExtensionGuids><UserExtensionGuids><![CDATA[[{00000000-0000-0000-0000-000000000000}{5C935941-A954-4F7C-B507-885941ECE5C4}{BEE07A6A-EC9F-4659-B8C9-0B1937907C83}][{35378EAC-683F-11D2-A89A-00C04FBBCFA2}{D02B1F73-3407-48AE-BA88-E8213C6761F1}][{B087BE9D-ED37-454F-AF9C-04291E351182}{BEE07A6A-EC9F-4659-B8C9-0B1937907C83}][{E47248BA-94CC-49C4-BBB5-9EB7F05183D0}{5C935941-A954-4F7C-B507-885941ECE5C4}]]]></UserExtensionGuids><WMIFilter/></GroupPolicyCoreSettings> 
        <GroupPolicyExtension bkp:ID="{35378EAC-683F-11D2-A89A-00C04FBBCFA2}" bkp:DescName="Registry">
            <FSObjectFile bkp:Path="%GPO_MACH_FSPATH%\registry.pol" bkp:SourceExpandedPath="\\svdcav03.avpclan.aerovironment.com\sysvol\avpclan.aerovironment.com\Policies\{A2F4E54C-89F3-4FAC-8A7D-D6FA24FEA935}\Machine\registry.pol" bkp:Location="DomainSysvol\GPO\Machine\registry.pol"/>
            <FSObjectFile bkp:Path="%GPO_USER_FSPATH%\registry.pol" bkp:SourceExpandedPath="\\svdcav03.avpclan.aerovironment.com\sysvol\avpclan.aerovironment.com\Policies\{A2F4E54C-89F3-4FAC-8A7D-D6FA24FEA935}\User\registry.pol" bkp:Location="DomainSysvol\GPO\User\registry.pol"/>
            <FSObjectFile bkp:Path="%GPO_FSPATH%\Adm\*.*" bkp:SourceExpandedPath="\\svdcav03.avpclan.aerovironment.com\sysvol\avpclan.aerovironment.com\Policies\{A2F4E54C-89F3-4FAC-8A7D-D6FA24FEA935}\Adm\*.*"/>
        </GroupPolicyExtension>
        
        
        
        
        
        
        
        
        
    <GroupPolicyExtension bkp:ID="{F15C46CD-82A0-4C2D-A210-5D0D3182A418}" bkp:DescName="Unknown Extension"><FSObjectFile bkp:Path="%GPO_MACH_FSPATH%\comment.cmtx" bkp:SourceExpandedPath="\\svdcav03.avpclan.aerovironment.com\sysvol\avpclan.aerovironment.com\Policies\{A2F4E54C-89F3-4FAC-8A7D-D6FA24FEA935}\Machine\comment.cmtx" bkp:Location="DomainSysvol\GPO\Machine\comment.cmtx"/><FSObjectFile bkp:Path="%GPO_USER_FSPATH%\comment.cmtx" bkp:SourceExpandedPath="\\svdcav03.avpclan.aerovironment.com\sysvol\avpclan.aerovironment.com\Policies\{A2F4E54C-89F3-4FAC-8A7D-D6FA24FEA935}\User\comment.cmtx" bkp:Location="DomainSysvol\GPO\User\comment.cmtx"/><FSObjectDir bkp:Path="%GPO_USER_FSPATH%\Documents &amp; Settings" bkp:SourceExpandedPath="\\svdcav03.avpclan.aerovironment.com\sysvol\avpclan.aerovironment.com\Policies\{A2F4E54C-89F3-4FAC-8A7D-D6FA24FEA935}\User\Documents &amp; Settings" bkp:Location="DomainSysvol\GPO\User\Documents &amp; Settings"/><FSObjectDir bkp:Path="%GPO_USER_FSPATH%\Preferences" bkp:SourceExpandedPath="\\svdcav03.avpclan.aerovironment.com\sysvol\avpclan.aerovironment.com\Policies\{A2F4E54C-89F3-4FAC-8A7D-D6FA24FEA935}\User\Preferences" bkp:Location="DomainSysvol\GPO\User\Preferences"/><FSObjectDir bkp:Path="%GPO_USER_FSPATH%\Preferences\InternetSettings" bkp:SourceExpandedPath="\\svdcav03.avpclan.aerovironment.com\sysvol\avpclan.aerovironment.com\Policies\{A2F4E54C-89F3-4FAC-8A7D-D6FA24FEA935}\User\Preferences\InternetSettings" bkp:Location="DomainSysvol\GPO\User\Preferences\InternetSettings"/><FSObjectFile bkp:Path="%GPO_USER_FSPATH%\Preferences\InternetSettings\InternetSettings.xml" bkp:SourceExpandedPath="\\svdcav03.avpclan.aerovironment.com\sysvol\avpclan.aerovironment.com\Policies\{A2F4E54C-89F3-4FAC-8A7D-D6FA24FEA935}\User\Preferences\InternetSettings\InternetSettings.xml" bkp:Location="DomainSysvol\GPO\User\Preferences\InternetSettings\InternetSettings.xml"/><FSObjectDir bkp:Path="%GPO_USER_FSPATH%\Preferences\Registry" bkp:SourceExpandedPath="\\svdcav03.avpclan.aerovironment.com\sysvol\avpclan.aerovironment.com\Policies\{A2F4E54C-89F3-4FAC-8A7D-D6FA24FEA935}\User\Preferences\Registry" bkp:Location="DomainSysvol\GPO\User\Preferences\Registry"/><FSObjectFile bkp:Path="%GPO_USER_FSPATH%\Preferences\Registry\Registry.xml" bkp:SourceExpandedPath="\\svdcav03.avpclan.aerovironment.com\sysvol\avpclan.aerovironment.com\Policies\{A2F4E54C-89F3-4FAC-8A7D-D6FA24FEA935}\User\Preferences\Registry\Registry.xml" bkp:Location="DomainSysvol\GPO\User\Preferences\Registry\Registry.xml"/><FSObjectDir bkp:Path="%GPO_USER_FSPATH%\Scripts" bkp:SourceExpandedPath="\\svdcav03.avpclan.aerovironment.com\sysvol\avpclan.aerovironment.com\Policies\{A2F4E54C-89F3-4FAC-8A7D-D6FA24FEA935}\User\Scripts" bkp:Location="DomainSysvol\GPO\User\Scripts"/><FSObjectDir bkp:Path="%GPO_USER_FSPATH%\Scripts\Logoff" bkp:SourceExpandedPath="\\svdcav03.avpclan.aerovironment.com\sysvol\avpclan.aerovironment.com\Policies\{A2F4E54C-89F3-4FAC-8A7D-D6FA24FEA935}\User\Scripts\Logoff" bkp:Location="DomainSysvol\GPO\User\Scripts\Logoff"/><FSObjectDir bkp:Path="%GPO_USER_FSPATH%\Scripts\Logon" bkp:SourceExpandedPath="\\svdcav03.avpclan.aerovironment.com\sysvol\avpclan.aerovironment.com\Policies\{A2F4E54C-89F3-4FAC-8A7D-D6FA24FEA935}\User\Scripts\Logon" bkp:Location="DomainSysvol\GPO\User\Scripts\Logon"/></GroupPolicyExtension></GroupPolicyObject>
</GroupPolicyBackupScheme>