<BackupInst xmlns="http://www.microsoft.com/GroupPolicy/GPOOperations/Manifest"><GPOGuid><![CDATA[{3E320CC3-F2C8-42D2-93F7-9F5BBDB8105F}]]></GPOGuid><GPODomain><![CDATA[avpclan.aerovironment.com]]></GPODomain><GPODomainGuid><![CDATA[{dbc85ce9-d0d7-40be-8cda-0fe397874442}]]></GPODomainGuid><GPODomainController><![CDATA[svdcav03.avpclan.aerovironment.com]]></GPODomainController><BackupTime><![CDATA[2025-01-15T23:26:01]]></BackupTime><ID><![CDATA[{ECF8B22A-BE9D-4B06-B583-C1E9ED5A7A1F}]]></ID><Comment><![CDATA[2025-01-15 Jesse Wyatt]]></Comment><GPODisplayName><![CDATA[VDI RDS MUAS MS-Edge Policy]]></GPODisplayName></BackupInst>
