<?xml version="1.0" encoding="utf-8"?><!-- Copyright (c) Microsoft Corporation.  All rights reserved. --><GroupPolicyBackupScheme bkp:version="2.0" bkp:type="GroupPolicyBackupTemplate" xmlns:bkp="http://www.microsoft.com/GroupPolicy/GPOOperations" xmlns="http://www.microsoft.com/GroupPolicy/GPOOperations">
    <GroupPolicyObject><SecurityGroups><Group bkp:Source="FromDACL"><Sid><![CDATA[S-1-5-21-13466480-1672416868-587939204-45512]]></Sid><SamAccountName/><Type><![CDATA[Unknown]]></Type><NetBIOSDomainName/><DnsDomainName/><UPN/></Group><Group bkp:Source="FromDACL"><Sid><![CDATA[S-1-5-21-13466480-1672416868-587939204-512]]></Sid><SamAccountName><![CDATA[Domain Admins]]></SamAccountName><Type><![CDATA[GlobalGroup]]></Type><NetBIOSDomainName><![CDATA[AVPCLAN]]></NetBIOSDomainName><DnsDomainName><![CDATA[avpclan.aerovironment.com]]></DnsDomainName><UPN><![CDATA[Domain Admins@avpclan.aerovironment.com]]></UPN></Group><Group bkp:Source="FromDACL"><Sid><![CDATA[S-1-5-21-2859580668-4000431906-2707289314-519]]></Sid><SamAccountName><![CDATA[Enterprise Admins]]></SamAccountName><Type><![CDATA[UniversalGroup]]></Type><NetBIOSDomainName><![CDATA[AEROVIRONMENT]]></NetBIOSDomainName><DnsDomainName><![CDATA[aerovironment.com]]></DnsDomainName><UPN><![CDATA[Enterprise Admins@aerovironment.com]]></UPN></Group></SecurityGroups><FilePaths/><GroupPolicyCoreSettings><ID><![CDATA[{4087DE05-7FE3-4B47-9245-0FDF897C8D10}]]></ID><Domain><![CDATA[avpclan.aerovironment.com]]></Domain><SecurityDescriptor>01 00 04 9c 00 00 00 00 00 00 00 00 00 00 00 00 14 00 00 00 04 00 58 01 0b 00 00 00 05 03 28 00 00 01 00 00 01 00 00 00 8f fd ac ed b3 ff d1 11 b4 1d 00 a0 c9 68 f9 39 01 01 00 00 00 00 00 05 0b 00 00 00 00 00 24 00 ff 00 0f 00 01 05 00 00 00 00 00 05 15 00 00 00 70 7b cd 00 64 0e af 63 84 3d 0b 23 00 02 00 00 00 00 24 00 ff 00 0f 00 01 05 00 00 00 00 00 05 15 00 00 00 70 7b cd 00 64 0e af 63 84 3d 0b 23 c8 b1 00 00 00 00 24 00 ff 00 0f 00 01 05 00 00 00 00 00 05 15 00 00 00 fc bc 71 aa 22 bf 71 ee e2 f4 5d a1 07 02 00 00 00 0b 24 00 ff 00 1f 00 01 05 00 00 00 00 00 05 15 00 00 00 70 7b cd 00 64 0e af 63 84 3d 0b 23 00 02 00 00 00 0b 24 00 ff 00 1f 00 01 05 00 00 00 00 00 05 15 00 00 00 fc bc 71 aa 22 bf 71 ee e2 f4 5d a1 07 02 00 00 00 0b 24 00 ff 00 1f 01 01 05 00 00 00 00 00 05 15 00 00 00 70 7b cd 00 64 0e af 63 84 3d 0b 23 c8 b1 00 00 00 00 14 00 ff 00 0f 00 01 01 00 00 00 00 00 05 12 00 00 00 00 03 14 00 14 00 02 00 01 01 00 00 00 00 00 05 09 00 00 00 00 03 14 00 14 00 02 00 01 01 00 00 00 00 00 05 0b 00 00 00 00 0b 14 00 ff 00 1f 00 01 01 00 00 00 00 00 05 12 00 00 00</SecurityDescriptor><DisplayName><![CDATA[AV-Network-Config-Cisco 801.x Settings-AllWorkstations]]></DisplayName><Options><![CDATA[0]]></Options><UserVersionNumber><![CDATA[0]]></UserVersionNumber><MachineVersionNumber><![CDATA[1114129]]></MachineVersionNumber><MachineExtensionGuids><![CDATA[[{0ACDD40C-75AC-47AB-BAA0-BF6DE7E7FE63}{2DA6AA7F-8C88-4194-A558-0D36E7FD3E64}][{827D319E-6EAC-11D2-A4EA-00C04F79F83A}{803E14A0-B4FB-11D0-A0D0-00A0C90F574B}][{B587E2B1-4D59-4E7E-AED9-22B9DF11D053}{06993B16-A5C7-47EB-B61C-B1CB7EE600AC}]]]></MachineExtensionGuids><UserExtensionGuids/><WMIFilter><![CDATA[MSFT_SomFilter.ID="{B891D6F5-17F9-44A7-BE38-3CF6540A8845}",Domain="avpclan.aerovironment.com"]]></WMIFilter><WMIFilterName><![CDATA[Find All Workstation OS]]></WMIFilterName></GroupPolicyCoreSettings> 
        <GroupPolicyExtension bkp:ID="{35378EAC-683F-11D2-A89A-00C04FBBCFA2}" bkp:DescName="Registry">
            
            
            <FSObjectFile bkp:Path="%GPO_FSPATH%\Adm\*.*" bkp:SourceExpandedPath="\\svdcav03.avpclan.aerovironment.com\sysvol\avpclan.aerovironment.com\Policies\{4087DE05-7FE3-4B47-9245-0FDF897C8D10}\Adm\*.*"/>
        </GroupPolicyExtension>
        
        
        
        
        <GroupPolicyExtension bkp:ID="{827D319E-6EAC-11D2-A4EA-00C04F79F83A}" bkp:DescName="Security">
            <FSObjectFile bkp:Path="%GPO_MACH_FSPATH%\microsoft\windows nt\SecEdit\GptTmpl.inf" bkp:SourceExpandedPath="\\svdcav03.avpclan.aerovironment.com\sysvol\avpclan.aerovironment.com\Policies\{4087DE05-7FE3-4B47-9245-0FDF897C8D10}\Machine\microsoft\windows nt\SecEdit\GptTmpl.inf" bkp:ReEvaluateFunction="SecurityValidateSettings" bkp:Location="DomainSysvol\GPO\Machine\microsoft\windows nt\SecEdit\GptTmpl.inf"/>
        </GroupPolicyExtension>
        
        <GroupPolicyExtension bkp:ID="{0ACDD40C-75AC-47AB-BAA0-BF6DE7E7FE63}" bkp:DescName="Wireless Group Policy" bkp:Win2KCompatible="false">
            <DSObject bkp:Path="cn=Microsoft,%GPO_MACH_DSPATH%" bkp:ObjectClass="container" bkp:SourceExpandedPath="cn=Microsoft,cn=Machine,cn={4087DE05-7FE3-4B47-9245-0FDF897C8D10},CN=Policies,CN=System,DC=avpclan,DC=aerovironment,DC=com">
                <DSObject bkp:Path="cn=Windows,cn=Microsoft,%GPO_MACH_DSPATH%" bkp:ObjectClass="container" bkp:SourceExpandedPath="cn=Windows,cn=Microsoft,cn=Machine,cn={4087DE05-7FE3-4B47-9245-0FDF897C8D10},CN=Policies,CN=System,DC=avpclan,DC=aerovironment,DC=com">
                    
                    <DSObject bkp:Path="cn=IEEE80211,cn=Windows,cn=Microsoft,%GPO_MACH_DSPATH%" bkp:ObjectClass="container" bkp:SourceExpandedPath="cn=IEEE80211,cn=Windows,cn=Microsoft,cn=Machine,cn={4087DE05-7FE3-4B47-9245-0FDF897C8D10},CN=Policies,CN=System,DC=avpclan,DC=aerovironment,DC=com">
                        <DSObject bkp:Path="*,cn=IEEE80211,cn=Windows,cn=Microsoft,%GPO_MACH_DSPATH%" bkp:ObjectClass="ms-net-ieee-80211-GroupPolicy" bkp:SourceExpandedPath="*,cn=IEEE80211,cn=Windows,cn=Microsoft,cn=Machine,cn={4087DE05-7FE3-4B47-9245-0FDF897C8D10},CN=Policies,CN=System,DC=avpclan,DC=aerovironment,DC=com"><DSObject bkp:ObjectClass="ms-net-ieee-80211-GroupPolicy" bkp:Path="CN=AV Wireless Enable 801.x User and Computer supplicant - Wireless,CN=IEEE80211,CN=Windows,CN=Microsoft,%GPO_MACH_DSPATH%" bkp:SourceExpandedPath="CN=AV Wireless Enable 801.x User and Computer supplicant - Wireless,CN=IEEE80211,CN=Windows,CN=Microsoft,cn=Machine,cn={4087DE05-7FE3-4B47-9245-0FDF897C8D10},CN=Policies,CN=System,DC=avpclan,DC=aerovironment,DC=com">
                            <DSAttributeMultiString bkp:DSAttrName="description"><DSValue><![CDATA[Enable 801.x User and Computer supplicant - Wireless]]></DSValue></DSAttributeMultiString>
                            <DSAttributeString bkp:DSAttrName="ms-net-ieee-80211-GP-PolicyGUID"><DSValue><![CDATA[{d673aaf1-f7dd-47de-982a-00b44aa411d9}]]></DSValue></DSAttributeString>
                            <DSAttributeString bkp:DSAttrName="ms-net-ieee-80211-GP-PolicyData"><DSValue><![CDATA[<?xml version="1.0"?>
<WLANPolicy xmlns="http://www.microsoft.com/networking/WLAN/policy/v1">
	<name>AV Wireless Enable 801.x User and Computer supplicant - Wireless</name>
	<description>Enable 801.x User and Computer supplicant - Wireless</description>
	<globalFlags>
		<enableAutoConfig>true</enableAutoConfig>
		<showDeniedNetwork>true</showDeniedNetwork>
		<allowEveryoneToCreateAllUserProfiles>true</allowEveryoneToCreateAllUserProfiles>
		<onlyUseGPProfilesForAllowedNetworks xmlns="http://www.microsoft.com/networking/WLAN/policy/v2">false</onlyUseGPProfilesForAllowedNetworks>
		<enableSoftAP xmlns="http://www.microsoft.com/networking/WLAN/policy/v3">true</enableSoftAP>
		<enableWFD xmlns="http://www.microsoft.com/networking/WLAN/policy/v4">true</enableWFD>
	</globalFlags>
	<networkFilter>
		<allowList>
			<network>
				<networkName>AV Wireless</networkName>
				<networkType>ESS</networkType>
			</network>
			<network>
				<networkName>AV WiFi</networkName>
				<networkType>ESS</networkType>
			</network>
		</allowList>
		<denyAllIBSS>false</denyAllIBSS>
		<denyAllESS>false</denyAllESS>
	</networkFilter>
	<profileList>
		<WLANProfile xmlns="http://www.microsoft.com/networking/WLAN/profile/v1">
			<name>AV Wireless</name>
			<SSIDConfig>
				<SSID>
					<hex>415620576972656C657373</hex>
					<name>AV Wireless</name>
				</SSID>
				<nonBroadcast>false</nonBroadcast>
			</SSIDConfig>
			<connectionType>ESS</connectionType>
			<connectionMode>auto</connectionMode>
			<autoSwitch>true</autoSwitch>
			<MSM>
				<security>
					<authEncryption>
						<authentication>WPA2</authentication>
						<encryption>AES</encryption>
						<useOneX>true</useOneX>
					</authEncryption>
					<PMKCacheMode>enabled</PMKCacheMode>
					<PMKCacheTTL>720</PMKCacheTTL>
					<PMKCacheSize>128</PMKCacheSize>
					<preAuthThrottle>3</preAuthThrottle>
					<OneX xmlns="http://www.microsoft.com/networking/OneX/v1">
						<maxAuthFailures>3</maxAuthFailures>
						<authMode>machineOrUser</authMode>
						<EAPConfig><EapHostConfig xmlns="http://www.microsoft.com/provisioning/EapHostConfig"><EapMethod><Type xmlns="http://www.microsoft.com/provisioning/EapCommon">25</Type><VendorId xmlns="http://www.microsoft.com/provisioning/EapCommon">0</VendorId><VendorType xmlns="http://www.microsoft.com/provisioning/EapCommon">0</VendorType><AuthorId xmlns="http://www.microsoft.com/provisioning/EapCommon">0</AuthorId></EapMethod><Config xmlns="http://www.microsoft.com/provisioning/EapHostConfig"><Eap xmlns="http://www.microsoft.com/provisioning/BaseEapConnectionPropertiesV1"><Type>25</Type><EapType xmlns="http://www.microsoft.com/provisioning/MsPeapConnectionPropertiesV1"><ServerValidation><DisableUserPromptForServerValidation>false</DisableUserPromptForServerValidation><ServerNames>sv-ise1.avpclan.aerovironment.com;dr-ise1.avpclan.aerovironment.com</ServerNames><TrustedRootCA>3a 1c 3a fb 03 84 7e 2f cf 9f f1 52 5e 97 09 83 80 96 d5 f6 </TrustedRootCA></ServerValidation><FastReconnect>true</FastReconnect><InnerEapOptional>false</InnerEapOptional><Eap xmlns="http://www.microsoft.com/provisioning/BaseEapConnectionPropertiesV1"><Type>26</Type><EapType xmlns="http://www.microsoft.com/provisioning/MsChapV2ConnectionPropertiesV1"><UseWinLogonCredentials>true</UseWinLogonCredentials></EapType></Eap><EnableQuarantineChecks>false</EnableQuarantineChecks><RequireCryptoBinding>false</RequireCryptoBinding><PeapExtensions><PerformServerValidation xmlns="http://www.microsoft.com/provisioning/MsPeapConnectionPropertiesV2">true</PerformServerValidation><AcceptServerName xmlns="http://www.microsoft.com/provisioning/MsPeapConnectionPropertiesV2">true</AcceptServerName></PeapExtensions></EapType></Eap></Config></EapHostConfig></EAPConfig>
					</OneX>
				</security>
			</MSM>
		</WLANProfile>
		<WLANProfile xmlns="http://www.microsoft.com/networking/WLAN/profile/v1">
			<name>AV WiFi</name>
			<SSIDConfig>
				<SSID>
					<hex>41562057694669</hex>
					<name>AV WiFi</name>
				</SSID>
				<nonBroadcast>false</nonBroadcast>
			</SSIDConfig>
			<connectionType>ESS</connectionType>
			<connectionMode>auto</connectionMode>
			<autoSwitch>true</autoSwitch>
			<MSM>
				<security>
					<authEncryption>
						<authentication>WPA2</authentication>
						<encryption>AES</encryption>
						<useOneX>true</useOneX>
					</authEncryption>
					<PMKCacheMode>enabled</PMKCacheMode>
					<PMKCacheTTL>720</PMKCacheTTL>
					<PMKCacheSize>128</PMKCacheSize>
					<preAuthThrottle>3</preAuthThrottle>
					<OneX xmlns="http://www.microsoft.com/networking/OneX/v1">
						<maxAuthFailures>1</maxAuthFailures>
						<authMode>machine</authMode>
						<EAPConfig><EapHostConfig xmlns="http://www.microsoft.com/provisioning/EapHostConfig"><EapMethod><Type xmlns="http://www.microsoft.com/provisioning/EapCommon">13</Type><VendorId xmlns="http://www.microsoft.com/provisioning/EapCommon">0</VendorId><VendorType xmlns="http://www.microsoft.com/provisioning/EapCommon">0</VendorType><AuthorId xmlns="http://www.microsoft.com/provisioning/EapCommon">0</AuthorId></EapMethod><Config xmlns="http://www.microsoft.com/provisioning/EapHostConfig"><Eap xmlns="http://www.microsoft.com/provisioning/BaseEapConnectionPropertiesV1"><Type>13</Type><EapType xmlns="http://www.microsoft.com/provisioning/EapTlsConnectionPropertiesV1"><CredentialsSource><CertificateStore><SimpleCertSelection>true</SimpleCertSelection></CertificateStore></CredentialsSource><ServerValidation><DisableUserPromptForServerValidation>false</DisableUserPromptForServerValidation><ServerNames></ServerNames></ServerValidation><DifferentUsername>false</DifferentUsername><PerformServerValidation xmlns="http://www.microsoft.com/provisioning/EapTlsConnectionPropertiesV2">true</PerformServerValidation><AcceptServerName xmlns="http://www.microsoft.com/provisioning/EapTlsConnectionPropertiesV2">false</AcceptServerName><TLSExtensions xmlns="http://www.microsoft.com/provisioning/EapTlsConnectionPropertiesV2"><FilteringInfo xmlns="http://www.microsoft.com/provisioning/EapTlsConnectionPropertiesV3"><CAHashList><IssuerHash>a8 5e 0e 63 f7 b8 50 f7 7b ec b8 f7 d7 35 5a 14 1a 34 3a 47 </IssuerHash><IssuerHash>a8 5e 0e 63 f7 b8 50 f7 7b ec b8 f7 d7 35 5a 14 1a 34 3a 47 </IssuerHash><IssuerHash>3a 1c 3a fb 03 84 7e 2f cf 9f f1 52 5e 97 09 83 80 96 d5 f6 </IssuerHash><IssuerHash>3a 1c 3a fb 03 84 7e 2f cf 9f f1 52 5e 97 09 83 80 96 d5 f6 </IssuerHash></CAHashList></FilteringInfo></TLSExtensions></EapType></Eap></Config></EapHostConfig></EAPConfig>
					</OneX>
				</security>
			</MSM>
		</WLANProfile>
	</profileList>
</WLANPolicy>
]]></DSValue></DSAttributeString>
                         </DSObject>
                            <DSAttributeMultiString bkp:DSAttrName="description"/>
                            <DSAttributeString bkp:DSAttrName="ms-net-ieee-80211-GP-PolicyGUID"/>
                            <DSAttributeString bkp:DSAttrName="ms-net-ieee-80211-GP-PolicyData"/>
                         </DSObject>
                    </DSObject>
                </DSObject>
            </DSObject>
        </GroupPolicyExtension>
        <GroupPolicyExtension bkp:ID="{B587E2B1-4D59-4E7E-AED9-22B9DF11D053}" bkp:DescName="Wired Group Policy" bkp:Win2KCompatible="false">
            <DSObject bkp:Path="cn=Microsoft,%GPO_MACH_DSPATH%" bkp:ObjectClass="container" bkp:SourceExpandedPath="cn=Microsoft,cn=Machine,cn={4087DE05-7FE3-4B47-9245-0FDF897C8D10},CN=Policies,CN=System,DC=avpclan,DC=aerovironment,DC=com">
                <DSObject bkp:Path="cn=Windows,cn=Microsoft,%GPO_MACH_DSPATH%" bkp:ObjectClass="container" bkp:SourceExpandedPath="cn=Windows,cn=Microsoft,cn=Machine,cn={4087DE05-7FE3-4B47-9245-0FDF897C8D10},CN=Policies,CN=System,DC=avpclan,DC=aerovironment,DC=com">
                    <DSObject bkp:Path="cn=IEEE8023,cn=Windows,cn=Microsoft,%GPO_MACH_DSPATH%" bkp:ObjectClass="container" bkp:SourceExpandedPath="cn=IEEE8023,cn=Windows,cn=Microsoft,cn=Machine,cn={4087DE05-7FE3-4B47-9245-0FDF897C8D10},CN=Policies,CN=System,DC=avpclan,DC=aerovironment,DC=com">
                        <DSObject bkp:Path="*,cn=IEEE8023,cn=Windows,cn=Microsoft,%GPO_MACH_DSPATH%" bkp:ObjectClass="ms-net-ieee-8023-GroupPolicy" bkp:SourceExpandedPath="*,cn=IEEE8023,cn=Windows,cn=Microsoft,cn=Machine,cn={4087DE05-7FE3-4B47-9245-0FDF897C8D10},CN=Policies,CN=System,DC=avpclan,DC=aerovironment,DC=com"><DSObject bkp:ObjectClass="ms-net-ieee-8023-GroupPolicy" bkp:Path="CN=Enable 801.x User and Computer supplicant,CN=IEEE8023,CN=Windows,CN=Microsoft,%GPO_MACH_DSPATH%" bkp:SourceExpandedPath="CN=Enable 801.x User and Computer supplicant,CN=IEEE8023,CN=Windows,CN=Microsoft,cn=Machine,cn={4087DE05-7FE3-4B47-9245-0FDF897C8D10},CN=Policies,CN=System,DC=avpclan,DC=aerovironment,DC=com">
                            <DSAttributeMultiString bkp:DSAttrName="description"><DSValue><![CDATA[Enable 801.x User and Computer supplicant]]></DSValue></DSAttributeMultiString>
                            <DSAttributeString bkp:DSAttrName="ms-net-ieee-8023-GP-PolicyGUID"><DSValue><![CDATA[{f87f05bb-282e-4f64-b9bc-e8c067da8794}]]></DSValue></DSAttributeString>
                            <DSAttributeString bkp:DSAttrName="ms-net-ieee-8023-GP-PolicyData"><DSValue><![CDATA[<?xml version="1.0"?>
<LANPolicy xmlns="http://www.microsoft.com/networking/LAN/policy/v1">
	<name>Enable 801.x User and Computer supplicant</name>
	<description>Enable 801.x User and Computer supplicant</description>
	<globalFlags>
		<enableAutoConfig>true</enableAutoConfig>
	</globalFlags>
	<profileList>
		<LANProfile xmlns="http://www.microsoft.com/networking/LAN/profile/v1">
			<MSM>
				<security>
					<OneXEnforced>false</OneXEnforced>
					<OneXEnabled>true</OneXEnabled>
					<OneX xmlns="http://www.microsoft.com/networking/OneX/v1">
						<maxAuthFailures>1</maxAuthFailures>
						<authMode>machineOrUser</authMode>
						<EAPConfig><EapHostConfig xmlns="http://www.microsoft.com/provisioning/EapHostConfig"><EapMethod><Type xmlns="http://www.microsoft.com/provisioning/EapCommon">25</Type><VendorId xmlns="http://www.microsoft.com/provisioning/EapCommon">0</VendorId><VendorType xmlns="http://www.microsoft.com/provisioning/EapCommon">0</VendorType><AuthorId xmlns="http://www.microsoft.com/provisioning/EapCommon">0</AuthorId></EapMethod><Config xmlns="http://www.microsoft.com/provisioning/EapHostConfig"><Eap xmlns="http://www.microsoft.com/provisioning/BaseEapConnectionPropertiesV1"><Type>25</Type><EapType xmlns="http://www.microsoft.com/provisioning/MsPeapConnectionPropertiesV1"><ServerValidation><DisableUserPromptForServerValidation>false</DisableUserPromptForServerValidation><ServerNames>sv-ise1.avpclan.aerovironment.com;dr-ise1.avpclan.aerovironment.com</ServerNames><TrustedRootCA>3a 1c 3a fb 03 84 7e 2f cf 9f f1 52 5e 97 09 83 80 96 d5 f6 </TrustedRootCA></ServerValidation><FastReconnect>true</FastReconnect><InnerEapOptional>false</InnerEapOptional><Eap xmlns="http://www.microsoft.com/provisioning/BaseEapConnectionPropertiesV1"><Type>26</Type><EapType xmlns="http://www.microsoft.com/provisioning/MsChapV2ConnectionPropertiesV1"><UseWinLogonCredentials>true</UseWinLogonCredentials></EapType></Eap><EnableQuarantineChecks>false</EnableQuarantineChecks><RequireCryptoBinding>false</RequireCryptoBinding><PeapExtensions><PerformServerValidation xmlns="http://www.microsoft.com/provisioning/MsPeapConnectionPropertiesV2">true</PerformServerValidation><AcceptServerName xmlns="http://www.microsoft.com/provisioning/MsPeapConnectionPropertiesV2">true</AcceptServerName></PeapExtensions></EapType></Eap></Config></EapHostConfig></EAPConfig>
					</OneX>
				</security>
			</MSM>
		</LANProfile>
	</profileList>
</LANPolicy>
]]></DSValue></DSAttributeString>
                        </DSObject>
                            <DSAttributeMultiString bkp:DSAttrName="description"/>
                            <DSAttributeString bkp:DSAttrName="ms-net-ieee-8023-GP-PolicyGUID"/>
                            <DSAttributeString bkp:DSAttrName="ms-net-ieee-8023-GP-PolicyData"/>
                        </DSObject>
                    </DSObject>
                </DSObject>
            </DSObject>
        </GroupPolicyExtension>
        
    <GroupPolicyExtension bkp:ID="{F15C46CD-82A0-4C2D-A210-5D0D3182A418}" bkp:DescName="Unknown Extension"><FSObjectDir bkp:Path="%GPO_MACH_FSPATH%\Microsoft" bkp:SourceExpandedPath="\\svdcav03.avpclan.aerovironment.com\sysvol\avpclan.aerovironment.com\Policies\{4087DE05-7FE3-4B47-9245-0FDF897C8D10}\Machine\Microsoft" bkp:Location="DomainSysvol\GPO\Machine\Microsoft"/><FSObjectDir bkp:Path="%GPO_MACH_FSPATH%\Microsoft\Windows NT" bkp:SourceExpandedPath="\\svdcav03.avpclan.aerovironment.com\sysvol\avpclan.aerovironment.com\Policies\{4087DE05-7FE3-4B47-9245-0FDF897C8D10}\Machine\Microsoft\Windows NT" bkp:Location="DomainSysvol\GPO\Machine\Microsoft\Windows NT"/><FSObjectDir bkp:Path="%GPO_MACH_FSPATH%\Microsoft\Windows NT\SecEdit" bkp:SourceExpandedPath="\\svdcav03.avpclan.aerovironment.com\sysvol\avpclan.aerovironment.com\Policies\{4087DE05-7FE3-4B47-9245-0FDF897C8D10}\Machine\Microsoft\Windows NT\SecEdit" bkp:Location="DomainSysvol\GPO\Machine\Microsoft\Windows NT\SecEdit"/><FSObjectDir bkp:Path="%GPO_MACH_FSPATH%\Scripts" bkp:SourceExpandedPath="\\svdcav03.avpclan.aerovironment.com\sysvol\avpclan.aerovironment.com\Policies\{4087DE05-7FE3-4B47-9245-0FDF897C8D10}\Machine\Scripts" bkp:Location="DomainSysvol\GPO\Machine\Scripts"/><FSObjectDir bkp:Path="%GPO_MACH_FSPATH%\Scripts\Shutdown" bkp:SourceExpandedPath="\\svdcav03.avpclan.aerovironment.com\sysvol\avpclan.aerovironment.com\Policies\{4087DE05-7FE3-4B47-9245-0FDF897C8D10}\Machine\Scripts\Shutdown" bkp:Location="DomainSysvol\GPO\Machine\Scripts\Shutdown"/><FSObjectDir bkp:Path="%GPO_MACH_FSPATH%\Scripts\Startup" bkp:SourceExpandedPath="\\svdcav03.avpclan.aerovironment.com\sysvol\avpclan.aerovironment.com\Policies\{4087DE05-7FE3-4B47-9245-0FDF897C8D10}\Machine\Scripts\Startup" bkp:Location="DomainSysvol\GPO\Machine\Scripts\Startup"/><FSObjectDir bkp:Path="%GPO_USER_FSPATH%\Documents &amp; Settings" bkp:SourceExpandedPath="\\svdcav03.avpclan.aerovironment.com\sysvol\avpclan.aerovironment.com\Policies\{4087DE05-7FE3-4B47-9245-0FDF897C8D10}\User\Documents &amp; Settings" bkp:Location="DomainSysvol\GPO\User\Documents &amp; Settings"/><FSObjectDir bkp:Path="%GPO_USER_FSPATH%\Scripts" bkp:SourceExpandedPath="\\svdcav03.avpclan.aerovironment.com\sysvol\avpclan.aerovironment.com\Policies\{4087DE05-7FE3-4B47-9245-0FDF897C8D10}\User\Scripts" bkp:Location="DomainSysvol\GPO\User\Scripts"/><FSObjectDir bkp:Path="%GPO_USER_FSPATH%\Scripts\Logoff" bkp:SourceExpandedPath="\\svdcav03.avpclan.aerovironment.com\sysvol\avpclan.aerovironment.com\Policies\{4087DE05-7FE3-4B47-9245-0FDF897C8D10}\User\Scripts\Logoff" bkp:Location="DomainSysvol\GPO\User\Scripts\Logoff"/><FSObjectDir bkp:Path="%GPO_USER_FSPATH%\Scripts\Logon" bkp:SourceExpandedPath="\\svdcav03.avpclan.aerovironment.com\sysvol\avpclan.aerovironment.com\Policies\{4087DE05-7FE3-4B47-9245-0FDF897C8D10}\User\Scripts\Logon" bkp:Location="DomainSysvol\GPO\User\Scripts\Logon"/></GroupPolicyExtension></GroupPolicyObject>
</GroupPolicyBackupScheme>