<?xml version="1.0" encoding="utf-8"?>
<RegistrySettings clsid="{A3CCFC41-DFDB-43a5-8D26-0FE8B954DA51}"><Registry clsid="{9CD4B2F4-923D-47f5-A062-E897DD1DAD50}" name="Allow" status="(Default)" image="7" changed="2024-01-04 18:44:56" uid="{C5747649-2356-47D0-8E4B-E8D8E49F4AF1}"><Properties action="U" displayDecimal="0" default="1" hive="HKEY_CURRENT_USER" key="Software\Policies\Mozilla\Firefox\PopupBlocking\Allow" name="" type="REG_SZ" value="https://aglfeprd1.avinc.com&#xA;https://aglfeprd1.avinc.com&#xA;https://aglfeprd1.avinc.com&#xA;https://aglfeprd1.avinc.com&#xA;https://aglfeprd1.avinc.com&#xA;https://aghttps://aglfeprd1.avinc.com&#xA;"/></Registry>
	<Registry clsid="{9CD4B2F4-923D-47f5-A062-E897DD1DAD50}" name="Allow" status="(Default)" image="7" changed="2024-01-04 18:45:19" uid="{FD047E42-CADD-4F46-ADA3-1746A7BB85A9}"><Properties action="U" displayDecimal="0" default="1" hive="HKEY_CURRENT_USER" key="Software\Policies\Mozilla\Firefox\PopupBlocking\Allow" name="" type="REG_SZ" value="https://hapsaglprdapp.aerovironment.com&#xA;"/></Registry>
	<Registry clsid="{9CD4B2F4-923D-47f5-A062-E897DD1DAD50}" name="AutoOpenAllowedForURLs" status="(Default)" image="7" changed="2024-01-04 18:45:47" uid="{A1245B73-5B5E-4835-95F6-83C415C1AB52}"><Properties action="U" displayDecimal="0" default="1" hive="HKEY_CURRENT_USER" key="Software\Policies\Microsoft\Edge\AutoOpenAllowedForURLs" name="" type="REG_SZ" value="aglfeprd1.avinc.com&#xA;"/></Registry>
	<Registry clsid="{9CD4B2F4-923D-47f5-A062-E897DD1DAD50}" name="AutoOpenAllowedForURLs" status="(Default)" image="7" changed="2024-01-04 18:46:09" uid="{D5F23B11-FC87-4D04-99C2-8EE4ED5534A1}"><Properties action="U" displayDecimal="0" default="1" hive="HKEY_CURRENT_USER" key="Software\Policies\Microsoft\Edge\AutoOpenAllowedForURLs" name="" type="REG_SZ" value="hapsaglprdapp.aerovironment.com&#xA;"/></Registry>
	<Registry clsid="{9CD4B2F4-923D-47f5-A062-E897DD1DAD50}" name="PopupsAllowedForUrls" status="(Default)" image="7" changed="2024-01-04 18:46:33" uid="{1EDB9ACD-09C2-4C83-AAD7-CD594B9FEA8A}"><Properties action="U" displayDecimal="0" default="1" hive="HKEY_CURRENT_USER" key="Software\Policies\Google\Chrome\PopupsAllowedForUrls" name="" type="REG_SZ" value="*://hapsaglprdapp.aerovironment.com:*/*&#xA;"/></Registry>
	<Registry clsid="{9CD4B2F4-923D-47f5-A062-E897DD1DAD50}" name="PopupsAllowedForUrls" status="(Default)" image="7" changed="2024-01-04 18:46:48" uid="{47294258-DF76-495B-B54F-217AE0A8FD5E}"><Properties action="U" displayDecimal="0" default="1" hive="HKEY_CURRENT_USER" key="Software\Policies\Google\Chrome\PopupsAllowedForUrls" name="" type="REG_SZ" value="*://aglfeprd1.avinc.com:*/*&#xA;"/></Registry>
</RegistrySettings>
