<?xml version="1.0" encoding="utf-8"?>
<RegistrySettings clsid="{A3CCFC41-DFDB-43a5-8D26-0FE8B954DA51}"><Registry clsid="{9CD4B2F4-923D-47f5-A062-E897DD1DAD50}" name="SMB1" status="SMB1" image="10" changed="2019-07-17 05:42:28" uid="{B76EB3B9-300B-424D-8D55-6300C04B459E}"><Properties action="C" displayDecimal="0" default="0" hive="HKEY_LOCAL_MACHINE" key="SYSTEM\CurrentControlSet\Services\LanmanServer\Parameters" name="SMB1" type="REG_DWORD" value="00000000"/></Registry>
	<Registry clsid="{9CD4B2F4-923D-47f5-A062-E897DD1DAD50}" name="DependOnService" status="DependOnService" image="6" changed="2019-07-17 05:42:32" uid="{BC3091B0-2069-4120-9E3D-B625FF267AC2}"><Properties action="R" displayDecimal="0" default="0" hive="HKEY_LOCAL_MACHINE" key="SYSTEM\CurrentControlSet\Services\LanmanWorkstation" name="DependOnService" type="REG_MULTI_SZ" value="Bowser MRxSmb20 NSI"><Values><Value>Bowser</Value><Value>MRxSmb20</Value><Value>NSI</Value></Values></Properties></Registry>
	<Registry clsid="{9CD4B2F4-923D-47f5-A062-E897DD1DAD50}" name="Start" status="Start" image="12" changed="2019-07-17 05:42:24" uid="{235DF056-8AFA-4189-8CF7-8ED5E827526A}"><Properties action="U" displayDecimal="0" default="0" hive="HKEY_LOCAL_MACHINE" key="SYSTEM\CurrentControlSet\services\mrxsmb10" name="Start" type="REG_DWORD" value="00000004"/></Registry>
</RegistrySettings>
