<?xml version="1.0" encoding="utf-8"?>
<RegistrySettings clsid="{A3CCFC41-DFDB-43a5-8D26-0FE8B954DA51}"><Registry clsid="{9CD4B2F4-923D-47f5-A062-E897DD1DAD50}" name="DisableCachingOfSSLPages" status="DisableCachingOfSSLPages" image="12" changed="2024-06-13 17:09:06" uid="{D09B3FA1-C110-41D3-9A81-448CE5525432}"><Properties action="U" displayDecimal="1" default="0" hive="HKEY_CURRENT_USER" key="Software\Policies\Microsoft\Windows\CurrentVersion\Internet Settings" name="DisableCachingOfSSLPages" type="REG_DWORD" value="00000000"/></Registry>
	<Registry clsid="{9CD4B2F4-923D-47f5-A062-E897DD1DAD50}" name="DisableCachingOfSSLPages" status="DisableCachingOfSSLPages" image="12" changed="2024-06-13 17:10:25" uid="{CE533873-9622-45E0-8213-27BE174518BE}"><Properties action="U" displayDecimal="1" default="0" hive="HKEY_CURRENT_USER" key="Software\Microsoft\CurrentVersion\Internet Settings" name="DisableCachingOfSSLPages" type="REG_DWORD" value="00000000"/></Registry>
	<Registry clsid="{9CD4B2F4-923D-47f5-A062-E897DD1DAD50}" name="compatmode" status="compatmode" image="12" changed="2024-06-13 17:11:57" uid="{DEAA1D89-D6AB-4A57-AA36-211B5D13CC32}"><Properties action="U" displayDecimal="1" default="0" hive="HKEY_CURRENT_USER" key="Software\Microsoft\Office\16.0\word\Options" name="compatmode" type="REG_DWORD" value="00000000"/></Registry>
	<Registry clsid="{9CD4B2F4-923D-47f5-A062-E897DD1DAD50}" name="SignInOptions" status="SignInOptions" image="13" changed="2024-06-13 22:30:32" uid="{EBFE1AD5-1F4A-44F7-B08A-7285CF3B2472}"><Properties action="D" displayDecimal="1" default="0" hive="HKEY_CURRENT_USER" key="Software\Microsoft\Office\16.0\Common\SignIn" name="SignInOptions" type="REG_DWORD" value="FFFFFFFF"/></Registry>
</RegistrySettings>
