<?xml version="1.0" encoding="utf-8"?>
<ScheduledTasks clsid="{CC63F200-7309-4ba0-B154-A71CD118DBCC}"><TaskV2 clsid="{D8896631-B747-47a7-84A6-C155337F3BC8}" name="Bitlocker OS Drive" image="2" changed="2024-08-06 17:52:06" uid="{A9D8DD41-78A1-40AE-8239-68E10DAE3BAA}"><Properties action="U" name="Bitlocker OS Drive" runAs="NT AUTHORITY\System" logonType="S4U"><Task version="1.2"><RegistrationInfo><Author>AVPCLAN\adminfrancisco</Author><Description></Description></RegistrationInfo><Principals><Principal id="Author"><UserId>NT AUTHORITY\System</UserId><LogonType>S4U</LogonType><RunLevel>HighestAvailable</RunLevel></Principal></Principals><Settings><IdleSettings><Duration>PT10M</Duration><WaitTimeout>PT1H</WaitTimeout><StopOnIdleEnd>true</StopOnIdleEnd><RestartOnIdle>false</RestartOnIdle></IdleSettings><MultipleInstancesPolicy>IgnoreNew</MultipleInstancesPolicy><DisallowStartIfOnBatteries>true</DisallowStartIfOnBatteries><StopIfGoingOnBatteries>true</StopIfGoingOnBatteries><AllowHardTerminate>true</AllowHardTerminate><StartWhenAvailable>false</StartWhenAvailable><RunOnlyIfNetworkAvailable>false</RunOnlyIfNetworkAvailable><AllowStartOnDemand>true</AllowStartOnDemand><Enabled>true</Enabled><Hidden>false</Hidden><RunOnlyIfIdle>false</RunOnlyIfIdle><WakeToRun>false</WakeToRun><ExecutionTimeLimit>P3D</ExecutionTimeLimit><Priority>7</Priority></Settings><Triggers><LogonTrigger><Enabled>true</Enabled><Delay>PT30M</Delay></LogonTrigger>
					<IdleTrigger><Enabled>true</Enabled></IdleTrigger>
				</Triggers><Actions Context="Author"><Exec><Command>powershell.exe</Command><Arguments>\\avpclan.aerovironment.com\NETLOGON\Bitlocker\EnableBitlocker.cmd</Arguments></Exec>
				</Actions></Task></Properties></TaskV2>
</ScheduledTasks>
