Machine Name,Policy Target,Subcategory,Subcategory GUID,Inclusion Setting,Exclusion Setting,Setting Value
,System,Audit Credential Validation,{0cce923f-69ae-11d9-bed3-505054503030},Success and Failure,,3
,System,Audit Kerberos Authentication Service,{0cce9242-69ae-11d9-bed3-505054503030},Success and Failure,,3
,System,Audit Application Group Management,{0cce9239-69ae-11d9-bed3-505054503030},Success and Failure,,3
,System,Audit Computer Account Management,{0cce9236-69ae-11d9-bed3-505054503030},Success and Failure,,3
,System,Audit Distribution Group Management,{0cce9238-69ae-11d9-bed3-505054503030},Success and Failure,,3
,System,Audit Other Account Management Events,{0cce923a-69ae-11d9-bed3-505054503030},Success and Failure,,3
,System,Audit Security Group Management,{0cce9237-69ae-11d9-bed3-505054503030},Success and Failure,,3
,System,Audit User Account Management,{0cce9235-69ae-11d9-bed3-505054503030},Success and Failure,,3
,System,Audit Process Creation,{0cce922b-69ae-11d9-bed3-505054503030},Success,,1
,System,Audit Process Termination,{0cce922c-69ae-11d9-bed3-505054503030},Success,,1
,System,Audit Detailed Directory Service Replication,{0cce923e-69ae-11d9-bed3-505054503030},Success,,1
,System,Audit Directory Service Access,{0cce923b-69ae-11d9-bed3-505054503030},Success,,1
,System,Audit Directory Service Changes,{0cce923c-69ae-11d9-bed3-505054503030},Success,,1
,System,Audit Directory Service Replication,{0cce923d-69ae-11d9-bed3-505054503030},Success,,1
,System,Audit Logoff,{0cce9216-69ae-11d9-bed3-505054503030},Success,,1
,System,Audit Logon,{0cce9215-69ae-11d9-bed3-505054503030},Success and Failure,,3
,System,Audit Network Policy Server,{0cce9243-69ae-11d9-bed3-505054503030},Success and Failure,,3
,System,Audit Other Logon/Logoff Events,{0cce921c-69ae-11d9-bed3-505054503030},Success,,1
,System,Audit Application Generated,{0cce9222-69ae-11d9-bed3-505054503030},Success and Failure,,3
,System,Audit Other Object Access Events,{0cce9227-69ae-11d9-bed3-505054503030},Success,,1
,System,Audit Authentication Policy Change,{0cce9230-69ae-11d9-bed3-505054503030},Success,,1
,System,Audit Authorization Policy Change,{0cce9231-69ae-11d9-bed3-505054503030},Success,,1
,System,Audit Security State Change,{0cce9210-69ae-11d9-bed3-505054503030},Success,,1
,System,Audit Security System Extension,{0cce9211-69ae-11d9-bed3-505054503030},Success,,1
