<?xml version="1.0" encoding="utf-8"?><!-- Copyright (c) Microsoft Corporation.  All rights reserved. --><GroupPolicyBackupScheme bkp:version="2.0" bkp:type="GroupPolicyBackupTemplate" xmlns:bkp="http://www.microsoft.com/GroupPolicy/GPOOperations" xmlns="http://www.microsoft.com/GroupPolicy/GPOOperations">
    <GroupPolicyObject><SecurityGroups><Group bkp:Source="FromDACL"><Sid><![CDATA[S-1-5-21-13466480-1672416868-587939204-45512]]></Sid><SamAccountName/><Type><![CDATA[Unknown]]></Type><NetBIOSDomainName/><DnsDomainName/><UPN/></Group><Group><Sid/><SamAccountName><![CDATA[Network Configuration Operators]]></SamAccountName><Type><![CDATA[Unknown]]></Type><NetBIOSDomainName/><DnsDomainName/><UPN/></Group><Group><Sid><![CDATA[S-1-5-21-13466480-1672416868-587939204-14205]]></Sid><SamAccountName><![CDATA[Network Admins]]></SamAccountName><Type><![CDATA[GlobalGroup]]></Type><NetBIOSDomainName><![CDATA[AVPCLAN]]></NetBIOSDomainName><DnsDomainName><![CDATA[avpclan.aerovironment.com]]></DnsDomainName><UPN><![CDATA[Network Admins@avpclan.aerovironment.com]]></UPN></Group><Group bkp:Source="FromDACL"><Sid><![CDATA[S-1-5-21-13466480-1672416868-587939204-515]]></Sid><SamAccountName><![CDATA[Domain Computers]]></SamAccountName><Type><![CDATA[GlobalGroup]]></Type><NetBIOSDomainName><![CDATA[AVPCLAN]]></NetBIOSDomainName><DnsDomainName><![CDATA[avpclan.aerovironment.com]]></DnsDomainName><UPN><![CDATA[Domain Computers@avpclan.aerovironment.com]]></UPN></Group><Group><Sid><![CDATA[S-1-5-21-13466480-1672416868-587939204-11212]]></Sid><SamAccountName><![CDATA[Operators]]></SamAccountName><Type><![CDATA[GlobalGroup]]></Type><NetBIOSDomainName><![CDATA[AVPCLAN]]></NetBIOSDomainName><DnsDomainName><![CDATA[avpclan.aerovironment.com]]></DnsDomainName><UPN><![CDATA[Operators@avpclan.aerovironment.com]]></UPN></Group><Group><Sid><![CDATA[S-1-5-21-13466480-1672416868-587939204-512]]></Sid><SamAccountName><![CDATA[Domain Admins]]></SamAccountName><Type><![CDATA[GlobalGroup]]></Type><NetBIOSDomainName><![CDATA[AVPCLAN]]></NetBIOSDomainName><DnsDomainName><![CDATA[avpclan.aerovironment.com]]></DnsDomainName><UPN><![CDATA[Domain Admins@avpclan.aerovironment.com]]></UPN></Group><Group><Sid><![CDATA[S-1-5-21-13466480-1672416868-587939204-21388]]></Sid><SamAccountName><![CDATA[varonis]]></SamAccountName><Type><![CDATA[User]]></Type><NetBIOSDomainName><![CDATA[AVPCLAN]]></NetBIOSDomainName><DnsDomainName><![CDATA[avpclan.aerovironment.com]]></DnsDomainName><UPN><![CDATA[varonis@avinc.com]]></UPN></Group><Group><Sid><![CDATA[S-1-5-21-2859580668-4000431906-2707289314-17637]]></Sid><SamAccountName><![CDATA[Exchange Servers]]></SamAccountName><Type><![CDATA[UniversalGroup]]></Type><NetBIOSDomainName><![CDATA[AEROVIRONMENT]]></NetBIOSDomainName><DnsDomainName><![CDATA[aerovironment.com]]></DnsDomainName><UPN><![CDATA[Exchange Servers@aerovironment.com]]></UPN></Group><Group><Sid><![CDATA[S-1-5-21-2859580668-4000431906-2707289314-512]]></Sid><SamAccountName><![CDATA[Domain Admins]]></SamAccountName><Type><![CDATA[GlobalGroup]]></Type><NetBIOSDomainName><![CDATA[AEROVIRONMENT]]></NetBIOSDomainName><DnsDomainName><![CDATA[aerovironment.com]]></DnsDomainName><UPN><![CDATA[Domain Admins@aerovironment.com]]></UPN></Group><Group bkp:Source="FromDACL"><Sid><![CDATA[S-1-5-21-2859580668-4000431906-2707289314-519]]></Sid><SamAccountName><![CDATA[Enterprise Admins]]></SamAccountName><Type><![CDATA[UniversalGroup]]></Type><NetBIOSDomainName><![CDATA[AEROVIRONMENT]]></NetBIOSDomainName><DnsDomainName><![CDATA[aerovironment.com]]></DnsDomainName><UPN><![CDATA[Enterprise Admins@aerovironment.com]]></UPN></Group></SecurityGroups><FilePaths/><GroupPolicyCoreSettings><ID><![CDATA[{A966DBA7-A9C4-4B4E-B80B-4BB8566BB6CA}]]></ID><Domain><![CDATA[avpclan.aerovironment.com]]></Domain><SecurityDescriptor>01 00 04 9c 00 00 00 00 00 00 00 00 00 00 00 00 14 00 00 00 04 00 b4 01 0d 00 00 00 05 03 38 00 00 01 00 00 01 00 00 00 8f fd ac ed b3 ff d1 11 b4 1d 00 a0 c9 68 f9 39 01 05 00 00 00 00 00 05 15 00 00 00 70 7b cd 00 64 0e af 63 84 3d 0b 23 03 02 00 00 05 03 28 00 00 01 00 00 01 00 00 00 8f fd ac ed b3 ff d1 11 b4 1d 00 a0 c9 68 f9 39 01 01 00 00 00 00 00 05 0b 00 00 00 00 00 24 00 ff 00 0f 00 01 05 00 00 00 00 00 05 15 00 00 00 70 7b cd 00 64 0e af 63 84 3d 0b 23 00 02 00 00 00 00 24 00 ff 00 0f 00 01 05 00 00 00 00 00 05 15 00 00 00 70 7b cd 00 64 0e af 63 84 3d 0b 23 c8 b1 00 00 00 00 24 00 ff 00 0f 00 01 05 00 00 00 00 00 05 15 00 00 00 fc bc 71 aa 22 bf 71 ee e2 f4 5d a1 07 02 00 00 00 03 24 00 14 00 02 00 01 05 00 00 00 00 00 05 15 00 00 00 70 7b cd 00 64 0e af 63 84 3d 0b 23 03 02 00 00 00 0b 24 00 ff 00 1f 00 01 05 00 00 00 00 00 05 15 00 00 00 70 7b cd 00 64 0e af 63 84 3d 0b 23 00 02 00 00 00 0b 24 00 ff 00 1f 00 01 05 00 00 00 00 00 05 15 00 00 00 fc bc 71 aa 22 bf 71 ee e2 f4 5d a1 07 02 00 00 00 0b 24 00 ff 00 1f 01 01 05 00 00 00 00 00 05 15 00 00 00 70 7b cd 00 64 0e af 63 84 3d 0b 23 c8 b1 00 00 00 00 14 00 ff 00 0f 00 01 01 00 00 00 00 00 05 12 00 00 00 00 03 14 00 14 00 02 00 01 01 00 00 00 00 00 05 09 00 00 00 00 03 14 00 14 00 02 00 01 01 00 00 00 00 00 05 0b 00 00 00 00 0b 14 00 ff 00 1f 00 01 01 00 00 00 00 00 05 12 00 00 00</SecurityDescriptor><DisplayName><![CDATA[AVD-Computer-Default Domain Policy]]></DisplayName><Options><![CDATA[0]]></Options><UserVersionNumber><![CDATA[65537]]></UserVersionNumber><MachineVersionNumber><![CDATA[524296]]></MachineVersionNumber><MachineExtensionGuids><![CDATA[[{00000000-0000-0000-0000-000000000000}{CC5746A9-9B74-4BE5-AE2E-64379C86E0E4}][{29BBE2D5-DE47-4855-97D7-2745E166DC6D}{D02B1F72-3407-48AE-BA88-E8213C6761F1}][{35378EAC-683F-11D2-A89A-00C04FBBCFA2}{0F6B957D-509E-11D1-A7CC-0000F87571E3}{53D6AB1D-2488-11D1-A28C-00C04FB94F17}{B05566AC-FE9C-4368-BE01-7A4CBB6CBA11}{D02B1F72-3407-48AE-BA88-E8213C6761F1}][{42B5FAAE-6536-11D2-AE5A-0000F87571E3}{40B6664F-4972-11D1-A7CA-0000F87571E3}][{4CFB60C1-FAA6-47F1-89AA-0B18730C9FD3}{D02B1F72-3407-48AE-BA88-E8213C6761F1}][{7933F41E-56F8-41D6-A31C-4148A711EE93}{D02B1F72-3407-48AE-BA88-E8213C6761F1}][{827D319E-6EAC-11D2-A4EA-00C04F79F83A}{803E14A0-B4FB-11D0-A0D0-00A0C90F574B}][{8A28E2C5-8D06-49A4-A08C-632DAA493E17}{180F39F3-CF17-4C68-8410-94B71452A22D}{CC13E3F3-D6D7-4A7C-A806-085502AA8281}][{91FBB303-0CD5-4055-BF42-E512A681B325}{CC5746A9-9B74-4BE5-AE2E-64379C86E0E4}][{B1BE8D72-6EAC-11D2-A4EA-00C04F79F83A}{53D6AB1D-2488-11D1-A28C-00C04FB94F17}][{C6DC5466-785A-11D2-84D0-00C04FB169F7}{942A8E4F-A261-11D1-A760-00C04FB9603F}]]]></MachineExtensionGuids><UserExtensionGuids><![CDATA[[{00000000-0000-0000-0000-000000000000}{BEE07A6A-EC9F-4659-B8C9-0B1937907C83}][{35378EAC-683F-11D2-A89A-00C04FBBCFA2}{0F6B957E-509E-11D1-A7CC-0000F87571E3}{53D6AB1D-2488-11D1-A28C-00C04FB94F17}{D02B1F73-3407-48AE-BA88-E8213C6761F1}][{42B5FAAE-6536-11D2-AE5A-0000F87571E3}{40B66650-4972-11D1-A7CA-0000F87571E3}][{4CFB60C1-FAA6-47F1-89AA-0B18730C9FD3}{0F6B957E-509E-11D1-A7CC-0000F87571E3}][{A2E30F80-D7DE-11D2-BBDE-00C04F86AE3B}{FC715823-C5FB-11D1-9EEF-00A0C90347FF}][{B087BE9D-ED37-454F-AF9C-04291E351182}{BEE07A6A-EC9F-4659-B8C9-0B1937907C83}][{B1BE8D72-6EAC-11D2-A4EA-00C04F79F83A}{53D6AB1D-2488-11D1-A28C-00C04FB94F17}]]]></UserExtensionGuids><WMIFilter/></GroupPolicyCoreSettings> 
        <GroupPolicyExtension bkp:ID="{35378EAC-683F-11D2-A89A-00C04FBBCFA2}" bkp:DescName="Registry">
            <FSObjectFile bkp:Path="%GPO_MACH_FSPATH%\registry.pol" bkp:SourceExpandedPath="\\svdcav03.avpclan.aerovironment.com\sysvol\avpclan.aerovironment.com\Policies\{A966DBA7-A9C4-4B4E-B80B-4BB8566BB6CA}\Machine\registry.pol" bkp:Location="DomainSysvol\GPO\Machine\registry.pol"/>
            <FSObjectFile bkp:Path="%GPO_USER_FSPATH%\registry.pol" bkp:SourceExpandedPath="\\svdcav03.avpclan.aerovironment.com\sysvol\avpclan.aerovironment.com\Policies\{A966DBA7-A9C4-4B4E-B80B-4BB8566BB6CA}\User\registry.pol" bkp:Location="DomainSysvol\GPO\User\registry.pol"/>
            <FSObjectFile bkp:Path="%GPO_FSPATH%\Adm\*.*" bkp:SourceExpandedPath="\\svdcav03.avpclan.aerovironment.com\sysvol\avpclan.aerovironment.com\Policies\{A966DBA7-A9C4-4B4E-B80B-4BB8566BB6CA}\Adm\*.*"><FSObjectFile bkp:Path="%GPO_FSPATH%\Adm\wuau.adm" bkp:SourceExpandedPath="\\svdcav03.avpclan.aerovironment.com\sysvol\avpclan.aerovironment.com\Policies\{A966DBA7-A9C4-4B4E-B80B-4BB8566BB6CA}\Adm\wuau.adm" bkp:Location="DomainSysvol\GPO\Adm\wuau.adm"/><FSObjectFile bkp:Path="%GPO_FSPATH%\Adm\wmplayer.adm" bkp:SourceExpandedPath="\\svdcav03.avpclan.aerovironment.com\sysvol\avpclan.aerovironment.com\Policies\{A966DBA7-A9C4-4B4E-B80B-4BB8566BB6CA}\Adm\wmplayer.adm" bkp:Location="DomainSysvol\GPO\Adm\wmplayer.adm"/><FSObjectFile bkp:Path="%GPO_FSPATH%\Adm\windows.adm" bkp:SourceExpandedPath="\\svdcav03.avpclan.aerovironment.com\sysvol\avpclan.aerovironment.com\Policies\{A966DBA7-A9C4-4B4E-B80B-4BB8566BB6CA}\Adm\windows.adm" bkp:Location="DomainSysvol\GPO\Adm\windows.adm"/><FSObjectFile bkp:Path="%GPO_FSPATH%\Adm\system.adm" bkp:SourceExpandedPath="\\svdcav03.avpclan.aerovironment.com\sysvol\avpclan.aerovironment.com\Policies\{A966DBA7-A9C4-4B4E-B80B-4BB8566BB6CA}\Adm\system.adm" bkp:Location="DomainSysvol\GPO\Adm\system.adm"/><FSObjectFile bkp:Path="%GPO_FSPATH%\Adm\inetres.adm" bkp:SourceExpandedPath="\\svdcav03.avpclan.aerovironment.com\sysvol\avpclan.aerovironment.com\Policies\{A966DBA7-A9C4-4B4E-B80B-4BB8566BB6CA}\Adm\inetres.adm" bkp:Location="DomainSysvol\GPO\Adm\inetres.adm"/><FSObjectFile bkp:Path="%GPO_FSPATH%\Adm\conf.adm" bkp:SourceExpandedPath="\\svdcav03.avpclan.aerovironment.com\sysvol\avpclan.aerovironment.com\Policies\{A966DBA7-A9C4-4B4E-B80B-4BB8566BB6CA}\Adm\conf.adm" bkp:Location="DomainSysvol\GPO\Adm\conf.adm"/><FSObjectFile bkp:Path="%GPO_FSPATH%\Adm\admfiles.ini" bkp:SourceExpandedPath="\\svdcav03.avpclan.aerovironment.com\sysvol\avpclan.aerovironment.com\Policies\{A966DBA7-A9C4-4B4E-B80B-4BB8566BB6CA}\Adm\admfiles.ini" bkp:Location="DomainSysvol\GPO\Adm\admfiles.ini"/></FSObjectFile>
        </GroupPolicyExtension>
        
        
        <GroupPolicyExtension bkp:ID="{42B5FAAE-6536-11d2-AE5A-0000F87571E3}" bkp:DescName="Scripts">
            <FSObjectFile bkp:Path="%GPO_MACH_FSPATH%\Scripts\scripts.ini" bkp:SourceExpandedPath="\\svdcav03.avpclan.aerovironment.com\sysvol\avpclan.aerovironment.com\Policies\{A966DBA7-A9C4-4B4E-B80B-4BB8566BB6CA}\Machine\Scripts\scripts.ini" bkp:ReEvaluateFunction="ScriptsValidatePaths" bkp:Location="DomainSysvol\GPO\Machine\Scripts\scripts.ini"/>
	    
            <FSObjectDir bkp:Path="%GPO_MACH_FSPATH%\Scripts\Startup\*" bkp:SourceExpandedPath="\\svdcav03.avpclan.aerovironment.com\sysvol\avpclan.aerovironment.com\Policies\{A966DBA7-A9C4-4B4E-B80B-4BB8566BB6CA}\Machine\Scripts\Startup\*"><FSObjectDir bkp:Path="%GPO_MACH_FSPATH%\Scripts\Startup" bkp:SourceExpandedPath="\\svdcav03.avpclan.aerovironment.com\sysvol\avpclan.aerovironment.com\Policies\{A966DBA7-A9C4-4B4E-B80B-4BB8566BB6CA}\Machine\Scripts\Startup" bkp:Location="DomainSysvol\GPO\Machine\Scripts\Startup"/></FSObjectDir>
            <FSObjectFile bkp:Path="%GPO_MACH_FSPATH%\Scripts\Startup\*" bkp:SourceExpandedPath="\\svdcav03.avpclan.aerovironment.com\sysvol\avpclan.aerovironment.com\Policies\{A966DBA7-A9C4-4B4E-B80B-4BB8566BB6CA}\Machine\Scripts\Startup\*"><FSObjectFile bkp:Path="%GPO_MACH_FSPATH%\Scripts\Startup\rootca_AVRootCA.crt" bkp:SourceExpandedPath="\\svdcav03.avpclan.aerovironment.com\sysvol\avpclan.aerovironment.com\Policies\{A966DBA7-A9C4-4B4E-B80B-4BB8566BB6CA}\Machine\Scripts\Startup\rootca_AVRootCA.crt" bkp:Location="DomainSysvol\GPO\Machine\Scripts\Startup\rootca_AVRootCA.crt"/><FSObjectFile bkp:Path="%GPO_MACH_FSPATH%\Scripts\Startup\rootCA.cer" bkp:SourceExpandedPath="\\svdcav03.avpclan.aerovironment.com\sysvol\avpclan.aerovironment.com\Policies\{A966DBA7-A9C4-4B4E-B80B-4BB8566BB6CA}\Machine\Scripts\Startup\rootCA.cer" bkp:Location="DomainSysvol\GPO\Machine\Scripts\Startup\rootCA.cer"/><FSObjectFile bkp:Path="%GPO_MACH_FSPATH%\Scripts\Startup\Push2016Agent.cmd" bkp:SourceExpandedPath="\\svdcav03.avpclan.aerovironment.com\sysvol\avpclan.aerovironment.com\Policies\{A966DBA7-A9C4-4B4E-B80B-4BB8566BB6CA}\Machine\Scripts\Startup\Push2016Agent.cmd" bkp:Location="DomainSysvol\GPO\Machine\Scripts\Startup\Push2016Agent.cmd"/><FSObjectFile bkp:Path="%GPO_MACH_FSPATH%\Scripts\Startup\localgroup-add.cmd" bkp:SourceExpandedPath="\\svdcav03.avpclan.aerovironment.com\sysvol\avpclan.aerovironment.com\Policies\{A966DBA7-A9C4-4B4E-B80B-4BB8566BB6CA}\Machine\Scripts\Startup\localgroup-add.cmd" bkp:Location="DomainSysvol\GPO\Machine\Scripts\Startup\localgroup-add.cmd"/><FSObjectFile bkp:Path="%GPO_MACH_FSPATH%\Scripts\Startup\FixLD&amp;check.cmd" bkp:SourceExpandedPath="\\svdcav03.avpclan.aerovironment.com\sysvol\avpclan.aerovironment.com\Policies\{A966DBA7-A9C4-4B4E-B80B-4BB8566BB6CA}\Machine\Scripts\Startup\FixLD&amp;check.cmd" bkp:Location="DomainSysvol\GPO\Machine\Scripts\Startup\FixLD&amp;check.cmd"/><FSObjectFile bkp:Path="%GPO_MACH_FSPATH%\Scripts\Startup\CheckLDinstalled.cmd" bkp:SourceExpandedPath="\\svdcav03.avpclan.aerovironment.com\sysvol\avpclan.aerovironment.com\Policies\{A966DBA7-A9C4-4B4E-B80B-4BB8566BB6CA}\Machine\Scripts\Startup\CheckLDinstalled.cmd" bkp:Location="DomainSysvol\GPO\Machine\Scripts\Startup\CheckLDinstalled.cmd"/></FSObjectFile>
            <FSObjectDir bkp:Path="%GPO_MACH_FSPATH%\Scripts\Shutdown\*" bkp:SourceExpandedPath="\\svdcav03.avpclan.aerovironment.com\sysvol\avpclan.aerovironment.com\Policies\{A966DBA7-A9C4-4B4E-B80B-4BB8566BB6CA}\Machine\Scripts\Shutdown\*"><FSObjectDir bkp:Path="%GPO_MACH_FSPATH%\Scripts\Shutdown" bkp:SourceExpandedPath="\\svdcav03.avpclan.aerovironment.com\sysvol\avpclan.aerovironment.com\Policies\{A966DBA7-A9C4-4B4E-B80B-4BB8566BB6CA}\Machine\Scripts\Shutdown" bkp:Location="DomainSysvol\GPO\Machine\Scripts\Shutdown"/></FSObjectDir>
            <FSObjectFile bkp:Path="%GPO_MACH_FSPATH%\Scripts\Shutdown\*" bkp:SourceExpandedPath="\\svdcav03.avpclan.aerovironment.com\sysvol\avpclan.aerovironment.com\Policies\{A966DBA7-A9C4-4B4E-B80B-4BB8566BB6CA}\Machine\Scripts\Shutdown\*"/>
            <FSObjectFile bkp:Path="%GPO_USER_FSPATH%\Scripts\scripts.ini" bkp:SourceExpandedPath="\\svdcav03.avpclan.aerovironment.com\sysvol\avpclan.aerovironment.com\Policies\{A966DBA7-A9C4-4B4E-B80B-4BB8566BB6CA}\User\Scripts\scripts.ini" bkp:ReEvaluateFunction="ScriptsValidatePaths" bkp:Location="DomainSysvol\GPO\User\Scripts\scripts.ini"/>
	    
            <FSObjectDir bkp:Path="%GPO_USER_FSPATH%\Scripts\Logon\*" bkp:SourceExpandedPath="\\svdcav03.avpclan.aerovironment.com\sysvol\avpclan.aerovironment.com\Policies\{A966DBA7-A9C4-4B4E-B80B-4BB8566BB6CA}\User\Scripts\Logon\*"><FSObjectDir bkp:Path="%GPO_USER_FSPATH%\Scripts\Logon" bkp:SourceExpandedPath="\\svdcav03.avpclan.aerovironment.com\sysvol\avpclan.aerovironment.com\Policies\{A966DBA7-A9C4-4B4E-B80B-4BB8566BB6CA}\User\Scripts\Logon" bkp:Location="DomainSysvol\GPO\User\Scripts\Logon"/></FSObjectDir>
            <FSObjectFile bkp:Path="%GPO_USER_FSPATH%\Scripts\Logon\*" bkp:SourceExpandedPath="\\svdcav03.avpclan.aerovironment.com\sysvol\avpclan.aerovironment.com\Policies\{A966DBA7-A9C4-4B4E-B80B-4BB8566BB6CA}\User\Scripts\Logon\*"><FSObjectFile bkp:Path="%GPO_USER_FSPATH%\Scripts\Logon\retrospect.cmd" bkp:SourceExpandedPath="\\svdcav03.avpclan.aerovironment.com\sysvol\avpclan.aerovironment.com\Policies\{A966DBA7-A9C4-4B4E-B80B-4BB8566BB6CA}\User\Scripts\Logon\retrospect.cmd" bkp:Location="DomainSysvol\GPO\User\Scripts\Logon\retrospect.cmd"/><FSObjectFile bkp:Path="%GPO_USER_FSPATH%\Scripts\Logon\localgroup-add.cmd" bkp:SourceExpandedPath="\\svdcav03.avpclan.aerovironment.com\sysvol\avpclan.aerovironment.com\Policies\{A966DBA7-A9C4-4B4E-B80B-4BB8566BB6CA}\User\Scripts\Logon\localgroup-add.cmd" bkp:Location="DomainSysvol\GPO\User\Scripts\Logon\localgroup-add.cmd"/></FSObjectFile>
            <FSObjectDir bkp:Path="%GPO_USER_FSPATH%\Scripts\Logoff\*" bkp:SourceExpandedPath="\\svdcav03.avpclan.aerovironment.com\sysvol\avpclan.aerovironment.com\Policies\{A966DBA7-A9C4-4B4E-B80B-4BB8566BB6CA}\User\Scripts\Logoff\*"><FSObjectDir bkp:Path="%GPO_USER_FSPATH%\Scripts\Logoff" bkp:SourceExpandedPath="\\svdcav03.avpclan.aerovironment.com\sysvol\avpclan.aerovironment.com\Policies\{A966DBA7-A9C4-4B4E-B80B-4BB8566BB6CA}\User\Scripts\Logoff" bkp:Location="DomainSysvol\GPO\User\Scripts\Logoff"/></FSObjectDir>
            <FSObjectFile bkp:Path="%GPO_USER_FSPATH%\Scripts\Logoff\*" bkp:SourceExpandedPath="\\svdcav03.avpclan.aerovironment.com\sysvol\avpclan.aerovironment.com\Policies\{A966DBA7-A9C4-4B4E-B80B-4BB8566BB6CA}\User\Scripts\Logoff\*"/>
        </GroupPolicyExtension>
        <GroupPolicyExtension bkp:ID="{A2E30F80-D7DE-11d2-BBDE-00C04F86AE3B}" bkp:DescName="Internet Explorer Branding">
            <FSObjectDir bkp:Path="%GPO_USER_FSPATH%\microsoft\IEAK\*" bkp:SourceExpandedPath="\\svdcav03.avpclan.aerovironment.com\sysvol\avpclan.aerovironment.com\Policies\{A966DBA7-A9C4-4B4E-B80B-4BB8566BB6CA}\User\microsoft\IEAK\*"><FSObjectDir bkp:Path="%GPO_USER_FSPATH%\microsoft\IEAK" bkp:SourceExpandedPath="\\svdcav03.avpclan.aerovironment.com\sysvol\avpclan.aerovironment.com\Policies\{A966DBA7-A9C4-4B4E-B80B-4BB8566BB6CA}\User\microsoft\IEAK" bkp:Location="DomainSysvol\GPO\User\microsoft\IEAK"/><FSObjectDir bkp:Path="%GPO_USER_FSPATH%\microsoft\IEAK\LOCK" bkp:SourceExpandedPath="\\svdcav03.avpclan.aerovironment.com\sysvol\avpclan.aerovironment.com\Policies\{A966DBA7-A9C4-4B4E-B80B-4BB8566BB6CA}\User\microsoft\IEAK\LOCK" bkp:Location="DomainSysvol\GPO\User\microsoft\IEAK\LOCK"/><FSObjectDir bkp:Path="%GPO_USER_FSPATH%\microsoft\IEAK\BRANDING\ZONES" bkp:SourceExpandedPath="\\svdcav03.avpclan.aerovironment.com\sysvol\avpclan.aerovironment.com\Policies\{A966DBA7-A9C4-4B4E-B80B-4BB8566BB6CA}\User\microsoft\IEAK\BRANDING\ZONES" bkp:Location="DomainSysvol\GPO\User\microsoft\IEAK\BRANDING\ZONES"/><FSObjectDir bkp:Path="%GPO_USER_FSPATH%\microsoft\IEAK\BRANDING\RATINGS" bkp:SourceExpandedPath="\\svdcav03.avpclan.aerovironment.com\sysvol\avpclan.aerovironment.com\Policies\{A966DBA7-A9C4-4B4E-B80B-4BB8566BB6CA}\User\microsoft\IEAK\BRANDING\RATINGS" bkp:Location="DomainSysvol\GPO\User\microsoft\IEAK\BRANDING\RATINGS"/><FSObjectDir bkp:Path="%GPO_USER_FSPATH%\microsoft\IEAK\BRANDING\favs" bkp:SourceExpandedPath="\\svdcav03.avpclan.aerovironment.com\sysvol\avpclan.aerovironment.com\Policies\{A966DBA7-A9C4-4B4E-B80B-4BB8566BB6CA}\User\microsoft\IEAK\BRANDING\favs" bkp:Location="DomainSysvol\GPO\User\microsoft\IEAK\BRANDING\favs"/><FSObjectDir bkp:Path="%GPO_USER_FSPATH%\microsoft\IEAK\BRANDING" bkp:SourceExpandedPath="\\svdcav03.avpclan.aerovironment.com\sysvol\avpclan.aerovironment.com\Policies\{A966DBA7-A9C4-4B4E-B80B-4BB8566BB6CA}\User\microsoft\IEAK\BRANDING" bkp:Location="DomainSysvol\GPO\User\microsoft\IEAK\BRANDING"/></FSObjectDir>
            <FSObjectFile bkp:Path="%GPO_USER_FSPATH%\microsoft\IEAK\*.*" bkp:SourceExpandedPath="\\svdcav03.avpclan.aerovironment.com\sysvol\avpclan.aerovironment.com\Policies\{A966DBA7-A9C4-4B4E-B80B-4BB8566BB6CA}\User\microsoft\IEAK\*.*"><FSObjectFile bkp:Path="%GPO_USER_FSPATH%\microsoft\IEAK\install.ins" bkp:SourceExpandedPath="\\svdcav03.avpclan.aerovironment.com\sysvol\avpclan.aerovironment.com\Policies\{A966DBA7-A9C4-4B4E-B80B-4BB8566BB6CA}\User\microsoft\IEAK\install.ins" bkp:Location="DomainSysvol\GPO\User\microsoft\IEAK\install.ins"/><FSObjectFile bkp:Path="%GPO_USER_FSPATH%\microsoft\IEAK\BRANDING\ZONES\seczrsop.inf" bkp:SourceExpandedPath="\\svdcav03.avpclan.aerovironment.com\sysvol\avpclan.aerovironment.com\Policies\{A966DBA7-A9C4-4B4E-B80B-4BB8566BB6CA}\User\microsoft\IEAK\BRANDING\ZONES\seczrsop.inf" bkp:Location="DomainSysvol\GPO\User\microsoft\IEAK\BRANDING\ZONES\seczrsop.inf"/><FSObjectFile bkp:Path="%GPO_USER_FSPATH%\microsoft\IEAK\BRANDING\ZONES\seczones.inf" bkp:SourceExpandedPath="\\svdcav03.avpclan.aerovironment.com\sysvol\avpclan.aerovironment.com\Policies\{A966DBA7-A9C4-4B4E-B80B-4BB8566BB6CA}\User\microsoft\IEAK\BRANDING\ZONES\seczones.inf" bkp:Location="DomainSysvol\GPO\User\microsoft\IEAK\BRANDING\ZONES\seczones.inf"/></FSObjectFile>
        </GroupPolicyExtension>
        <GroupPolicyExtension bkp:ID="{827D319E-6EAC-11D2-A4EA-00C04F79F83A}" bkp:DescName="Security">
            <FSObjectFile bkp:Path="%GPO_MACH_FSPATH%\microsoft\windows nt\SecEdit\GptTmpl.inf" bkp:SourceExpandedPath="\\svdcav03.avpclan.aerovironment.com\sysvol\avpclan.aerovironment.com\Policies\{A966DBA7-A9C4-4B4E-B80B-4BB8566BB6CA}\Machine\microsoft\windows nt\SecEdit\GptTmpl.inf" bkp:ReEvaluateFunction="SecurityValidateSettings" bkp:Location="DomainSysvol\GPO\Machine\microsoft\windows nt\SecEdit\GptTmpl.inf"/>
        </GroupPolicyExtension>
        
        
        
        <GroupPolicyExtension bkp:ID="{c6dc5466-785a-11d2-84d0-00c04fb169f7}" bkp:DescName="Software Installation">
            
        <DSObject bkp:Path="cn=Class Store,%GPO_MACH_DSPATH%" bkp:ObjectClass="classStore" bkp:SourceExpandedPath="cn=Class Store,cn=Machine,cn={A966DBA7-A9C4-4B4E-B80B-4BB8566BB6CA},CN=Policies,CN=System,DC=avpclan,DC=aerovironment,DC=com">
                <DSObject bkp:Path="cn=Packages,cn=Class Store,%GPO_MACH_DSPATH%" bkp:ObjectClass="classStore" bkp:SourceExpandedPath="cn=Packages,cn=Class Store,cn=Machine,cn={A966DBA7-A9C4-4B4E-B80B-4BB8566BB6CA},CN=Policies,CN=System,DC=avpclan,DC=aerovironment,DC=com">
                    <DSObject bkp:Path="*,cn=Packages,cn=Class Store,%GPO_MACH_DSPATH%" bkp:ObjectClass="packageRegistration" bkp:SourceExpandedPath="*,cn=Packages,cn=Class Store,cn=Machine,cn={A966DBA7-A9C4-4B4E-B80B-4BB8566BB6CA},CN=Policies,CN=System,DC=avpclan,DC=aerovironment,DC=com" bkp:ReEvaluateFunction="SIProcessAllPackageObjects">
                        <SecurityDescriptor/>
                        <DSAttributeBinary bkp:DSAttrName="objectGUID"/>
                        <DSAttributeMultiString bkp:DSAttrName="cOMClassID"/>
                        <DSAttributeMultiString bkp:DSAttrName="cOMProgID"/>
                        <DSAttributeMultiString bkp:DSAttrName="fileExtPriority"/>
                        <DSAttributeMultiDWORD bkp:DSAttrName="localeID"/>
                        <DSAttributeMultiDWORD bkp:DSAttrName="machineArchitecture"/>
                        <DSAttributeDWORD bkp:DSAttrName="versionNumberHi"/>
                        <DSAttributeDWORD bkp:DSAttrName="versionNumberLo"/>
                        <DSAttributeDWORD bkp:DSAttrName="revision"/>
                        <DSAttributeDWORD bkp:DSAttrName="packageType"/>
                        <DSAttributeDWORD bkp:DSAttrName="packageFlags"/>
                        <DSAttributeString bkp:DSAttrName="packageName"/>
                        <DSAttributeString bkp:DSAttrName="msiScriptPath"/>
                        <DSAttributeString bkp:DSAttrName="msiScriptName"/>
                        <DSAttributeDWORD bkp:DSAttrName="msiScriptSize"/>
                        <DSAttributeMultiString bkp:DSAttrName="url"/>
                        <DSAttributeString bkp:DSAttrName="setupCommand"/>
                        <DSAttributeString bkp:DSAttrName="lastUpdateSequence"/>
                        <DSAttributeMultiString bkp:DSAttrName="msiFileList"/>
                        <DSAttributeMultiString bkp:DSAttrName="categories"/>
                        <DSAttributeMultiString bkp:DSAttrName="canUpgradeScript"/>
                        <DSAttributeDWORD bkp:DSAttrName="installUiLevel"/>
                        <DSAttributeBinary bkp:DSAttrName="msiScript"/>
                        <DSAttributeString bkp:DSAttrName="displayName"/>
                        <DSAttributeBinary bkp:DSAttrName="productCode"/>
                        <DSAttributeBinary bkp:DSAttrName="upgradeProductCode"/>
                        <DSAttributeString bkp:DSAttrName="Vendor"/>
                    </DSObject>
                </DSObject>
                <DSAttributeDWORD bkp:DSAttrName="appSchemaVersion"><DSValue><![CDATA[1740]]></DSValue></DSAttributeDWORD>
                <DSAttributeString bkp:DSAttrName="extensionName"><DSValue><![CDATA[AVD-Computer-Default Domain Policy]]></DSValue></DSAttributeString>
                <DSAttributeString bkp:DSAttrName="description"><DSValue><![CDATA[Application Store]]></DSValue></DSAttributeString>
                <DSAttributeExpandedString bkp:DSAttrName="displayName">
                    <DSValue>LDAP://%GPO_DSPATH%</DSValue>
                </DSAttributeExpandedString>
            </DSObject>
        </GroupPolicyExtension>
    <GroupPolicyExtension bkp:ID="{F15C46CD-82A0-4C2D-A210-5D0D3182A418}" bkp:DescName="Unknown Extension"><DSObject bkp:Path="CN=Microsoft,%GPO_MACH_DSPATH%" bkp:SourceExpandedPath="CN=Microsoft,CN=Machine,CN={A966DBA7-A9C4-4B4E-B80B-4BB8566BB6CA},CN=Policies,CN=System,DC=avpclan,DC=aerovironment,DC=com" bkp:ObjectClass="container"><DSAttributeMultiString bkp:DSAttrName="showInAdvancedViewOnly"><DSValue><![CDATA[TRUE]]></DSValue></DSAttributeMultiString></DSObject><DSObject bkp:Path="CN=Windows,CN=Microsoft,%GPO_MACH_DSPATH%" bkp:SourceExpandedPath="CN=Windows,CN=Microsoft,CN=Machine,CN={A966DBA7-A9C4-4B4E-B80B-4BB8566BB6CA},CN=Policies,CN=System,DC=avpclan,DC=aerovironment,DC=com" bkp:ObjectClass="container"><DSAttributeMultiString bkp:DSAttrName="showInAdvancedViewOnly"><DSValue><![CDATA[TRUE]]></DSValue></DSAttributeMultiString></DSObject><DSObject bkp:Path="CN=Wireless,CN=Windows,CN=Microsoft,%GPO_MACH_DSPATH%" bkp:SourceExpandedPath="CN=Wireless,CN=Windows,CN=Microsoft,CN=Machine,CN={A966DBA7-A9C4-4B4E-B80B-4BB8566BB6CA},CN=Policies,CN=System,DC=avpclan,DC=aerovironment,DC=com" bkp:ObjectClass="container"><DSAttributeMultiString bkp:DSAttrName="showInAdvancedViewOnly"><DSValue><![CDATA[TRUE]]></DSValue></DSAttributeMultiString></DSObject><DSObject bkp:Path="CN=IEEE8023,CN=Windows,CN=Microsoft,%GPO_MACH_DSPATH%" bkp:SourceExpandedPath="CN=IEEE8023,CN=Windows,CN=Microsoft,CN=Machine,CN={A966DBA7-A9C4-4B4E-B80B-4BB8566BB6CA},CN=Policies,CN=System,DC=avpclan,DC=aerovironment,DC=com" bkp:ObjectClass="container"><DSAttributeMultiString bkp:DSAttrName="showInAdvancedViewOnly"><DSValue><![CDATA[TRUE]]></DSValue></DSAttributeMultiString></DSObject><DSObject bkp:Path="CN=PushedPrinterConnections,%GPO_MACH_DSPATH%" bkp:SourceExpandedPath="CN=PushedPrinterConnections,CN=Machine,CN={A966DBA7-A9C4-4B4E-B80B-4BB8566BB6CA},CN=Policies,CN=System,DC=avpclan,DC=aerovironment,DC=com" bkp:ObjectClass="container"><DSAttributeMultiString bkp:DSAttrName="showInAdvancedViewOnly"><DSValue><![CDATA[TRUE]]></DSValue></DSAttributeMultiString></DSObject><FSObjectDir bkp:Path="%GPO_FSPATH%\Adm" bkp:SourceExpandedPath="\\svdcav03.avpclan.aerovironment.com\sysvol\avpclan.aerovironment.com\Policies\{A966DBA7-A9C4-4B4E-B80B-4BB8566BB6CA}\Adm" bkp:Location="DomainSysvol\GPO\Adm"/><FSObjectDir bkp:Path="%GPO_MACH_FSPATH%\Applications" bkp:SourceExpandedPath="\\svdcav03.avpclan.aerovironment.com\sysvol\avpclan.aerovironment.com\Policies\{A966DBA7-A9C4-4B4E-B80B-4BB8566BB6CA}\Machine\Applications" bkp:Location="DomainSysvol\GPO\Machine\Applications"/><FSObjectDir bkp:Path="%GPO_MACH_FSPATH%\Avecto" bkp:SourceExpandedPath="\\svdcav03.avpclan.aerovironment.com\sysvol\avpclan.aerovironment.com\Policies\{A966DBA7-A9C4-4B4E-B80B-4BB8566BB6CA}\Machine\Avecto" bkp:Location="DomainSysvol\GPO\Machine\Avecto"/><FSObjectDir bkp:Path="%GPO_MACH_FSPATH%\Avecto\Privilege Guard" bkp:SourceExpandedPath="\\svdcav03.avpclan.aerovironment.com\sysvol\avpclan.aerovironment.com\Policies\{A966DBA7-A9C4-4B4E-B80B-4BB8566BB6CA}\Machine\Avecto\Privilege Guard" bkp:Location="DomainSysvol\GPO\Machine\Avecto\Privilege Guard"/><FSObjectFile bkp:Path="%GPO_MACH_FSPATH%\comment.cmtx" bkp:SourceExpandedPath="\\svdcav03.avpclan.aerovironment.com\sysvol\avpclan.aerovironment.com\Policies\{A966DBA7-A9C4-4B4E-B80B-4BB8566BB6CA}\Machine\comment.cmtx" bkp:Location="DomainSysvol\GPO\Machine\comment.cmtx"/><FSObjectDir bkp:Path="%GPO_MACH_FSPATH%\microsoft" bkp:SourceExpandedPath="\\svdcav03.avpclan.aerovironment.com\sysvol\avpclan.aerovironment.com\Policies\{A966DBA7-A9C4-4B4E-B80B-4BB8566BB6CA}\Machine\microsoft" bkp:Location="DomainSysvol\GPO\Machine\microsoft"/><FSObjectDir bkp:Path="%GPO_MACH_FSPATH%\microsoft\windows nt" bkp:SourceExpandedPath="\\svdcav03.avpclan.aerovironment.com\sysvol\avpclan.aerovironment.com\Policies\{A966DBA7-A9C4-4B4E-B80B-4BB8566BB6CA}\Machine\microsoft\windows nt" bkp:Location="DomainSysvol\GPO\Machine\microsoft\windows nt"/><FSObjectDir bkp:Path="%GPO_MACH_FSPATH%\microsoft\windows nt\SecEdit" bkp:SourceExpandedPath="\\svdcav03.avpclan.aerovironment.com\sysvol\avpclan.aerovironment.com\Policies\{A966DBA7-A9C4-4B4E-B80B-4BB8566BB6CA}\Machine\microsoft\windows nt\SecEdit" bkp:Location="DomainSysvol\GPO\Machine\microsoft\windows nt\SecEdit"/><FSObjectDir bkp:Path="%GPO_MACH_FSPATH%\Preferences" bkp:SourceExpandedPath="\\svdcav03.avpclan.aerovironment.com\sysvol\avpclan.aerovironment.com\Policies\{A966DBA7-A9C4-4B4E-B80B-4BB8566BB6CA}\Machine\Preferences" bkp:Location="DomainSysvol\GPO\Machine\Preferences"/><FSObjectDir bkp:Path="%GPO_MACH_FSPATH%\Preferences\Services" bkp:SourceExpandedPath="\\svdcav03.avpclan.aerovironment.com\sysvol\avpclan.aerovironment.com\Policies\{A966DBA7-A9C4-4B4E-B80B-4BB8566BB6CA}\Machine\Preferences\Services" bkp:Location="DomainSysvol\GPO\Machine\Preferences\Services"/><FSObjectFile bkp:Path="%GPO_MACH_FSPATH%\Preferences\Services\Services.xml" bkp:SourceExpandedPath="\\svdcav03.avpclan.aerovironment.com\sysvol\avpclan.aerovironment.com\Policies\{A966DBA7-A9C4-4B4E-B80B-4BB8566BB6CA}\Machine\Preferences\Services\Services.xml" bkp:Location="DomainSysvol\GPO\Machine\Preferences\Services\Services.xml"/><FSObjectDir bkp:Path="%GPO_MACH_FSPATH%\Scripts" bkp:SourceExpandedPath="\\svdcav03.avpclan.aerovironment.com\sysvol\avpclan.aerovironment.com\Policies\{A966DBA7-A9C4-4B4E-B80B-4BB8566BB6CA}\Machine\Scripts" bkp:Location="DomainSysvol\GPO\Machine\Scripts"/><FSObjectDir bkp:Path="%GPO_USER_FSPATH%\Applications" bkp:SourceExpandedPath="\\svdcav03.avpclan.aerovironment.com\sysvol\avpclan.aerovironment.com\Policies\{A966DBA7-A9C4-4B4E-B80B-4BB8566BB6CA}\User\Applications" bkp:Location="DomainSysvol\GPO\User\Applications"/><FSObjectFile bkp:Path="%GPO_USER_FSPATH%\comment.cmtx" bkp:SourceExpandedPath="\\svdcav03.avpclan.aerovironment.com\sysvol\avpclan.aerovironment.com\Policies\{A966DBA7-A9C4-4B4E-B80B-4BB8566BB6CA}\User\comment.cmtx" bkp:Location="DomainSysvol\GPO\User\comment.cmtx"/><FSObjectDir bkp:Path="%GPO_USER_FSPATH%\Documents &amp; Settings" bkp:SourceExpandedPath="\\svdcav03.avpclan.aerovironment.com\sysvol\avpclan.aerovironment.com\Policies\{A966DBA7-A9C4-4B4E-B80B-4BB8566BB6CA}\User\Documents &amp; Settings" bkp:Location="DomainSysvol\GPO\User\Documents &amp; Settings"/><FSObjectFile bkp:Path="%GPO_USER_FSPATH%\Documents &amp; Settings\fdeploy.ini" bkp:SourceExpandedPath="\\svdcav03.avpclan.aerovironment.com\sysvol\avpclan.aerovironment.com\Policies\{A966DBA7-A9C4-4B4E-B80B-4BB8566BB6CA}\User\Documents &amp; Settings\fdeploy.ini" bkp:Location="DomainSysvol\GPO\User\Documents &amp; Settings\fdeploy.ini"/><FSObjectDir bkp:Path="%GPO_USER_FSPATH%\microsoft" bkp:SourceExpandedPath="\\svdcav03.avpclan.aerovironment.com\sysvol\avpclan.aerovironment.com\Policies\{A966DBA7-A9C4-4B4E-B80B-4BB8566BB6CA}\User\microsoft" bkp:Location="DomainSysvol\GPO\User\microsoft"/><FSObjectDir bkp:Path="%GPO_USER_FSPATH%\Preferences" bkp:SourceExpandedPath="\\svdcav03.avpclan.aerovironment.com\sysvol\avpclan.aerovironment.com\Policies\{A966DBA7-A9C4-4B4E-B80B-4BB8566BB6CA}\User\Preferences" bkp:Location="DomainSysvol\GPO\User\Preferences"/><FSObjectDir bkp:Path="%GPO_USER_FSPATH%\Preferences\Registry" bkp:SourceExpandedPath="\\svdcav03.avpclan.aerovironment.com\sysvol\avpclan.aerovironment.com\Policies\{A966DBA7-A9C4-4B4E-B80B-4BB8566BB6CA}\User\Preferences\Registry" bkp:Location="DomainSysvol\GPO\User\Preferences\Registry"/><FSObjectFile bkp:Path="%GPO_USER_FSPATH%\Preferences\Registry\Registry.xml" bkp:SourceExpandedPath="\\svdcav03.avpclan.aerovironment.com\sysvol\avpclan.aerovironment.com\Policies\{A966DBA7-A9C4-4B4E-B80B-4BB8566BB6CA}\User\Preferences\Registry\Registry.xml" bkp:Location="DomainSysvol\GPO\User\Preferences\Registry\Registry.xml"/><FSObjectDir bkp:Path="%GPO_USER_FSPATH%\Scripts" bkp:SourceExpandedPath="\\svdcav03.avpclan.aerovironment.com\sysvol\avpclan.aerovironment.com\Policies\{A966DBA7-A9C4-4B4E-B80B-4BB8566BB6CA}\User\Scripts" bkp:Location="DomainSysvol\GPO\User\Scripts"/></GroupPolicyExtension></GroupPolicyObject>
</GroupPolicyBackupScheme>