<BackupInst xmlns="http://www.microsoft.com/GroupPolicy/GPOOperations/Manifest"><GPOGuid><![CDATA[{5E541499-F3F5-4DDD-BC06-12031E824E7E}]]></GPOGuid><GPODomain><![CDATA[avpclan.aerovironment.com]]></GPODomain><GPODomainGuid><![CDATA[{dbc85ce9-d0d7-40be-8cda-0fe397874442}]]></GPODomainGuid><GPODomainController><![CDATA[svdcav03.avpclan.aerovironment.com]]></GPODomainController><BackupTime><![CDATA[2025-01-15T23:19:58]]></BackupTime><ID><![CDATA[{14F5111D-6DC4-4C16-997F-3BBA7AFD3E61}]]></ID><Comment><![CDATA[2025-01-15 Jesse Wyatt]]></Comment><GPODisplayName><![CDATA[AV-Security-Workstation Win10 Bitlocker]]></GPODisplayName></BackupInst>
