<BackupInst xmlns="http://www.microsoft.com/GroupPolicy/GPOOperations/Manifest"><GPOGuid><![CDATA[{4893F0FD-01A3-42DD-B10C-B01B8516D5F7}]]></GPOGuid><GPODomain><![CDATA[avpclan.aerovironment.com]]></GPODomain><GPODomainGuid><![CDATA[{dbc85ce9-d0d7-40be-8cda-0fe397874442}]]></GPODomainGuid><GPODomainController><![CDATA[svdcav03.avpclan.aerovironment.com]]></GPODomainController><BackupTime><![CDATA[2025-01-15T23:14:33]]></BackupTime><ID><![CDATA[{2805F0BB-3DAB-41AE-9DCC-7BAC7088012C}]]></ID><Comment><![CDATA[2025-01-15 Jesse Wyatt]]></Comment><GPODisplayName><![CDATA[AV-Computer-Config RDP Session Limit - 1 hrs]]></GPODisplayName></BackupInst>
