<?xml version="1.0" encoding="utf-8"?>
<RegistrySettings clsid="{A3CCFC41-DFDB-43a5-8D26-0FE8B954DA51}"><Registry clsid="{9CD4B2F4-923D-47f5-A062-E897DD1DAD50}" name="restrictanonymous" status="restrictanonymous" image="12" changed="2023-11-09 23:36:51" uid="{805D712B-700F-453E-ACBE-1B6008ED8834}"><Properties action="U" displayDecimal="0" default="0" hive="HKEY_LOCAL_MACHINE" key="SYSTEM\CurrentControlSet\Control\Lsa" name="restrictanonymous" type="REG_DWORD" value="00000001"/></Registry>
	<Registry clsid="{9CD4B2F4-923D-47f5-A062-E897DD1DAD50}" name="everyoneincludesanonymous" status="everyoneincludesanonymous" image="12" changed="2023-11-09 23:37:31" uid="{A4149172-CC6B-4FF5-B54B-526A52914EE5}"><Properties action="U" displayDecimal="0" default="0" hive="HKEY_LOCAL_MACHINE" key="SYSTEM\CurrentControlSet\Control\Lsa" name="everyoneincludesanonymous" type="REG_DWORD" value="00000000"/></Registry>
	<Registry clsid="{9CD4B2F4-923D-47f5-A062-E897DD1DAD50}" name="restrictanonymoussam" status="restrictanonymoussam" image="12" changed="2023-11-09 23:38:26" uid="{8A95FF35-837B-4780-8A5D-56CA159CA212}"><Properties action="U" displayDecimal="0" default="0" hive="HKEY_LOCAL_MACHINE" key="SYSTEM\CurrentControlSet\Control\Lsa" name="restrictanonymoussam" type="REG_DWORD" value="00000001"/></Registry>
</RegistrySettings>
