<?xml version="1.0" encoding="utf-8"?>
<ScheduledTasks clsid="{CC63F200-7309-4ba0-B154-A71CD118DBCC}"><TaskV2 clsid="{D8896631-B747-47a7-84A6-C155337F3BC8}" name="Map Automus Drives" image="1" changed="2024-10-23 22:18:55" uid="{2CB49C83-20E9-4094-BAF1-6FBAAA6E489E}" userContext="1" removePolicy="0"><Properties action="R" name="Map P Drive" runAs="%LogonDomain%\%LogonUser%" logonType="InteractiveToken"><Task version="1.2"><RegistrationInfo><Author>AVPCLAN\adminedwards</Author><Description></Description></RegistrationInfo><Principals><Principal id="Author"><UserId>%LogonDomain%\%LogonUser%</UserId><LogonType>InteractiveToken</LogonType><RunLevel>LeastPrivilege</RunLevel></Principal></Principals><Settings><IdleSettings><Duration>PT5M</Duration><WaitTimeout>PT1H</WaitTimeout><StopOnIdleEnd>false</StopOnIdleEnd><RestartOnIdle>false</RestartOnIdle></IdleSettings><MultipleInstancesPolicy>IgnoreNew</MultipleInstancesPolicy><DisallowStartIfOnBatteries>false</DisallowStartIfOnBatteries><StopIfGoingOnBatteries>false</StopIfGoingOnBatteries><AllowHardTerminate>true</AllowHardTerminate><AllowStartOnDemand>true</AllowStartOnDemand><Enabled>true</Enabled><Hidden>false</Hidden><ExecutionTimeLimit>P3D</ExecutionTimeLimit><Priority>7</Priority><RestartOnFailure><Interval>PT5M</Interval><Count>2</Count></RestartOnFailure></Settings><Triggers><LogonTrigger><Enabled>true</Enabled><Delay>PT1M</Delay><Repetition><Interval>PT1H</Interval><Duration>P1D</Duration><StopAtDurationEnd>false</StopAtDurationEnd></Repetition><StartBoundary>2024-10-23T14:51:55</StartBoundary></LogonTrigger></Triggers><Actions Context="Author"><Exec><Command>powershell.exe</Command><Arguments>-ExecutionPolicy Bypass -File "\\avpclan.aerovironment.com\NETLOGON\avddrivemap_P.ps1"</Arguments></Exec><Exec><Command>powershell.exe</Command><Arguments>-ExecutionPolicy Bypass -File "\\avpclan.aerovironment.com\NETLOGON\avddrivemap_S.ps1"</Arguments></Exec>
				</Actions></Task></Properties></TaskV2>
</ScheduledTasks>
