<?xml version="1.0" encoding="utf-8"?>
<RegistrySettings clsid="{A3CCFC41-DFDB-43a5-8D26-0FE8B954DA51}"><Registry clsid="{9CD4B2F4-923D-47f5-A062-E897DD1DAD50}" name="compatmode" status="compatmode" image="12" changed="2024-06-13 17:23:14" uid="{CCEF7022-CCCF-4609-9C99-5F3617E337CF}"><Properties action="U" displayDecimal="0" default="0" hive="HKEY_CURRENT_USER" key="Software\Microsoft\Office\16.0\Word\Options" name="compatmode" type="REG_DWORD" value="00000000"/></Registry>
	<Registry clsid="{9CD4B2F4-923D-47f5-A062-E897DD1DAD50}" name="DisableCachingOfSSLPages" status="DisableCachingOfSSLPages" image="13" changed="2024-06-14 12:43:03" uid="{81D69C38-6879-4875-8AD5-E3180F54A81C}"><Properties action="D" displayDecimal="1" default="0" hive="HKEY_CURRENT_USER" key="Software\Policies\Microsoft\Windows\CurrentVersion\Internet Settings" name="DisableCachingOfSSLPages" type="REG_DWORD" value="00000000"/></Registry>
	<Registry clsid="{9CD4B2F4-923D-47f5-A062-E897DD1DAD50}" name="DisableCachingOfSSLPages" status="DisableCachingOfSSLPages" image="13" changed="2024-06-14 13:55:59" uid="{7BAB120E-AACD-4AAB-B842-4914588C0DD8}" bypassErrors="1"><Properties action="D" displayDecimal="1" default="0" hive="HKEY_CURRENT_USER" key="SOFTWARE\Microsoft\Windows\CurrentVersion\Internet Settings" name="DisableCachingOfSSLPages" type="REG_DWORD" value="00000000"/></Registry>
	<Registry clsid="{9CD4B2F4-923D-47f5-A062-E897DD1DAD50}" name="SignInOptions" status="SignInOptions" image="8" changed="2024-06-13 21:24:26" uid="{17FFB2AA-F30B-4AE0-B210-5AC4B3163BE3}" bypassErrors="1"><Properties action="D" displayDecimal="1" default="0" hive="HKEY_CURRENT_USER" key="SOFTWARE\Microsoft\Office\16.0\Common\SignIn" name="SignInOptions" type="REG_SZ" value=""/></Registry>
</RegistrySettings>
