<?xml version="1.0" encoding="utf-8"?><!-- Copyright (c) Microsoft Corporation.  All rights reserved. --><GroupPolicyBackupScheme bkp:version="2.0" bkp:type="GroupPolicyBackupTemplate" xmlns:bkp="http://www.microsoft.com/GroupPolicy/GPOOperations" xmlns="http://www.microsoft.com/GroupPolicy/GPOOperations">
    <GroupPolicyObject><SecurityGroups><Group bkp:Source="FromDACL"><Sid><![CDATA[S-1-5-21-13466480-1672416868-587939204-45512]]></Sid><SamAccountName/><Type><![CDATA[Unknown]]></Type><NetBIOSDomainName/><DnsDomainName/><UPN/></Group><Group><Sid/><SamAccountName><![CDATA[Domain Admins]]></SamAccountName><Type><![CDATA[Unknown]]></Type><NetBIOSDomainName/><DnsDomainName/><UPN/></Group><Group><Sid/><SamAccountName><![CDATA[network admins]]></SamAccountName><Type><![CDATA[Unknown]]></Type><NetBIOSDomainName/><DnsDomainName/><UPN/></Group><Group><Sid/><SamAccountName><![CDATA[operators]]></SamAccountName><Type><![CDATA[Unknown]]></Type><NetBIOSDomainName/><DnsDomainName/><UPN/></Group><Group bkp:Source="FromDACL"><Sid><![CDATA[S-1-5-21-13466480-1672416868-587939204-512]]></Sid><SamAccountName><![CDATA[Domain Admins]]></SamAccountName><Type><![CDATA[GlobalGroup]]></Type><NetBIOSDomainName><![CDATA[AVPCLAN]]></NetBIOSDomainName><DnsDomainName><![CDATA[avpclan.aerovironment.com]]></DnsDomainName><UPN><![CDATA[Domain Admins@avpclan.aerovironment.com]]></UPN></Group><Group><Sid><![CDATA[S-1-5-21-2859580668-4000431906-2707289314-512]]></Sid><SamAccountName><![CDATA[Domain Admins]]></SamAccountName><Type><![CDATA[GlobalGroup]]></Type><NetBIOSDomainName><![CDATA[AEROVIRONMENT]]></NetBIOSDomainName><DnsDomainName><![CDATA[aerovironment.com]]></DnsDomainName><UPN><![CDATA[Domain Admins@aerovironment.com]]></UPN></Group><Group bkp:Source="FromDACL"><Sid><![CDATA[S-1-5-21-2859580668-4000431906-2707289314-519]]></Sid><SamAccountName><![CDATA[Enterprise Admins]]></SamAccountName><Type><![CDATA[UniversalGroup]]></Type><NetBIOSDomainName><![CDATA[AEROVIRONMENT]]></NetBIOSDomainName><DnsDomainName><![CDATA[aerovironment.com]]></DnsDomainName><UPN><![CDATA[Enterprise Admins@aerovironment.com]]></UPN></Group></SecurityGroups><FilePaths/><GroupPolicyCoreSettings><ID><![CDATA[{31B2F340-016D-11D2-945F-00C04FB984F9}]]></ID><Domain><![CDATA[avpclan.aerovironment.com]]></Domain><SecurityDescriptor>01 00 04 9c 00 00 00 00 00 00 00 00 00 00 00 00 14 00 00 00 04 00 58 01 0b 00 00 00 05 03 28 00 00 01 00 00 01 00 00 00 8f fd ac ed b3 ff d1 11 b4 1d 00 a0 c9 68 f9 39 01 01 00 00 00 00 00 05 0b 00 00 00 00 00 24 00 ff 00 0f 00 01 05 00 00 00 00 00 05 15 00 00 00 70 7b cd 00 64 0e af 63 84 3d 0b 23 00 02 00 00 00 00 24 00 ff 00 0f 00 01 05 00 00 00 00 00 05 15 00 00 00 70 7b cd 00 64 0e af 63 84 3d 0b 23 c8 b1 00 00 00 00 24 00 ff 00 0f 00 01 05 00 00 00 00 00 05 15 00 00 00 fc bc 71 aa 22 bf 71 ee e2 f4 5d a1 07 02 00 00 00 0b 24 00 ff 00 1f 00 01 05 00 00 00 00 00 05 15 00 00 00 70 7b cd 00 64 0e af 63 84 3d 0b 23 00 02 00 00 00 0b 24 00 ff 00 1f 00 01 05 00 00 00 00 00 05 15 00 00 00 fc bc 71 aa 22 bf 71 ee e2 f4 5d a1 07 02 00 00 00 0b 24 00 ff 00 1f 01 01 05 00 00 00 00 00 05 15 00 00 00 70 7b cd 00 64 0e af 63 84 3d 0b 23 c8 b1 00 00 00 00 14 00 ff 00 0f 00 01 01 00 00 00 00 00 05 12 00 00 00 00 03 14 00 14 00 02 00 01 01 00 00 00 00 00 05 09 00 00 00 00 03 14 00 14 00 02 00 01 01 00 00 00 00 00 05 0b 00 00 00 00 0b 14 00 ff 00 1f 00 01 01 00 00 00 00 00 05 12 00 00 00</SecurityDescriptor><DisplayName><![CDATA[Default Domain Policy - OLD]]></DisplayName><Options><![CDATA[3]]></Options><UserVersionNumber><![CDATA[3866683]]></UserVersionNumber><MachineVersionNumber><![CDATA[26476948]]></MachineVersionNumber><MachineExtensionGuids><![CDATA[[{0ACDD40C-75AC-47AB-BAA0-BF6DE7E7FE63}{2DA6AA7F-8C88-4194-A558-0D36E7FD3E64}][{35378EAC-683F-11D2-A89A-00C04FBBCFA2}{0F6B957D-509E-11D1-A7CC-0000F87571E3}{53D6AB1D-2488-11D1-A28C-00C04FB94F17}][{42B5FAAE-6536-11D2-AE5A-0000F87571E3}{40B6664F-4972-11D1-A7CA-0000F87571E3}][{827D319E-6EAC-11D2-A4EA-00C04F79F83A}{803E14A0-B4FB-11D0-A0D0-00A0C90F574B}][{B1BE8D72-6EAC-11D2-A4EA-00C04F79F83A}{53D6AB1D-2488-11D1-A28C-00C04FB94F17}][{C6DC5466-785A-11D2-84D0-00C04FB169F7}{942A8E4F-A261-11D1-A760-00C04FB9603F}]]]></MachineExtensionGuids><UserExtensionGuids><![CDATA[[{35378EAC-683F-11D2-A89A-00C04FBBCFA2}{0F6B957E-509E-11D1-A7CC-0000F87571E3}{53D6AB1D-2488-11D1-A28C-00C04FB94F17}][{A2E30F80-D7DE-11D2-BBDE-00C04F86AE3B}{FC715823-C5FB-11D1-9EEF-00A0C90347FF}][{B1BE8D72-6EAC-11D2-A4EA-00C04F79F83A}{53D6AB1D-2488-11D1-A28C-00C04FB94F17}]]]></UserExtensionGuids><WMIFilter/></GroupPolicyCoreSettings> 
        <GroupPolicyExtension bkp:ID="{35378EAC-683F-11D2-A89A-00C04FBBCFA2}" bkp:DescName="Registry">
            <FSObjectFile bkp:Path="%GPO_MACH_FSPATH%\registry.pol" bkp:SourceExpandedPath="\\svdcav03.avpclan.aerovironment.com\sysvol\avpclan.aerovironment.com\Policies\{31B2F340-016D-11D2-945F-00C04FB984F9}\Machine\registry.pol" bkp:Location="DomainSysvol\GPO\Machine\registry.pol"/>
            <FSObjectFile bkp:Path="%GPO_USER_FSPATH%\registry.pol" bkp:SourceExpandedPath="\\svdcav03.avpclan.aerovironment.com\sysvol\avpclan.aerovironment.com\Policies\{31B2F340-016D-11D2-945F-00C04FB984F9}\User\registry.pol" bkp:Location="DomainSysvol\GPO\User\registry.pol"/>
            <FSObjectFile bkp:Path="%GPO_FSPATH%\Adm\*.*" bkp:SourceExpandedPath="\\svdcav03.avpclan.aerovironment.com\sysvol\avpclan.aerovironment.com\Policies\{31B2F340-016D-11D2-945F-00C04FB984F9}\Adm\*.*"><FSObjectFile bkp:Path="%GPO_FSPATH%\Adm\wuau.adm" bkp:SourceExpandedPath="\\svdcav03.avpclan.aerovironment.com\sysvol\avpclan.aerovironment.com\Policies\{31B2F340-016D-11D2-945F-00C04FB984F9}\Adm\wuau.adm" bkp:Location="DomainSysvol\GPO\Adm\wuau.adm"/><FSObjectFile bkp:Path="%GPO_FSPATH%\Adm\wmplayer.adm" bkp:SourceExpandedPath="\\svdcav03.avpclan.aerovironment.com\sysvol\avpclan.aerovironment.com\Policies\{31B2F340-016D-11D2-945F-00C04FB984F9}\Adm\wmplayer.adm" bkp:Location="DomainSysvol\GPO\Adm\wmplayer.adm"/><FSObjectFile bkp:Path="%GPO_FSPATH%\Adm\system.adm" bkp:SourceExpandedPath="\\svdcav03.avpclan.aerovironment.com\sysvol\avpclan.aerovironment.com\Policies\{31B2F340-016D-11D2-945F-00C04FB984F9}\Adm\system.adm" bkp:Location="DomainSysvol\GPO\Adm\system.adm"/><FSObjectFile bkp:Path="%GPO_FSPATH%\Adm\inetres.adm" bkp:SourceExpandedPath="\\svdcav03.avpclan.aerovironment.com\sysvol\avpclan.aerovironment.com\Policies\{31B2F340-016D-11D2-945F-00C04FB984F9}\Adm\inetres.adm" bkp:Location="DomainSysvol\GPO\Adm\inetres.adm"/><FSObjectFile bkp:Path="%GPO_FSPATH%\Adm\conf.adm" bkp:SourceExpandedPath="\\svdcav03.avpclan.aerovironment.com\sysvol\avpclan.aerovironment.com\Policies\{31B2F340-016D-11D2-945F-00C04FB984F9}\Adm\conf.adm" bkp:Location="DomainSysvol\GPO\Adm\conf.adm"/><FSObjectFile bkp:Path="%GPO_FSPATH%\Adm\admfiles.ini" bkp:SourceExpandedPath="\\svdcav03.avpclan.aerovironment.com\sysvol\avpclan.aerovironment.com\Policies\{31B2F340-016D-11D2-945F-00C04FB984F9}\Adm\admfiles.ini" bkp:Location="DomainSysvol\GPO\Adm\admfiles.ini"/></FSObjectFile>
        </GroupPolicyExtension>
        
        
        <GroupPolicyExtension bkp:ID="{42B5FAAE-6536-11d2-AE5A-0000F87571E3}" bkp:DescName="Scripts">
            <FSObjectFile bkp:Path="%GPO_MACH_FSPATH%\Scripts\scripts.ini" bkp:SourceExpandedPath="\\svdcav03.avpclan.aerovironment.com\sysvol\avpclan.aerovironment.com\Policies\{31B2F340-016D-11D2-945F-00C04FB984F9}\Machine\Scripts\scripts.ini" bkp:ReEvaluateFunction="ScriptsValidatePaths" bkp:Location="DomainSysvol\GPO\Machine\Scripts\scripts.ini"/>
	    
            <FSObjectDir bkp:Path="%GPO_MACH_FSPATH%\Scripts\Startup\*" bkp:SourceExpandedPath="\\svdcav03.avpclan.aerovironment.com\sysvol\avpclan.aerovironment.com\Policies\{31B2F340-016D-11D2-945F-00C04FB984F9}\Machine\Scripts\Startup\*"><FSObjectDir bkp:Path="%GPO_MACH_FSPATH%\Scripts\Startup" bkp:SourceExpandedPath="\\svdcav03.avpclan.aerovironment.com\sysvol\avpclan.aerovironment.com\Policies\{31B2F340-016D-11D2-945F-00C04FB984F9}\Machine\Scripts\Startup" bkp:Location="DomainSysvol\GPO\Machine\Scripts\Startup"/></FSObjectDir>
            <FSObjectFile bkp:Path="%GPO_MACH_FSPATH%\Scripts\Startup\*" bkp:SourceExpandedPath="\\svdcav03.avpclan.aerovironment.com\sysvol\avpclan.aerovironment.com\Policies\{31B2F340-016D-11D2-945F-00C04FB984F9}\Machine\Scripts\Startup\*"><FSObjectFile bkp:Path="%GPO_MACH_FSPATH%\Scripts\Startup\rootca_AVRootCA.crt" bkp:SourceExpandedPath="\\svdcav03.avpclan.aerovironment.com\sysvol\avpclan.aerovironment.com\Policies\{31B2F340-016D-11D2-945F-00C04FB984F9}\Machine\Scripts\Startup\rootca_AVRootCA.crt" bkp:Location="DomainSysvol\GPO\Machine\Scripts\Startup\rootca_AVRootCA.crt"/><FSObjectFile bkp:Path="%GPO_MACH_FSPATH%\Scripts\Startup\rootCA.cer" bkp:SourceExpandedPath="\\svdcav03.avpclan.aerovironment.com\sysvol\avpclan.aerovironment.com\Policies\{31B2F340-016D-11D2-945F-00C04FB984F9}\Machine\Scripts\Startup\rootCA.cer" bkp:Location="DomainSysvol\GPO\Machine\Scripts\Startup\rootCA.cer"/><FSObjectFile bkp:Path="%GPO_MACH_FSPATH%\Scripts\Startup\localgroup-add.cmd" bkp:SourceExpandedPath="\\svdcav03.avpclan.aerovironment.com\sysvol\avpclan.aerovironment.com\Policies\{31B2F340-016D-11D2-945F-00C04FB984F9}\Machine\Scripts\Startup\localgroup-add.cmd" bkp:Location="DomainSysvol\GPO\Machine\Scripts\Startup\localgroup-add.cmd"/></FSObjectFile>
            <FSObjectDir bkp:Path="%GPO_MACH_FSPATH%\Scripts\Shutdown\*" bkp:SourceExpandedPath="\\svdcav03.avpclan.aerovironment.com\sysvol\avpclan.aerovironment.com\Policies\{31B2F340-016D-11D2-945F-00C04FB984F9}\Machine\Scripts\Shutdown\*"><FSObjectDir bkp:Path="%GPO_MACH_FSPATH%\Scripts\Shutdown" bkp:SourceExpandedPath="\\svdcav03.avpclan.aerovironment.com\sysvol\avpclan.aerovironment.com\Policies\{31B2F340-016D-11D2-945F-00C04FB984F9}\Machine\Scripts\Shutdown" bkp:Location="DomainSysvol\GPO\Machine\Scripts\Shutdown"/></FSObjectDir>
            <FSObjectFile bkp:Path="%GPO_MACH_FSPATH%\Scripts\Shutdown\*" bkp:SourceExpandedPath="\\svdcav03.avpclan.aerovironment.com\sysvol\avpclan.aerovironment.com\Policies\{31B2F340-016D-11D2-945F-00C04FB984F9}\Machine\Scripts\Shutdown\*"/>
            <FSObjectFile bkp:Path="%GPO_USER_FSPATH%\Scripts\scripts.ini" bkp:SourceExpandedPath="\\svdcav03.avpclan.aerovironment.com\sysvol\avpclan.aerovironment.com\Policies\{31B2F340-016D-11D2-945F-00C04FB984F9}\User\Scripts\scripts.ini" bkp:ReEvaluateFunction="ScriptsValidatePaths" bkp:Location="DomainSysvol\GPO\User\Scripts\scripts.ini"/>
	    
            <FSObjectDir bkp:Path="%GPO_USER_FSPATH%\Scripts\Logon\*" bkp:SourceExpandedPath="\\svdcav03.avpclan.aerovironment.com\sysvol\avpclan.aerovironment.com\Policies\{31B2F340-016D-11D2-945F-00C04FB984F9}\User\Scripts\Logon\*"><FSObjectDir bkp:Path="%GPO_USER_FSPATH%\Scripts\Logon" bkp:SourceExpandedPath="\\svdcav03.avpclan.aerovironment.com\sysvol\avpclan.aerovironment.com\Policies\{31B2F340-016D-11D2-945F-00C04FB984F9}\User\Scripts\Logon" bkp:Location="DomainSysvol\GPO\User\Scripts\Logon"/></FSObjectDir>
            <FSObjectFile bkp:Path="%GPO_USER_FSPATH%\Scripts\Logon\*" bkp:SourceExpandedPath="\\svdcav03.avpclan.aerovironment.com\sysvol\avpclan.aerovironment.com\Policies\{31B2F340-016D-11D2-945F-00C04FB984F9}\User\Scripts\Logon\*"/>
            <FSObjectDir bkp:Path="%GPO_USER_FSPATH%\Scripts\Logoff\*" bkp:SourceExpandedPath="\\svdcav03.avpclan.aerovironment.com\sysvol\avpclan.aerovironment.com\Policies\{31B2F340-016D-11D2-945F-00C04FB984F9}\User\Scripts\Logoff\*"><FSObjectDir bkp:Path="%GPO_USER_FSPATH%\Scripts\Logoff" bkp:SourceExpandedPath="\\svdcav03.avpclan.aerovironment.com\sysvol\avpclan.aerovironment.com\Policies\{31B2F340-016D-11D2-945F-00C04FB984F9}\User\Scripts\Logoff" bkp:Location="DomainSysvol\GPO\User\Scripts\Logoff"/></FSObjectDir>
            <FSObjectFile bkp:Path="%GPO_USER_FSPATH%\Scripts\Logoff\*" bkp:SourceExpandedPath="\\svdcav03.avpclan.aerovironment.com\sysvol\avpclan.aerovironment.com\Policies\{31B2F340-016D-11D2-945F-00C04FB984F9}\User\Scripts\Logoff\*"/>
        </GroupPolicyExtension>
        <GroupPolicyExtension bkp:ID="{A2E30F80-D7DE-11d2-BBDE-00C04F86AE3B}" bkp:DescName="Internet Explorer Branding">
            <FSObjectDir bkp:Path="%GPO_USER_FSPATH%\microsoft\IEAK\*" bkp:SourceExpandedPath="\\svdcav03.avpclan.aerovironment.com\sysvol\avpclan.aerovironment.com\Policies\{31B2F340-016D-11D2-945F-00C04FB984F9}\User\microsoft\IEAK\*"><FSObjectDir bkp:Path="%GPO_USER_FSPATH%\microsoft\IEAK" bkp:SourceExpandedPath="\\svdcav03.avpclan.aerovironment.com\sysvol\avpclan.aerovironment.com\Policies\{31B2F340-016D-11D2-945F-00C04FB984F9}\User\microsoft\IEAK" bkp:Location="DomainSysvol\GPO\User\microsoft\IEAK"/><FSObjectDir bkp:Path="%GPO_USER_FSPATH%\microsoft\IEAK\LOCK" bkp:SourceExpandedPath="\\svdcav03.avpclan.aerovironment.com\sysvol\avpclan.aerovironment.com\Policies\{31B2F340-016D-11D2-945F-00C04FB984F9}\User\microsoft\IEAK\LOCK" bkp:Location="DomainSysvol\GPO\User\microsoft\IEAK\LOCK"/><FSObjectDir bkp:Path="%GPO_USER_FSPATH%\microsoft\IEAK\BRANDING\favs" bkp:SourceExpandedPath="\\svdcav03.avpclan.aerovironment.com\sysvol\avpclan.aerovironment.com\Policies\{31B2F340-016D-11D2-945F-00C04FB984F9}\User\microsoft\IEAK\BRANDING\favs" bkp:Location="DomainSysvol\GPO\User\microsoft\IEAK\BRANDING\favs"/><FSObjectDir bkp:Path="%GPO_USER_FSPATH%\microsoft\IEAK\BRANDING" bkp:SourceExpandedPath="\\svdcav03.avpclan.aerovironment.com\sysvol\avpclan.aerovironment.com\Policies\{31B2F340-016D-11D2-945F-00C04FB984F9}\User\microsoft\IEAK\BRANDING" bkp:Location="DomainSysvol\GPO\User\microsoft\IEAK\BRANDING"/></FSObjectDir>
            <FSObjectFile bkp:Path="%GPO_USER_FSPATH%\microsoft\IEAK\*.*" bkp:SourceExpandedPath="\\svdcav03.avpclan.aerovironment.com\sysvol\avpclan.aerovironment.com\Policies\{31B2F340-016D-11D2-945F-00C04FB984F9}\User\microsoft\IEAK\*.*"><FSObjectFile bkp:Path="%GPO_USER_FSPATH%\microsoft\IEAK\install.ins" bkp:SourceExpandedPath="\\svdcav03.avpclan.aerovironment.com\sysvol\avpclan.aerovironment.com\Policies\{31B2F340-016D-11D2-945F-00C04FB984F9}\User\microsoft\IEAK\install.ins" bkp:Location="DomainSysvol\GPO\User\microsoft\IEAK\install.ins"/></FSObjectFile>
        </GroupPolicyExtension>
        <GroupPolicyExtension bkp:ID="{827D319E-6EAC-11D2-A4EA-00C04F79F83A}" bkp:DescName="Security">
            <FSObjectFile bkp:Path="%GPO_MACH_FSPATH%\microsoft\windows nt\SecEdit\GptTmpl.inf" bkp:SourceExpandedPath="\\svdcav03.avpclan.aerovironment.com\sysvol\avpclan.aerovironment.com\Policies\{31B2F340-016D-11D2-945F-00C04FB984F9}\Machine\microsoft\windows nt\SecEdit\GptTmpl.inf" bkp:ReEvaluateFunction="SecurityValidateSettings" bkp:Location="DomainSysvol\GPO\Machine\microsoft\windows nt\SecEdit\GptTmpl.inf"/>
        </GroupPolicyExtension>
        
        <GroupPolicyExtension bkp:ID="{0ACDD40C-75AC-47AB-BAA0-BF6DE7E7FE63}" bkp:DescName="Wireless Group Policy" bkp:Win2KCompatible="false">
            
        </GroupPolicyExtension>
        
        <GroupPolicyExtension bkp:ID="{c6dc5466-785a-11d2-84d0-00c04fb169f7}" bkp:DescName="Software Installation">
            
        
        </GroupPolicyExtension>
    <GroupPolicyExtension bkp:ID="{F15C46CD-82A0-4C2D-A210-5D0D3182A418}" bkp:DescName="Unknown Extension"><FSObjectDir bkp:Path="%GPO_FSPATH%\Adm" bkp:SourceExpandedPath="\\svdcav03.avpclan.aerovironment.com\sysvol\avpclan.aerovironment.com\Policies\{31B2F340-016D-11D2-945F-00C04FB984F9}\Adm" bkp:Location="DomainSysvol\GPO\Adm"/><FSObjectDir bkp:Path="%GPO_MACH_FSPATH%\Applications" bkp:SourceExpandedPath="\\svdcav03.avpclan.aerovironment.com\sysvol\avpclan.aerovironment.com\Policies\{31B2F340-016D-11D2-945F-00C04FB984F9}\MACHINE\Applications" bkp:Location="DomainSysvol\GPO\Machine\Applications"/><FSObjectFile bkp:Path="%GPO_MACH_FSPATH%\Applications\{D71DEEAA-5111-4150-B426-9216154BD13B}.aas" bkp:SourceExpandedPath="\\svdcav03.avpclan.aerovironment.com\sysvol\avpclan.aerovironment.com\Policies\{31B2F340-016D-11D2-945F-00C04FB984F9}\MACHINE\Applications\{D71DEEAA-5111-4150-B426-9216154BD13B}.aas" bkp:Location="DomainSysvol\GPO\Machine\Applications\{D71DEEAA-5111-4150-B426-9216154BD13B}.aas"/><FSObjectFile bkp:Path="%GPO_MACH_FSPATH%\Applications\{DBFCB1D8-79C5-4B83-B3BB-66D9982551F4}.aas" bkp:SourceExpandedPath="\\svdcav03.avpclan.aerovironment.com\sysvol\avpclan.aerovironment.com\Policies\{31B2F340-016D-11D2-945F-00C04FB984F9}\MACHINE\Applications\{DBFCB1D8-79C5-4B83-B3BB-66D9982551F4}.aas" bkp:Location="DomainSysvol\GPO\Machine\Applications\{DBFCB1D8-79C5-4B83-B3BB-66D9982551F4}.aas"/><FSObjectDir bkp:Path="%GPO_MACH_FSPATH%\Microsoft" bkp:SourceExpandedPath="\\svdcav03.avpclan.aerovironment.com\sysvol\avpclan.aerovironment.com\Policies\{31B2F340-016D-11D2-945F-00C04FB984F9}\MACHINE\Microsoft" bkp:Location="DomainSysvol\GPO\Machine\Microsoft"/><FSObjectDir bkp:Path="%GPO_MACH_FSPATH%\Microsoft\Windows NT" bkp:SourceExpandedPath="\\svdcav03.avpclan.aerovironment.com\sysvol\avpclan.aerovironment.com\Policies\{31B2F340-016D-11D2-945F-00C04FB984F9}\MACHINE\Microsoft\Windows NT" bkp:Location="DomainSysvol\GPO\Machine\Microsoft\Windows NT"/><FSObjectDir bkp:Path="%GPO_MACH_FSPATH%\Microsoft\Windows NT\SecEdit" bkp:SourceExpandedPath="\\svdcav03.avpclan.aerovironment.com\sysvol\avpclan.aerovironment.com\Policies\{31B2F340-016D-11D2-945F-00C04FB984F9}\MACHINE\Microsoft\Windows NT\SecEdit" bkp:Location="DomainSysvol\GPO\Machine\Microsoft\Windows NT\SecEdit"/><FSObjectDir bkp:Path="%GPO_MACH_FSPATH%\Scripts" bkp:SourceExpandedPath="\\svdcav03.avpclan.aerovironment.com\sysvol\avpclan.aerovironment.com\Policies\{31B2F340-016D-11D2-945F-00C04FB984F9}\MACHINE\Scripts" bkp:Location="DomainSysvol\GPO\Machine\Scripts"/><FSObjectDir bkp:Path="%GPO_USER_FSPATH%\Applications" bkp:SourceExpandedPath="\\svdcav03.avpclan.aerovironment.com\sysvol\avpclan.aerovironment.com\Policies\{31B2F340-016D-11D2-945F-00C04FB984F9}\USER\Applications" bkp:Location="DomainSysvol\GPO\User\Applications"/><FSObjectDir bkp:Path="%GPO_USER_FSPATH%\Documents &amp; Settings" bkp:SourceExpandedPath="\\svdcav03.avpclan.aerovironment.com\sysvol\avpclan.aerovironment.com\Policies\{31B2F340-016D-11D2-945F-00C04FB984F9}\USER\Documents &amp; Settings" bkp:Location="DomainSysvol\GPO\User\Documents &amp; Settings"/><FSObjectFile bkp:Path="%GPO_USER_FSPATH%\Documents &amp; Settings\fdeploy.ini" bkp:SourceExpandedPath="\\svdcav03.avpclan.aerovironment.com\sysvol\avpclan.aerovironment.com\Policies\{31B2F340-016D-11D2-945F-00C04FB984F9}\USER\Documents &amp; Settings\fdeploy.ini" bkp:Location="DomainSysvol\GPO\User\Documents &amp; Settings\fdeploy.ini"/><FSObjectDir bkp:Path="%GPO_USER_FSPATH%\Microsoft" bkp:SourceExpandedPath="\\svdcav03.avpclan.aerovironment.com\sysvol\avpclan.aerovironment.com\Policies\{31B2F340-016D-11D2-945F-00C04FB984F9}\USER\Microsoft" bkp:Location="DomainSysvol\GPO\User\Microsoft"/><FSObjectDir bkp:Path="%GPO_USER_FSPATH%\Scripts" bkp:SourceExpandedPath="\\svdcav03.avpclan.aerovironment.com\sysvol\avpclan.aerovironment.com\Policies\{31B2F340-016D-11D2-945F-00C04FB984F9}\USER\Scripts" bkp:Location="DomainSysvol\GPO\User\Scripts"/></GroupPolicyExtension></GroupPolicyObject>
</GroupPolicyBackupScheme>