<BackupInst xmlns="http://www.microsoft.com/GroupPolicy/GPOOperations/Manifest"><GPOGuid><![CDATA[{CF4CF95C-8784-45C0-AD07-92FB2FFEC4E1}]]></GPOGuid><GPODomain><![CDATA[avpclan.aerovironment.com]]></GPODomain><GPODomainGuid><![CDATA[{dbc85ce9-d0d7-40be-8cda-0fe397874442}]]></GPODomainGuid><GPODomainController><![CDATA[svdcav03.avpclan.aerovironment.com]]></GPODomainController><BackupTime><![CDATA[2025-01-15T23:24:16]]></BackupTime><ID><![CDATA[{A41BE3DC-87E9-45A2-AE59-7FFCCF6EE3E0}]]></ID><Comment><![CDATA[2025-01-15 Jesse Wyatt]]></Comment><GPODisplayName><![CDATA[MUAS - KIOSK (Shared Computers)]]></GPODisplayName></BackupInst>
