<BackupInst xmlns="http://www.microsoft.com/GroupPolicy/GPOOperations/Manifest"><GPOGuid><![CDATA[{1853F9B8-508A-4E1C-B415-D3BB900CF3A2}]]></GPOGuid><GPODomain><![CDATA[avpclan.aerovironment.com]]></GPODomain><GPODomainGuid><![CDATA[{dbc85ce9-d0d7-40be-8cda-0fe397874442}]]></GPODomainGuid><GPODomainController><![CDATA[svdcav03.avpclan.aerovironment.com]]></GPODomainController><BackupTime><![CDATA[2025-01-15T23:16:16]]></BackupTime><ID><![CDATA[{CFDC4495-9884-4780-B974-0FFA895ECF3F}]]></ID><Comment><![CDATA[2025-01-15 Jesse Wyatt]]></Comment><GPODisplayName><![CDATA[AVD-Computer-Config-Update]]></GPODisplayName></BackupInst>
