<BackupInst xmlns="http://www.microsoft.com/GroupPolicy/GPOOperations/Manifest"><GPOGuid><![CDATA[{AE6C7ADB-18AF-4DF1-9924-A86A23CEA30E}]]></GPOGuid><GPODomain><![CDATA[avpclan.aerovironment.com]]></GPODomain><GPODomainGuid><![CDATA[{dbc85ce9-d0d7-40be-8cda-0fe397874442}]]></GPODomainGuid><GPODomainController><![CDATA[svdcav03.avpclan.aerovironment.com]]></GPODomainController><BackupTime><![CDATA[2025-01-15T23:22:35]]></BackupTime><ID><![CDATA[{0FB416F8-EC9B-4B0A-B322-1AD42B393FBA}]]></ID><Comment><![CDATA[2025-01-15 Jesse Wyatt]]></Comment><GPODisplayName><![CDATA[DEM Config - Commercial]]></GPODisplayName></BackupInst>
