<?xml version="1.0" encoding="utf-8"?>
<RegistrySettings clsid="{A3CCFC41-DFDB-43a5-8D26-0FE8B954DA51}"><Registry clsid="{9CD4B2F4-923D-47f5-A062-E897DD1DAD50}" name="AuthServerAllowlist" status="AuthServerAllowlist" image="5" changed="2024-06-17 23:32:52" uid="{AEFA4A2A-69EC-44CA-BF77-3601508A6AD4}" bypassErrors="1"><Properties action="C" displayDecimal="1" default="0" hive="HKEY_LOCAL_MACHINE" key="SOFTWARE\Google\Chrome" name="AuthServerAllowlist" type="REG_SZ" value="avinc.kerberos.okta.com,avinc.okta.com,aerovironment.kerberos.oktapreview.com,aerovironment.oktapreview.com,avincext.kerberos.okta.com,avincext.okta.com,avincpreview.oktapreview.com,avincpreview.com,msreports*,msreportsdev*,*aerovironment.com,*avinc.com"/><Filters><FilterRunOnce hidden="1" not="0" bool="AND" id="{F8A09D79-9DD3-4268-8E77-10C78CAFA39E}"/>
		</Filters></Registry>
	<Registry clsid="{9CD4B2F4-923D-47f5-A062-E897DD1DAD50}" name="AuthNegotiateDelegateAllowlist" status="AuthNegotiateDelegateAllowlist" image="5" changed="2024-06-17 23:33:20" uid="{C2956BAD-61E6-48A2-98E7-A6D0263622F8}" bypassErrors="1"><Properties action="C" displayDecimal="1" default="0" hive="HKEY_LOCAL_MACHINE" key="SOFTWARE\Google\Chrome" name="AuthNegotiateDelegateAllowlist" type="REG_SZ" value="avinc.kerberos.okta.com,avinc.okta.com,aerovironment.kerberos.oktapreview.com,aerovironment.oktapreview.com,avincext.kerberos.okta.com,avincext.okta.com,avincpreview.oktapreview.com,avincpreview.com,msreports*,msreportsdev*,*aerovironment.com,*avinc.com"/><Filters><FilterRunOnce hidden="1" not="0" bool="AND" id="{01596E19-E462-459B-A8C4-9AD88A13ECD3}"/>
		</Filters></Registry>
	<Registry clsid="{9CD4B2F4-923D-47f5-A062-E897DD1DAD50}" name="AuthServerAllowlist" status="AuthServerAllowlist" image="7" changed="2024-06-17 23:28:32" uid="{D99B77FF-CF9F-43F0-B23B-33FA5EC1D12B}" bypassErrors="1"><Properties action="U" displayDecimal="1" default="0" hive="HKEY_LOCAL_MACHINE" key="SOFTWARE\Google\Chrome" name="AuthServerAllowlist" type="REG_SZ" value="avinc.kerberos.okta.com,avinc.okta.com,aerovironment.kerberos.oktapreview.com,aerovironment.oktapreview.com,avincext.kerberos.okta.com,avincext.okta.com,avincpreview.oktapreview.com,avincpreview.com,msreports*,msreportsdev*,*aerovironment.com,*avinc.com"/><Filters/></Registry>
	<Registry clsid="{9CD4B2F4-923D-47f5-A062-E897DD1DAD50}" name="AuthNegotiateDelegateAllowlist" status="AuthNegotiateDelegateAllowlist" image="7" changed="2024-06-17 23:30:48" uid="{298F0DB4-95BD-4700-B020-EFEE3046BDEA}" bypassErrors="1"><Properties action="U" displayDecimal="1" default="0" hive="HKEY_LOCAL_MACHINE" key="SOFTWARE\Google\Chrome" name="AuthNegotiateDelegateAllowlist" type="REG_SZ" value="avinc.kerberos.okta.com,avinc.okta.com,aerovironment.kerberos.oktapreview.com,aerovironment.oktapreview.com,avincext.kerberos.okta.com,avincext.okta.com,avincpreview.oktapreview.com,avincpreview.com,msreports*,msreportsdev*,*aerovironment.com,*avinc.com"/><Filters/></Registry>
	<Registry clsid="{9CD4B2F4-923D-47f5-A062-E897DD1DAD50}" name="AuthServerAllowlist" status="AuthServerAllowlist" image="5" changed="2024-06-17 23:33:57" uid="{0C84A220-9CD4-48E2-BF1C-437BB5731795}" bypassErrors="1"><Properties action="C" displayDecimal="1" default="0" hive="HKEY_LOCAL_MACHINE" key="SOFTWARE\Policies\Google\Chrome" name="AuthServerAllowlist" type="REG_SZ" value="avinc.kerberos.okta.com,avinc.okta.com,aerovironment.kerberos.oktapreview.com,aerovironment.oktapreview.com,avincext.kerberos.okta.com,avincext.okta.com,avincpreview.oktapreview.com,avincpreview.com,msreports*,msreportsdev*,*aerovironment.com,*avinc.com"/><Filters><FilterRunOnce hidden="1" not="0" bool="AND" id="{23321A09-B01E-4237-91B0-8E4F4F680C56}"/>
		</Filters></Registry>
	<Registry clsid="{9CD4B2F4-923D-47f5-A062-E897DD1DAD50}" name="AuthNegotiateDelegateAllowlist" status="AuthNegotiateDelegateAllowlist" image="5" changed="2024-06-17 23:36:19" uid="{6C53292F-F83D-4EEE-B106-B8E77D8660E3}" bypassErrors="1"><Properties action="C" displayDecimal="1" default="0" hive="HKEY_LOCAL_MACHINE" key="SOFTWARE\Policies\Google\Chrome" name="AuthNegotiateDelegateAllowlist" type="REG_SZ" value="avinc.kerberos.okta.com,avinc.okta.com,aerovironment.kerberos.oktapreview.com,aerovironment.oktapreview.com,avincext.kerberos.okta.com,avincext.okta.com,avincpreview.oktapreview.com,avincpreview.com,msreports*,msreportsdev*,*aerovironment.com,*avinc.com"/><Filters><FilterRunOnce hidden="1" not="0" bool="AND" id="{8C4DF083-1BD1-474A-99FF-D15B56C0E40A}"/>
		</Filters></Registry>
	<Registry clsid="{9CD4B2F4-923D-47f5-A062-E897DD1DAD50}" name="AuthServerAllowlist" status="AuthServerAllowlist" image="7" changed="2024-06-17 23:28:27" uid="{BF38F7E8-7797-4597-921D-00845587E127}" bypassErrors="1"><Properties action="U" displayDecimal="1" default="0" hive="HKEY_LOCAL_MACHINE" key="SOFTWARE\Policies\Google\Chrome" name="AuthServerAllowlist" type="REG_SZ" value="avinc.kerberos.okta.com,avinc.okta.com,aerovironment.kerberos.oktapreview.com,aerovironment.oktapreview.com,avincext.kerberos.okta.com,avincext.okta.com,avincpreview.oktapreview.com,avincpreview.com,msreports*,msreportsdev*,*aerovironment.com,*avinc.com"/><Filters/></Registry>
	<Registry clsid="{9CD4B2F4-923D-47f5-A062-E897DD1DAD50}" name="AuthNegotiateDelegateAllowlist" status="AuthNegotiateDelegateAllowlist" image="7" changed="2024-06-17 23:28:16" uid="{182DB344-2B79-4D67-8AAE-8ECB05D8F853}" bypassErrors="1"><Properties action="U" displayDecimal="1" default="0" hive="HKEY_LOCAL_MACHINE" key="SOFTWARE\Policies\Google\Chrome" name="AuthNegotiateDelegateAllowlist" type="REG_SZ" value="avinc.kerberos.okta.com,avinc.okta.com,aerovironment.kerberos.oktapreview.com,aerovironment.oktapreview.com,avincext.kerberos.okta.com,avincext.okta.com,avincpreview.oktapreview.com,avincpreview.com,msreports*,msreportsdev*,*aerovironment.com,*avinc.com"/><Filters/></Registry>
</RegistrySettings>
