<?xml version="1.0" encoding="utf-8"?>
<Printers clsid="{1F577D12-3D1B-471e-A1B7-060317597B9C}"><SharedPrinter clsid="{9A5E9697-9095-436d-A0EE-4D128FDFBCE5}" name="AV_FMP_01" status="AV_FMP_01" image="2" changed="2024-09-24 18:07:14" uid="{D6AA3CE3-348E-4631-B394-AD7BA6D65DD0}" userContext="1" bypassErrors="1"><Properties action="U" comment="" path="\\avuasprint01\AV_FMP_01" location="" default="0" skipLocal="0" deleteAll="0" persistent="0" deleteMaps="0" port=""/><Filters><FilterGroup bool="AND" not="0" name="AVPCLAN\Uniflow_Printer_Users" sid="S-1-5-21-13466480-1672416868-587939204-66577" userContext="1" primaryGroup="0" localGroup="0"/></Filters></SharedPrinter>
	<SharedPrinter clsid="{9A5E9697-9095-436d-A0EE-4D128FDFBCE5}" name="AV_FMP_02" status="AV_FMP_02" image="2" changed="2024-09-24 02:16:31" uid="{9244B307-7391-4676-AB37-EB52ED90598F}" userContext="1" bypassErrors="1"><Properties action="U" comment="" path="\\avuasprint02\AV_FMP_02" location="" default="0" skipLocal="1" deleteAll="0" persistent="0" deleteMaps="0" port=""/><Filters><FilterGroup bool="AND" not="0" name="AVPCLAN\Uniflow_Printer_Users" sid="S-1-5-21-13466480-1672416868-587939204-66577" userContext="1" primaryGroup="0" localGroup="0"/></Filters></SharedPrinter>
</Printers>
