<Backups xmlns="http://www.microsoft.com/GroupPolicy/GPOOperations/Manifest" xmlns:mfst="http://www.microsoft.com/GroupPolicy/GPOOperations/Manifest" mfst:version="1.0"><BackupInst><GPOGuid><![CDATA[{3E320CC3-F2C8-42D2-93F7-9F5BBDB8105F}]]></GPOGuid><GPODomain><![CDATA[avpclan.aerovironment.com]]></GPODomain><GPODomainGuid><![CDATA[{dbc85ce9-d0d7-40be-8cda-0fe397874442}]]></GPODomainGuid><GPODomainController><![CDATA[svdcav03.avpclan.aerovironment.com]]></GPODomainController><BackupTime><![CDATA[2025-01-15T23:26:01]]></BackupTime><ID><![CDATA[{ECF8B22A-BE9D-4B06-B583-C1E9ED5A7A1F}]]></ID><Comment><![CDATA[2025-01-15 Jesse Wyatt]]></Comment><GPODisplayName><![CDATA[VDI RDS MUAS MS-Edge Policy]]></GPODisplayName></BackupInst><BackupInst><GPOGuid><![CDATA[{85085748-85CA-408E-922F-10372DF11DC5}]]></GPOGuid><GPODomain><![CDATA[avpclan.aerovironment.com]]></GPODomain><GPODomainGuid><![CDATA[{dbc85ce9-d0d7-40be-8cda-0fe397874442}]]></GPODomainGuid><GPODomainController><![CDATA[svdcav03.avpclan.aerovironment.com]]></GPODomainController><BackupTime><![CDATA[2025-01-15T23:25:56]]></BackupTime><ID><![CDATA[{ADD362DF-ACCD-4894-B7AD-030E494DCFF0}]]></ID><Comment><![CDATA[2025-01-15 Jesse Wyatt]]></Comment><GPODisplayName><![CDATA[VDI RDS Licensing]]></GPODisplayName></BackupInst><BackupInst><GPOGuid><![CDATA[{8AB54735-E3C1-46BB-9B17-1712A6122C2C}]]></GPOGuid><GPODomain><![CDATA[avpclan.aerovironment.com]]></GPODomain><GPODomainGuid><![CDATA[{dbc85ce9-d0d7-40be-8cda-0fe397874442}]]></GPODomainGuid><GPODomainController><![CDATA[svdcav03.avpclan.aerovironment.com]]></GPODomainController><BackupTime><![CDATA[2025-01-15T23:25:50]]></BackupTime><ID><![CDATA[{1C782885-6A42-456A-BFA5-2A1BC9650FEE}]]></ID><Comment><![CDATA[2025-01-15 Jesse Wyatt]]></Comment><GPODisplayName><![CDATA[VDI RDS App Restrictions]]></GPODisplayName></BackupInst><BackupInst><GPOGuid><![CDATA[{94579E85-A6D1-4812-BC86-102EF7DB2677}]]></GPOGuid><GPODomain><![CDATA[avpclan.aerovironment.com]]></GPODomain><GPODomainGuid><![CDATA[{dbc85ce9-d0d7-40be-8cda-0fe397874442}]]></GPODomainGuid><GPODomainController><![CDATA[svdcav03.avpclan.aerovironment.com]]></GPODomainController><BackupTime><![CDATA[2025-01-15T23:25:45]]></BackupTime><ID><![CDATA[{F754B635-5DE1-4D82-A82C-01054F15AF12}]]></ID><Comment><![CDATA[2025-01-15 Jesse Wyatt]]></Comment><GPODisplayName><![CDATA[VDI Disable RemoteFx]]></GPODisplayName></BackupInst><BackupInst><GPOGuid><![CDATA[{B077055B-0ACB-479D-938B-0D902FB4B8A9}]]></GPOGuid><GPODomain><![CDATA[avpclan.aerovironment.com]]></GPODomain><GPODomainGuid><![CDATA[{dbc85ce9-d0d7-40be-8cda-0fe397874442}]]></GPODomainGuid><GPODomainController><![CDATA[svdcav03.avpclan.aerovironment.com]]></GPODomainController><BackupTime><![CDATA[2025-01-15T23:25:41]]></BackupTime><ID><![CDATA[{7CDF896F-FC0B-4A3C-973E-1D4AC2EB54EE}]]></ID><Comment><![CDATA[2025-01-15 Jesse Wyatt]]></Comment><GPODisplayName><![CDATA[Trust center Disable protected view]]></GPODisplayName></BackupInst><BackupInst><GPOGuid><![CDATA[{72AC5754-910C-4311-B0E5-033D5DB741ED}]]></GPOGuid><GPODomain><![CDATA[avpclan.aerovironment.com]]></GPODomain><GPODomainGuid><![CDATA[{dbc85ce9-d0d7-40be-8cda-0fe397874442}]]></GPODomainGuid><GPODomainController><![CDATA[svdcav03.avpclan.aerovironment.com]]></GPODomainController><BackupTime><![CDATA[2025-01-15T23:25:36]]></BackupTime><ID><![CDATA[{AE302559-DDB3-4710-9304-F796D1E9D2AA}]]></ID><Comment><![CDATA[2025-01-15 Jesse Wyatt]]></Comment><GPODisplayName><![CDATA[Test of restricting LANManager Settings]]></GPODisplayName></BackupInst><BackupInst><GPOGuid><![CDATA[{594CFA8E-EBBA-420E-95F4-35743B288092}]]></GPOGuid><GPODomain><![CDATA[avpclan.aerovironment.com]]></GPODomain><GPODomainGuid><![CDATA[{dbc85ce9-d0d7-40be-8cda-0fe397874442}]]></GPODomainGuid><GPODomainController><![CDATA[svdcav03.avpclan.aerovironment.com]]></GPODomainController><BackupTime><![CDATA[2025-01-15T23:25:24]]></BackupTime><ID><![CDATA[{F5076CC5-7FAD-4271-A85B-C8B747219BEC}]]></ID><Comment><![CDATA[2025-01-15 Jesse Wyatt]]></Comment><GPODisplayName><![CDATA[Test GPO 2]]></GPODisplayName></BackupInst><BackupInst><GPOGuid><![CDATA[{4E519E25-7F22-4722-8C35-C4DADD11B9BD}]]></GPOGuid><GPODomain><![CDATA[avpclan.aerovironment.com]]></GPODomain><GPODomainGuid><![CDATA[{dbc85ce9-d0d7-40be-8cda-0fe397874442}]]></GPODomainGuid><GPODomainController><![CDATA[svdcav03.avpclan.aerovironment.com]]></GPODomainController><BackupTime><![CDATA[2025-01-15T23:25:18]]></BackupTime><ID><![CDATA[{D118BF65-DDE6-44AC-B4E9-E9C2F55320D6}]]></ID><Comment><![CDATA[2025-01-15 Jesse Wyatt]]></Comment><GPODisplayName><![CDATA[Test Banners]]></GPODisplayName></BackupInst><BackupInst><GPOGuid><![CDATA[{4CA5B295-CF02-4B1D-9B13-0262AD500C62}]]></GPOGuid><GPODomain><![CDATA[avpclan.aerovironment.com]]></GPODomain><GPODomainGuid><![CDATA[{dbc85ce9-d0d7-40be-8cda-0fe397874442}]]></GPODomainGuid><GPODomainController><![CDATA[svdcav03.avpclan.aerovironment.com]]></GPODomainController><BackupTime><![CDATA[2025-01-15T23:25:13]]></BackupTime><ID><![CDATA[{43572BC6-D574-4B2C-91F7-951A2F244B09}]]></ID><Comment><![CDATA[2025-01-15 Jesse Wyatt]]></Comment><GPODisplayName><![CDATA[SVCyber RDS Licensing]]></GPODisplayName></BackupInst><BackupInst><GPOGuid><![CDATA[{5DD2525B-F24D-4906-9CE2-72FD10B5CED5}]]></GPOGuid><GPODomain><![CDATA[avpclan.aerovironment.com]]></GPODomain><GPODomainGuid><![CDATA[{dbc85ce9-d0d7-40be-8cda-0fe397874442}]]></GPODomainGuid><GPODomainController><![CDATA[svdcav03.avpclan.aerovironment.com]]></GPODomainController><BackupTime><![CDATA[2025-01-15T23:25:09]]></BackupTime><ID><![CDATA[{D424B400-A7D7-4E69-841F-B6106F16D914}]]></ID><Comment><![CDATA[2025-01-15 Jesse Wyatt]]></Comment><GPODisplayName><![CDATA[SD-Computer-Win11-Upgrade]]></GPODisplayName></BackupInst><BackupInst><GPOGuid><![CDATA[{9C737119-F13D-4D84-8D7E-23BA26300EE3}]]></GPOGuid><GPODomain><![CDATA[avpclan.aerovironment.com]]></GPODomain><GPODomainGuid><![CDATA[{dbc85ce9-d0d7-40be-8cda-0fe397874442}]]></GPODomainGuid><GPODomainController><![CDATA[svdcav03.avpclan.aerovironment.com]]></GPODomainController><BackupTime><![CDATA[2025-01-15T23:25:02]]></BackupTime><ID><![CDATA[{CEE0A874-8D0E-4F19-8006-FAA81ED2F268}]]></ID><Comment><![CDATA[2025-01-15 Jesse Wyatt]]></Comment><GPODisplayName><![CDATA[SD-Computer-Config-Win11_Bitlocker]]></GPODisplayName></BackupInst><BackupInst><GPOGuid><![CDATA[{4DE1AE0F-D111-4350-B051-ED87684AF289}]]></GPOGuid><GPODomain><![CDATA[avpclan.aerovironment.com]]></GPODomain><GPODomainGuid><![CDATA[{dbc85ce9-d0d7-40be-8cda-0fe397874442}]]></GPODomainGuid><GPODomainController><![CDATA[svdcav03.avpclan.aerovironment.com]]></GPODomainController><BackupTime><![CDATA[2025-01-15T23:24:58]]></BackupTime><ID><![CDATA[{9DD453B9-9D69-4276-BEC4-124CA14A5787}]]></ID><Comment><![CDATA[2025-01-15 Jesse Wyatt]]></Comment><GPODisplayName><![CDATA[Remote Desktop Licensing]]></GPODisplayName></BackupInst><BackupInst><GPOGuid><![CDATA[{2C3A86DB-35E5-427D-9381-929C5AB33321}]]></GPOGuid><GPODomain><![CDATA[avpclan.aerovironment.com]]></GPODomain><GPODomainGuid><![CDATA[{dbc85ce9-d0d7-40be-8cda-0fe397874442}]]></GPODomainGuid><GPODomainController><![CDATA[svdcav03.avpclan.aerovironment.com]]></GPODomainController><BackupTime><![CDATA[2025-01-15T23:24:53]]></BackupTime><ID><![CDATA[{55EDBB30-A558-496A-8459-9E4EB3AF68AB}]]></ID><Comment><![CDATA[2025-01-15 Jesse Wyatt]]></Comment><GPODisplayName><![CDATA[RDP Session Limit - 6 hrs/24 hrs]]></GPODisplayName></BackupInst><BackupInst><GPOGuid><![CDATA[{F251C0C6-ED62-4CBC-A8E4-3B3C8A27B5C4}]]></GPOGuid><GPODomain><![CDATA[avpclan.aerovironment.com]]></GPODomain><GPODomainGuid><![CDATA[{dbc85ce9-d0d7-40be-8cda-0fe397874442}]]></GPODomainGuid><GPODomainController><![CDATA[svdcav03.avpclan.aerovironment.com]]></GPODomainController><BackupTime><![CDATA[2025-01-15T23:24:48]]></BackupTime><ID><![CDATA[{3E22C96E-E917-4EE9-8FEF-91A4B768FAFA}]]></ID><Comment><![CDATA[2025-01-15 Jesse Wyatt]]></Comment><GPODisplayName><![CDATA[RDP Session Limit - 5 days/5 days]]></GPODisplayName></BackupInst><BackupInst><GPOGuid><![CDATA[{FB8B8F22-26C5-468B-A6EB-D2583FB1DB6D}]]></GPOGuid><GPODomain><![CDATA[avpclan.aerovironment.com]]></GPODomain><GPODomainGuid><![CDATA[{dbc85ce9-d0d7-40be-8cda-0fe397874442}]]></GPODomainGuid><GPODomainController><![CDATA[svdcav03.avpclan.aerovironment.com]]></GPODomainController><BackupTime><![CDATA[2025-01-15T23:24:43]]></BackupTime><ID><![CDATA[{42A3A51D-1E23-4235-A0CF-0784191704C3}]]></ID><Comment><![CDATA[2025-01-15 Jesse Wyatt]]></Comment><GPODisplayName><![CDATA[RDP Session Limit - 2 hrs/6 hrs]]></GPODisplayName></BackupInst><BackupInst><GPOGuid><![CDATA[{199C6DE7-7EB1-472D-A2EA-D1F133297AC2}]]></GPOGuid><GPODomain><![CDATA[avpclan.aerovironment.com]]></GPODomain><GPODomainGuid><![CDATA[{dbc85ce9-d0d7-40be-8cda-0fe397874442}]]></GPODomainGuid><GPODomainController><![CDATA[svdcav03.avpclan.aerovironment.com]]></GPODomainController><BackupTime><![CDATA[2025-01-15T23:24:37]]></BackupTime><ID><![CDATA[{D368B297-9603-4017-AEFA-BA34010B7A7C}]]></ID><Comment><![CDATA[2025-01-15 Jesse Wyatt]]></Comment><GPODisplayName><![CDATA[RDP Session Limit - 1 hrs/24 hrs]]></GPODisplayName></BackupInst><BackupInst><GPOGuid><![CDATA[{C5F1537C-32D4-4949-998A-E0C0D05F9E3B}]]></GPOGuid><GPODomain><![CDATA[avpclan.aerovironment.com]]></GPODomain><GPODomainGuid><![CDATA[{dbc85ce9-d0d7-40be-8cda-0fe397874442}]]></GPODomainGuid><GPODomainController><![CDATA[svdcav03.avpclan.aerovironment.com]]></GPODomainController><BackupTime><![CDATA[2025-01-15T23:24:32]]></BackupTime><ID><![CDATA[{2E357EFD-FD5A-485A-9B89-6D715508AFB2}]]></ID><Comment><![CDATA[2025-01-15 Jesse Wyatt]]></Comment><GPODisplayName><![CDATA[Pop up Blocker exclusion]]></GPODisplayName></BackupInst><BackupInst><GPOGuid><![CDATA[{AEDE071D-9E24-4861-A1FB-CC1377D719F6}]]></GPOGuid><GPODomain><![CDATA[avpclan.aerovironment.com]]></GPODomain><GPODomainGuid><![CDATA[{dbc85ce9-d0d7-40be-8cda-0fe397874442}]]></GPODomainGuid><GPODomainController><![CDATA[svdcav03.avpclan.aerovironment.com]]></GPODomainController><BackupTime><![CDATA[2025-01-15T23:24:28]]></BackupTime><ID><![CDATA[{97FB91BA-1B53-4C2F-A65C-7586901DF123}]]></ID><Comment><![CDATA[2025-01-15 Jesse Wyatt]]></Comment><GPODisplayName><![CDATA[MUAS-Cutters-Disable-FIPS]]></GPODisplayName></BackupInst><BackupInst><GPOGuid><![CDATA[{24E4ADC1-C553-4B41-9A24-90F561EDD2FF}]]></GPOGuid><GPODomain><![CDATA[avpclan.aerovironment.com]]></GPODomain><GPODomainGuid><![CDATA[{dbc85ce9-d0d7-40be-8cda-0fe397874442}]]></GPODomainGuid><GPODomainController><![CDATA[svdcav03.avpclan.aerovironment.com]]></GPODomainController><BackupTime><![CDATA[2025-01-15T23:24:23]]></BackupTime><ID><![CDATA[{7A73F61D-5FAC-46AB-B4AA-520B8BF90A1E}]]></ID><Comment><![CDATA[2025-01-15 Jesse Wyatt]]></Comment><GPODisplayName><![CDATA[MUAS-Computer-Config Mapping]]></GPODisplayName></BackupInst><BackupInst><GPOGuid><![CDATA[{B5096E24-6EC5-491B-B0B9-610543CDFEFD}]]></GPOGuid><GPODomain><![CDATA[avpclan.aerovironment.com]]></GPODomain><GPODomainGuid><![CDATA[{dbc85ce9-d0d7-40be-8cda-0fe397874442}]]></GPODomainGuid><GPODomainController><![CDATA[svdcav03.avpclan.aerovironment.com]]></GPODomainController><BackupTime><![CDATA[2025-01-15T23:24:19]]></BackupTime><ID><![CDATA[{8527825B-D389-4508-808C-C3A354707E88}]]></ID><Comment><![CDATA[2025-01-15 Jesse Wyatt]]></Comment><GPODisplayName><![CDATA[MUAS Edge Settings]]></GPODisplayName></BackupInst><BackupInst><GPOGuid><![CDATA[{CF4CF95C-8784-45C0-AD07-92FB2FFEC4E1}]]></GPOGuid><GPODomain><![CDATA[avpclan.aerovironment.com]]></GPODomain><GPODomainGuid><![CDATA[{dbc85ce9-d0d7-40be-8cda-0fe397874442}]]></GPODomainGuid><GPODomainController><![CDATA[svdcav03.avpclan.aerovironment.com]]></GPODomainController><BackupTime><![CDATA[2025-01-15T23:24:16]]></BackupTime><ID><![CDATA[{A41BE3DC-87E9-45A2-AE59-7FFCCF6EE3E0}]]></ID><Comment><![CDATA[2025-01-15 Jesse Wyatt]]></Comment><GPODisplayName><![CDATA[MUAS - KIOSK (Shared Computers)]]></GPODisplayName></BackupInst><BackupInst><GPOGuid><![CDATA[{112162FD-2F77-4086-91E7-AD7BEA72CE34}]]></GPOGuid><GPODomain><![CDATA[avpclan.aerovironment.com]]></GPODomain><GPODomainGuid><![CDATA[{dbc85ce9-d0d7-40be-8cda-0fe397874442}]]></GPODomainGuid><GPODomainController><![CDATA[svdcav03.avpclan.aerovironment.com]]></GPODomainController><BackupTime><![CDATA[2025-01-15T23:24:12]]></BackupTime><ID><![CDATA[{313C0EF5-4F2C-46F4-8072-80DAC89E29D4}]]></ID><Comment><![CDATA[2025-01-15 Jesse Wyatt]]></Comment><GPODisplayName><![CDATA[MS Teams Test]]></GPODisplayName></BackupInst><BackupInst><GPOGuid><![CDATA[{D44081B6-99EA-4D53-BD7C-23F5BDCFA8AE}]]></GPOGuid><GPODomain><![CDATA[avpclan.aerovironment.com]]></GPODomain><GPODomainGuid><![CDATA[{dbc85ce9-d0d7-40be-8cda-0fe397874442}]]></GPODomainGuid><GPODomainController><![CDATA[svdcav03.avpclan.aerovironment.com]]></GPODomainController><BackupTime><![CDATA[2025-01-15T23:24:01]]></BackupTime><ID><![CDATA[{686AE0E2-09C3-4EAE-A882-0779A767EA03}]]></ID><Comment><![CDATA[2025-01-15 Jesse Wyatt]]></Comment><GPODisplayName><![CDATA[IT TEST - 801.x Settings-AllWorkstations]]></GPODisplayName></BackupInst><BackupInst><GPOGuid><![CDATA[{3F48EF3E-2C19-459D-BFFA-DCB0F8BE350B}]]></GPOGuid><GPODomain><![CDATA[avpclan.aerovironment.com]]></GPODomain><GPODomainGuid><![CDATA[{dbc85ce9-d0d7-40be-8cda-0fe397874442}]]></GPODomainGuid><GPODomainController><![CDATA[svdcav03.avpclan.aerovironment.com]]></GPODomainController><BackupTime><![CDATA[2025-01-15T23:23:54]]></BackupTime><ID><![CDATA[{83E30507-185C-4E99-B4CA-F557D926185B}]]></ID><Comment><![CDATA[2025-01-15 Jesse Wyatt]]></Comment><GPODisplayName><![CDATA[Great Place To Work]]></GPODisplayName></BackupInst><BackupInst><GPOGuid><![CDATA[{A05A0E9E-4B17-430C-8176-5DB221AFE736}]]></GPOGuid><GPODomain><![CDATA[avpclan.aerovironment.com]]></GPODomain><GPODomainGuid><![CDATA[{dbc85ce9-d0d7-40be-8cda-0fe397874442}]]></GPODomainGuid><GPODomainController><![CDATA[svdcav03.avpclan.aerovironment.com]]></GPODomainController><BackupTime><![CDATA[2025-01-15T23:23:48]]></BackupTime><ID><![CDATA[{9F351B3E-4117-4CC5-9D87-8E865854D803}]]></ID><Comment><![CDATA[2025-01-15 Jesse Wyatt]]></Comment><GPODisplayName><![CDATA[Enable Screen Saver 1 hr]]></GPODisplayName></BackupInst><BackupInst><GPOGuid><![CDATA[{6E112CCA-6C7A-4BD5-B789-8DC8B6969244}]]></GPOGuid><GPODomain><![CDATA[avpclan.aerovironment.com]]></GPODomain><GPODomainGuid><![CDATA[{dbc85ce9-d0d7-40be-8cda-0fe397874442}]]></GPODomainGuid><GPODomainController><![CDATA[svdcav03.avpclan.aerovironment.com]]></GPODomainController><BackupTime><![CDATA[2025-01-15T23:23:44]]></BackupTime><ID><![CDATA[{A4B31EA5-E412-4246-AE55-96DBB2B3534B}]]></ID><Comment><![CDATA[2025-01-15 Jesse Wyatt]]></Comment><GPODisplayName><![CDATA[Enable Loopback Processing Merge]]></GPODisplayName></BackupInst><BackupInst><GPOGuid><![CDATA[{DC0122FB-494A-45A0-AD93-DE9F118369A7}]]></GPOGuid><GPODomain><![CDATA[avpclan.aerovironment.com]]></GPODomain><GPODomainGuid><![CDATA[{dbc85ce9-d0d7-40be-8cda-0fe397874442}]]></GPODomainGuid><GPODomainController><![CDATA[svdcav03.avpclan.aerovironment.com]]></GPODomainController><BackupTime><![CDATA[2025-01-15T23:23:40]]></BackupTime><ID><![CDATA[{4A957905-E413-4859-92CB-7E74AE750F32}]]></ID><Comment><![CDATA[2025-01-15 Jesse Wyatt]]></Comment><GPODisplayName><![CDATA[Enable FIPS-CC for Global Protect]]></GPODisplayName></BackupInst><BackupInst><GPOGuid><![CDATA[{B230292D-7766-43E3-B615-4A157FF6D354}]]></GPOGuid><GPODomain><![CDATA[avpclan.aerovironment.com]]></GPODomain><GPODomainGuid><![CDATA[{dbc85ce9-d0d7-40be-8cda-0fe397874442}]]></GPODomainGuid><GPODomainController><![CDATA[svdcav03.avpclan.aerovironment.com]]></GPODomainController><BackupTime><![CDATA[2025-01-15T23:23:36]]></BackupTime><ID><![CDATA[{B648A660-0EA9-481A-B7D2-4E8D0AE714CD}]]></ID><Comment><![CDATA[2025-01-15 Jesse Wyatt]]></Comment><GPODisplayName><![CDATA[Enable Chrome AutoUpdate]]></GPODisplayName></BackupInst><BackupInst><GPOGuid><![CDATA[{2DE4E0B9-95DC-423B-A0DE-23722CD953B1}]]></GPOGuid><GPODomain><![CDATA[avpclan.aerovironment.com]]></GPODomain><GPODomainGuid><![CDATA[{dbc85ce9-d0d7-40be-8cda-0fe397874442}]]></GPODomainGuid><GPODomainController><![CDATA[svdcav03.avpclan.aerovironment.com]]></GPODomainController><BackupTime><![CDATA[2025-01-15T23:23:32]]></BackupTime><ID><![CDATA[{F90C06A7-AB4D-43FF-9E18-B7BA8E2102D7}]]></ID><Comment><![CDATA[2025-01-15 Jesse Wyatt]]></Comment><GPODisplayName><![CDATA[Disable Windows P2P updates]]></GPODisplayName></BackupInst><BackupInst><GPOGuid><![CDATA[{9DC9BC59-5279-472D-950F-74B4F8D961AE}]]></GPOGuid><GPODomain><![CDATA[avpclan.aerovironment.com]]></GPODomain><GPODomainGuid><![CDATA[{dbc85ce9-d0d7-40be-8cda-0fe397874442}]]></GPODomainGuid><GPODomainController><![CDATA[svdcav03.avpclan.aerovironment.com]]></GPODomainController><BackupTime><![CDATA[2025-01-15T23:23:28]]></BackupTime><ID><![CDATA[{97229F7C-B5EA-4A17-B45A-2330186A14E6}]]></ID><Comment><![CDATA[2025-01-15 Jesse Wyatt]]></Comment><GPODisplayName><![CDATA[Disable SSL v2 / 3 / TLS 1.0 / 1.1]]></GPODisplayName></BackupInst><BackupInst><GPOGuid><![CDATA[{BBBC6014-31AC-4C81-9D13-02C9D377E7C2}]]></GPOGuid><GPODomain><![CDATA[avpclan.aerovironment.com]]></GPODomain><GPODomainGuid><![CDATA[{dbc85ce9-d0d7-40be-8cda-0fe397874442}]]></GPODomainGuid><GPODomainController><![CDATA[svdcav03.avpclan.aerovironment.com]]></GPODomainController><BackupTime><![CDATA[2025-01-15T23:23:21]]></BackupTime><ID><![CDATA[{0D33F1D0-392E-4A5E-8EBB-F8044B57E3DC}]]></ID><Comment><![CDATA[2025-01-15 Jesse Wyatt]]></Comment><GPODisplayName><![CDATA[Disable Screen Saver]]></GPODisplayName></BackupInst><BackupInst><GPOGuid><![CDATA[{91A08002-448F-47D8-B404-E8F1247300B1}]]></GPOGuid><GPODomain><![CDATA[avpclan.aerovironment.com]]></GPODomain><GPODomainGuid><![CDATA[{dbc85ce9-d0d7-40be-8cda-0fe397874442}]]></GPODomainGuid><GPODomainController><![CDATA[svdcav03.avpclan.aerovironment.com]]></GPODomainController><BackupTime><![CDATA[2025-01-15T23:22:59]]></BackupTime><ID><![CDATA[{2EF478E9-2F07-40AA-A05F-2EA81901DEE4}]]></ID><Comment><![CDATA[2025-01-15 Jesse Wyatt]]></Comment><GPODisplayName><![CDATA[Disable Internet Connection Wizard]]></GPODisplayName></BackupInst><BackupInst><GPOGuid><![CDATA[{A2F4E54C-89F3-4FAC-8A7D-D6FA24FEA935}]]></GPOGuid><GPODomain><![CDATA[avpclan.aerovironment.com]]></GPODomain><GPODomainGuid><![CDATA[{dbc85ce9-d0d7-40be-8cda-0fe397874442}]]></GPODomainGuid><GPODomainController><![CDATA[svdcav03.avpclan.aerovironment.com]]></GPODomainController><BackupTime><![CDATA[2025-01-15T23:22:51]]></BackupTime><ID><![CDATA[{0A706574-D22A-4D2A-997D-A81BA12153BC}]]></ID><Comment><![CDATA[2025-01-15 Jesse Wyatt]]></Comment><GPODisplayName><![CDATA[Disable IE Auto Proxy]]></GPODisplayName></BackupInst><BackupInst><GPOGuid><![CDATA[{60788B61-AA64-43DB-8559-D9A080E6B5A4}]]></GPOGuid><GPODomain><![CDATA[avpclan.aerovironment.com]]></GPODomain><GPODomainGuid><![CDATA[{dbc85ce9-d0d7-40be-8cda-0fe397874442}]]></GPODomainGuid><GPODomainController><![CDATA[svdcav03.avpclan.aerovironment.com]]></GPODomainController><BackupTime><![CDATA[2025-01-15T23:22:48]]></BackupTime><ID><![CDATA[{F8A951EB-237E-42ED-B301-2B681527ED05}]]></ID><Comment><![CDATA[2025-01-15 Jesse Wyatt]]></Comment><GPODisplayName><![CDATA[Disable Automatic Windows Updates]]></GPODisplayName></BackupInst><BackupInst><GPOGuid><![CDATA[{E68FD46F-F9B9-4AAB-9556-8AF9AF3C1845}]]></GPOGuid><GPODomain><![CDATA[avpclan.aerovironment.com]]></GPODomain><GPODomainGuid><![CDATA[{dbc85ce9-d0d7-40be-8cda-0fe397874442}]]></GPODomainGuid><GPODomainController><![CDATA[svdcav03.avpclan.aerovironment.com]]></GPODomainController><BackupTime><![CDATA[2025-01-15T23:22:41]]></BackupTime><ID><![CDATA[{B36AE889-E316-46B7-8700-988213779B2A}]]></ID><Comment><![CDATA[2025-01-15 Jesse Wyatt]]></Comment><GPODisplayName><![CDATA[DEM Config - Export]]></GPODisplayName></BackupInst><BackupInst><GPOGuid><![CDATA[{AE6C7ADB-18AF-4DF1-9924-A86A23CEA30E}]]></GPOGuid><GPODomain><![CDATA[avpclan.aerovironment.com]]></GPODomain><GPODomainGuid><![CDATA[{dbc85ce9-d0d7-40be-8cda-0fe397874442}]]></GPODomainGuid><GPODomainController><![CDATA[svdcav03.avpclan.aerovironment.com]]></GPODomainController><BackupTime><![CDATA[2025-01-15T23:22:35]]></BackupTime><ID><![CDATA[{0FB416F8-EC9B-4B0A-B322-1AD42B393FBA}]]></ID><Comment><![CDATA[2025-01-15 Jesse Wyatt]]></Comment><GPODisplayName><![CDATA[DEM Config - Commercial]]></GPODisplayName></BackupInst><BackupInst mfst:SIPresent="true"><GPOGuid><![CDATA[{31B2F340-016D-11D2-945F-00C04FB984F9}]]></GPOGuid><GPODomain><![CDATA[avpclan.aerovironment.com]]></GPODomain><GPODomainGuid><![CDATA[{dbc85ce9-d0d7-40be-8cda-0fe397874442}]]></GPODomainGuid><GPODomainController><![CDATA[svdcav03.avpclan.aerovironment.com]]></GPODomainController><BackupTime><![CDATA[2025-01-15T23:22:13]]></BackupTime><ID><![CDATA[{7F45BD53-0D44-407C-AEEC-79C61FA0BE7A}]]></ID><Comment><![CDATA[2025-01-15 Jesse Wyatt]]></Comment><GPODisplayName><![CDATA[Default Domain Policy - OLD]]></GPODisplayName></BackupInst><BackupInst mfst:SIPresent="true"><GPOGuid><![CDATA[{A441D41F-0D14-4EBA-A485-7C63E4D7E67D}]]></GPOGuid><GPODomain><![CDATA[avpclan.aerovironment.com]]></GPODomain><GPODomainGuid><![CDATA[{dbc85ce9-d0d7-40be-8cda-0fe397874442}]]></GPODomainGuid><GPODomainController><![CDATA[svdcav03.avpclan.aerovironment.com]]></GPODomainController><BackupTime><![CDATA[2025-01-15T23:21:43]]></BackupTime><ID><![CDATA[{20157060-3EA9-4938-819F-1F69EC513A8A}]]></ID><Comment><![CDATA[2025-01-15 Jesse Wyatt]]></Comment><GPODisplayName><![CDATA[Default Domain Policy]]></GPODisplayName></BackupInst><BackupInst><GPOGuid><![CDATA[{6AC1786C-016F-11D2-945F-00C04fB984F9}]]></GPOGuid><GPODomain><![CDATA[avpclan.aerovironment.com]]></GPODomain><GPODomainGuid><![CDATA[{dbc85ce9-d0d7-40be-8cda-0fe397874442}]]></GPODomainGuid><GPODomainController><![CDATA[svdcav03.avpclan.aerovironment.com]]></GPODomainController><BackupTime><![CDATA[2025-01-15T23:21:25]]></BackupTime><ID><![CDATA[{E714AC4E-8EE9-4BC9-80D8-6998ACC8BFFB}]]></ID><Comment><![CDATA[2025-01-15 Jesse Wyatt]]></Comment><GPODisplayName><![CDATA[Default Domain Controllers Policy]]></GPODisplayName></BackupInst><BackupInst><GPOGuid><![CDATA[{9CF22743-67DE-49C0-AE37-04D1EB6F0729}]]></GPOGuid><GPODomain><![CDATA[avpclan.aerovironment.com]]></GPODomain><GPODomainGuid><![CDATA[{dbc85ce9-d0d7-40be-8cda-0fe397874442}]]></GPODomainGuid><GPODomainController><![CDATA[svdcav03.avpclan.aerovironment.com]]></GPODomainController><BackupTime><![CDATA[2025-01-15T23:21:19]]></BackupTime><ID><![CDATA[{196847F4-2159-497D-9330-161308219AE1}]]></ID><Comment><![CDATA[2025-01-15 Jesse Wyatt]]></Comment><GPODisplayName><![CDATA[CyberArkPSM]]></GPODisplayName></BackupInst><BackupInst><GPOGuid><![CDATA[{F93A3FB0-3B70-48B7-AF07-276CEEE16374}]]></GPOGuid><GPODomain><![CDATA[avpclan.aerovironment.com]]></GPODomain><GPODomainGuid><![CDATA[{dbc85ce9-d0d7-40be-8cda-0fe397874442}]]></GPODomainGuid><GPODomainController><![CDATA[svdcav03.avpclan.aerovironment.com]]></GPODomainController><BackupTime><![CDATA[2025-01-15T23:21:11]]></BackupTime><ID><![CDATA[{855232DF-0B20-4705-8640-C0211A5EAF57}]]></ID><Comment><![CDATA[2025-01-15 Jesse Wyatt]]></Comment><GPODisplayName><![CDATA[CyberArk PVWA hardening 11.7]]></GPODisplayName></BackupInst><BackupInst><GPOGuid><![CDATA[{284DEBCC-E6F3-415C-9A67-92CC07445E17}]]></GPOGuid><GPODomain><![CDATA[avpclan.aerovironment.com]]></GPODomain><GPODomainGuid><![CDATA[{dbc85ce9-d0d7-40be-8cda-0fe397874442}]]></GPODomainGuid><GPODomainController><![CDATA[svdcav03.avpclan.aerovironment.com]]></GPODomainController><BackupTime><![CDATA[2025-01-15T23:21:03]]></BackupTime><ID><![CDATA[{558D64FB-B281-449E-BE0B-92959EB492F3}]]></ID><Comment><![CDATA[2025-01-15 Jesse Wyatt]]></Comment><GPODisplayName><![CDATA[CyberArk PSM Hardening 11.7]]></GPODisplayName></BackupInst><BackupInst><GPOGuid><![CDATA[{810EF4ED-5CBD-438C-953F-0C0D12FC0F74}]]></GPOGuid><GPODomain><![CDATA[avpclan.aerovironment.com]]></GPODomain><GPODomainGuid><![CDATA[{dbc85ce9-d0d7-40be-8cda-0fe397874442}]]></GPODomainGuid><GPODomainController><![CDATA[svdcav03.avpclan.aerovironment.com]]></GPODomainController><BackupTime><![CDATA[2025-01-15T23:20:54]]></BackupTime><ID><![CDATA[{5207545B-D58D-44DC-A812-B328FD487FC8}]]></ID><Comment><![CDATA[2025-01-15 Jesse Wyatt]]></Comment><GPODisplayName><![CDATA[Cyberark CPM Hardening 11.7]]></GPODisplayName></BackupInst><BackupInst mfst:SIPresent="true"><GPOGuid><![CDATA[{6468C7C3-B17F-4D14-9D52-8CB56F087C98}]]></GPOGuid><GPODomain><![CDATA[avpclan.aerovironment.com]]></GPODomain><GPODomainGuid><![CDATA[{dbc85ce9-d0d7-40be-8cda-0fe397874442}]]></GPODomainGuid><GPODomainController><![CDATA[svdcav03.avpclan.aerovironment.com]]></GPODomainController><BackupTime><![CDATA[2025-01-15T23:20:38]]></BackupTime><ID><![CDATA[{6F744EBD-F433-41D1-9E14-BF33CDF8B7F4}]]></ID><Comment><![CDATA[2025-01-15 Jesse Wyatt]]></Comment><GPODisplayName><![CDATA[Base Server Policies]]></GPODisplayName></BackupInst><BackupInst><GPOGuid><![CDATA[{3D5DBB00-0FDF-4C8B-84DF-EAA2B88200C7}]]></GPOGuid><GPODomain><![CDATA[avpclan.aerovironment.com]]></GPODomain><GPODomainGuid><![CDATA[{dbc85ce9-d0d7-40be-8cda-0fe397874442}]]></GPODomainGuid><GPODomainController><![CDATA[svdcav03.avpclan.aerovironment.com]]></GPODomainController><BackupTime><![CDATA[2025-01-15T23:20:32]]></BackupTime><ID><![CDATA[{A5148CA5-40D8-4D7B-9B7E-1257269BF4EE}]]></ID><Comment><![CDATA[2025-01-15 Jesse Wyatt]]></Comment><GPODisplayName><![CDATA[Base Horizon Agent Options]]></GPODisplayName></BackupInst><BackupInst><GPOGuid><![CDATA[{156203D9-12F7-4FE1-8F95-302827D97FB6}]]></GPOGuid><GPODomain><![CDATA[avpclan.aerovironment.com]]></GPODomain><GPODomainGuid><![CDATA[{dbc85ce9-d0d7-40be-8cda-0fe397874442}]]></GPODomainGuid><GPODomainController><![CDATA[svdcav03.avpclan.aerovironment.com]]></GPODomainController><BackupTime><![CDATA[2025-01-15T23:20:25]]></BackupTime><ID><![CDATA[{3C1DDC49-5FA6-475B-B725-C8F46B1D2A5D}]]></ID><Comment><![CDATA[2025-01-15 Jesse Wyatt]]></Comment><GPODisplayName><![CDATA[AV-User-Config Win11 Personalization]]></GPODisplayName></BackupInst><BackupInst><GPOGuid><![CDATA[{93034D70-A342-4133-A73C-5615313A8EDE}]]></GPOGuid><GPODomain><![CDATA[avpclan.aerovironment.com]]></GPODomain><GPODomainGuid><![CDATA[{dbc85ce9-d0d7-40be-8cda-0fe397874442}]]></GPODomainGuid><GPODomainController><![CDATA[svdcav03.avpclan.aerovironment.com]]></GPODomainController><BackupTime><![CDATA[2025-01-15T23:20:17]]></BackupTime><ID><![CDATA[{1DEB7B97-A3EB-4789-AE30-11C585C17665}]]></ID><Comment><![CDATA[2025-01-15 Jesse Wyatt]]></Comment><GPODisplayName><![CDATA[AV-User-Config Uniflow Printers]]></GPODisplayName></BackupInst><BackupInst><GPOGuid><![CDATA[{74C5AC50-290B-4976-80AA-B6FC683D3583}]]></GPOGuid><GPODomain><![CDATA[avpclan.aerovironment.com]]></GPODomain><GPODomainGuid><![CDATA[{dbc85ce9-d0d7-40be-8cda-0fe397874442}]]></GPODomainGuid><GPODomainController><![CDATA[svdcav03.avpclan.aerovironment.com]]></GPODomainController><BackupTime><![CDATA[2025-01-15T23:20:13]]></BackupTime><ID><![CDATA[{8AC43C4C-A3DE-4923-B0FA-5D3622F64FC2}]]></ID><Comment><![CDATA[2025-01-15 Jesse Wyatt]]></Comment><GPODisplayName><![CDATA[AV-Security-Workstation Win11 Hardening]]></GPODisplayName></BackupInst><BackupInst><GPOGuid><![CDATA[{D2A8B699-52B1-4343-B1E2-79F19D7A8781}]]></GPOGuid><GPODomain><![CDATA[avpclan.aerovironment.com]]></GPODomain><GPODomainGuid><![CDATA[{dbc85ce9-d0d7-40be-8cda-0fe397874442}]]></GPODomainGuid><GPODomainController><![CDATA[svdcav03.avpclan.aerovironment.com]]></GPODomainController><BackupTime><![CDATA[2025-01-15T23:20:05]]></BackupTime><ID><![CDATA[{2BCBE3EF-21B8-4EDA-A771-A10225E2214A}]]></ID><Comment><![CDATA[2025-01-15 Jesse Wyatt]]></Comment><GPODisplayName><![CDATA[AV-Security-Workstation Win11 Bitlocker]]></GPODisplayName></BackupInst><BackupInst><GPOGuid><![CDATA[{5E541499-F3F5-4DDD-BC06-12031E824E7E}]]></GPOGuid><GPODomain><![CDATA[avpclan.aerovironment.com]]></GPODomain><GPODomainGuid><![CDATA[{dbc85ce9-d0d7-40be-8cda-0fe397874442}]]></GPODomainGuid><GPODomainController><![CDATA[svdcav03.avpclan.aerovironment.com]]></GPODomainController><BackupTime><![CDATA[2025-01-15T23:19:58]]></BackupTime><ID><![CDATA[{14F5111D-6DC4-4C16-997F-3BBA7AFD3E61}]]></ID><Comment><![CDATA[2025-01-15 Jesse Wyatt]]></Comment><GPODisplayName><![CDATA[AV-Security-Workstation Win10 Bitlocker]]></GPODisplayName></BackupInst><BackupInst><GPOGuid><![CDATA[{5F008589-A7D8-4B43-95AB-DFDE884AA44B}]]></GPOGuid><GPODomain><![CDATA[avpclan.aerovironment.com]]></GPODomain><GPODomainGuid><![CDATA[{dbc85ce9-d0d7-40be-8cda-0fe397874442}]]></GPODomainGuid><GPODomainController><![CDATA[svdcav03.avpclan.aerovironment.com]]></GPODomainController><BackupTime><![CDATA[2025-01-15T23:19:52]]></BackupTime><ID><![CDATA[{01F3630F-27CC-443C-A62C-80122381F349}]]></ID><Comment><![CDATA[2025-01-15 Jesse Wyatt]]></Comment><GPODisplayName><![CDATA[AV-Security-Workstation Upload of user activity disabled]]></GPODisplayName></BackupInst><BackupInst><GPOGuid><![CDATA[{26CB03DD-E3F1-4490-A2DC-3CEA071C3BB1}]]></GPOGuid><GPODomain><![CDATA[avpclan.aerovironment.com]]></GPODomain><GPODomainGuid><![CDATA[{dbc85ce9-d0d7-40be-8cda-0fe397874442}]]></GPODomainGuid><GPODomainController><![CDATA[svdcav03.avpclan.aerovironment.com]]></GPODomainController><BackupTime><![CDATA[2025-01-15T23:19:46]]></BackupTime><ID><![CDATA[{76013371-F9DF-4DF9-A0CD-DC1F31B105F4}]]></ID><Comment><![CDATA[2025-01-15 Jesse Wyatt]]></Comment><GPODisplayName><![CDATA[AV-Security-Workstation Disable Co-Pilot]]></GPODisplayName></BackupInst><BackupInst><GPOGuid><![CDATA[{BB0F2407-C7B8-4832-8E5C-ABFB4DB77913}]]></GPOGuid><GPODomain><![CDATA[avpclan.aerovironment.com]]></GPODomain><GPODomainGuid><![CDATA[{dbc85ce9-d0d7-40be-8cda-0fe397874442}]]></GPODomainGuid><GPODomainController><![CDATA[svdcav03.avpclan.aerovironment.com]]></GPODomainController><BackupTime><![CDATA[2025-01-15T23:19:41]]></BackupTime><ID><![CDATA[{AA64E303-ADE1-441F-B13F-C61B52760657}]]></ID><Comment><![CDATA[2025-01-15 Jesse Wyatt]]></Comment><GPODisplayName><![CDATA[AV-Security-Workstation Deny Interactive Logins]]></GPODisplayName></BackupInst><BackupInst><GPOGuid><![CDATA[{D5910B6B-3EE6-4E6D-A661-176B03CD0095}]]></GPOGuid><GPODomain><![CDATA[avpclan.aerovironment.com]]></GPODomain><GPODomainGuid><![CDATA[{dbc85ce9-d0d7-40be-8cda-0fe397874442}]]></GPODomainGuid><GPODomainController><![CDATA[svdcav03.avpclan.aerovironment.com]]></GPODomainController><BackupTime><![CDATA[2025-01-15T23:19:37]]></BackupTime><ID><![CDATA[{808083FA-4313-4EFD-988A-40E19C7905DA}]]></ID><Comment><![CDATA[2025-01-15 Jesse Wyatt]]></Comment><GPODisplayName><![CDATA[AV-Security-Workstation Block Windows 11 upgrade]]></GPODisplayName></BackupInst><BackupInst><GPOGuid><![CDATA[{4218D3E4-D6A2-4DB8-A460-ED9710A88725}]]></GPOGuid><GPODomain><![CDATA[avpclan.aerovironment.com]]></GPODomain><GPODomainGuid><![CDATA[{dbc85ce9-d0d7-40be-8cda-0fe397874442}]]></GPODomainGuid><GPODomainController><![CDATA[svdcav03.avpclan.aerovironment.com]]></GPODomainController><BackupTime><![CDATA[2025-01-15T23:19:32]]></BackupTime><ID><![CDATA[{3494EC0B-7550-4715-AA5F-86FFE08B7493}]]></ID><Comment><![CDATA[2025-01-15 Jesse Wyatt]]></Comment><GPODisplayName><![CDATA[AV-Security-Workstation Allow RDP]]></GPODisplayName></BackupInst><BackupInst><GPOGuid><![CDATA[{E7C9DCF2-DE2D-45CB-9E1F-03F2D96A4082}]]></GPOGuid><GPODomain><![CDATA[avpclan.aerovironment.com]]></GPODomain><GPODomainGuid><![CDATA[{dbc85ce9-d0d7-40be-8cda-0fe397874442}]]></GPODomainGuid><GPODomainController><![CDATA[svdcav03.avpclan.aerovironment.com]]></GPODomainController><BackupTime><![CDATA[2025-01-15T23:19:25]]></BackupTime><ID><![CDATA[{38C739DB-5ED9-49BF-8D32-309A160F5D34}]]></ID><Comment><![CDATA[2025-01-15 Jesse Wyatt]]></Comment><GPODisplayName><![CDATA[AV-Security-Varonis Auditing Policy]]></GPODisplayName></BackupInst><BackupInst><GPOGuid><![CDATA[{455961F2-654C-43E1-A873-6FBBBF34E8FB}]]></GPOGuid><GPODomain><![CDATA[avpclan.aerovironment.com]]></GPODomain><GPODomainGuid><![CDATA[{dbc85ce9-d0d7-40be-8cda-0fe397874442}]]></GPODomainGuid><GPODomainController><![CDATA[svdcav03.avpclan.aerovironment.com]]></GPODomainController><BackupTime><![CDATA[2025-01-15T23:19:21]]></BackupTime><ID><![CDATA[{EE9B8330-0B47-4EE1-9399-D0AD0F7BCA2E}]]></ID><Comment><![CDATA[2025-01-15 Jesse Wyatt]]></Comment><GPODisplayName><![CDATA[AV-Security-Server Deny Service Account Interactive Logon]]></GPODisplayName></BackupInst><BackupInst><GPOGuid><![CDATA[{DA5BA1F3-04DD-4943-A377-8A75A00F4793}]]></GPOGuid><GPODomain><![CDATA[avpclan.aerovironment.com]]></GPODomain><GPODomainGuid><![CDATA[{dbc85ce9-d0d7-40be-8cda-0fe397874442}]]></GPODomainGuid><GPODomainController><![CDATA[svdcav03.avpclan.aerovironment.com]]></GPODomainController><BackupTime><![CDATA[2025-01-15T23:19:15]]></BackupTime><ID><![CDATA[{68DFEFBC-5245-49DE-93FA-1AC81E46288F}]]></ID><Comment><![CDATA[2025-01-15 Jesse Wyatt]]></Comment><GPODisplayName><![CDATA[AV-Security-Server Allow RDP]]></GPODisplayName></BackupInst><BackupInst><GPOGuid><![CDATA[{2944CBCC-413B-4C7D-9483-1606D60A505B}]]></GPOGuid><GPODomain><![CDATA[avpclan.aerovironment.com]]></GPODomain><GPODomainGuid><![CDATA[{dbc85ce9-d0d7-40be-8cda-0fe397874442}]]></GPODomainGuid><GPODomainController><![CDATA[svdcav03.avpclan.aerovironment.com]]></GPODomainController><BackupTime><![CDATA[2025-01-15T23:19:10]]></BackupTime><ID><![CDATA[{F025C6E4-AA67-4C9D-B14B-84B8B6015625}]]></ID><Comment><![CDATA[2025-01-15 Jesse Wyatt]]></Comment><GPODisplayName><![CDATA[AV-Security-CollaborativeDevice]]></GPODisplayName></BackupInst><BackupInst><GPOGuid><![CDATA[{44BD225A-C1B5-4553-98F7-7165F0EE44B8}]]></GPOGuid><GPODomain><![CDATA[avpclan.aerovironment.com]]></GPODomain><GPODomainGuid><![CDATA[{dbc85ce9-d0d7-40be-8cda-0fe397874442}]]></GPODomainGuid><GPODomainController><![CDATA[svdcav03.avpclan.aerovironment.com]]></GPODomainController><BackupTime><![CDATA[2025-01-15T23:19:04]]></BackupTime><ID><![CDATA[{277CA445-8407-423E-B883-1E5AEE97F244}]]></ID><Comment><![CDATA[2025-01-15 Jesse Wyatt]]></Comment><GPODisplayName><![CDATA[AV-Security-Audit Base Audit Logging]]></GPODisplayName></BackupInst><BackupInst><GPOGuid><![CDATA[{6691D566-5049-4F26-A85B-8E45A30DFF9F}]]></GPOGuid><GPODomain><![CDATA[avpclan.aerovironment.com]]></GPODomain><GPODomainGuid><![CDATA[{dbc85ce9-d0d7-40be-8cda-0fe397874442}]]></GPODomainGuid><GPODomainController><![CDATA[svdcav03.avpclan.aerovironment.com]]></GPODomainController><BackupTime><![CDATA[2025-01-15T23:18:58]]></BackupTime><ID><![CDATA[{495D243D-297B-4991-A4F6-C7E99023D8EF}]]></ID><Comment><![CDATA[2025-01-15 Jesse Wyatt]]></Comment><GPODisplayName><![CDATA[AV-Network-Workstation Firewall Rules]]></GPODisplayName></BackupInst><BackupInst><GPOGuid><![CDATA[{9D85ABA9-10AE-4530-94ED-3B9258E2FA92}]]></GPOGuid><GPODomain><![CDATA[avpclan.aerovironment.com]]></GPODomain><GPODomainGuid><![CDATA[{dbc85ce9-d0d7-40be-8cda-0fe397874442}]]></GPODomainGuid><GPODomainController><![CDATA[svdcav03.avpclan.aerovironment.com]]></GPODomainController><BackupTime><![CDATA[2025-01-15T23:18:53]]></BackupTime><ID><![CDATA[{19746F02-5045-459D-A420-943AA99C0500}]]></ID><Comment><![CDATA[2025-01-15 Jesse Wyatt]]></Comment><GPODisplayName><![CDATA[AV-Network-Server Firewall Rules]]></GPODisplayName></BackupInst><BackupInst><GPOGuid><![CDATA[{4087DE05-7FE3-4B47-9245-0FDF897C8D10}]]></GPOGuid><GPODomain><![CDATA[avpclan.aerovironment.com]]></GPODomain><GPODomainGuid><![CDATA[{dbc85ce9-d0d7-40be-8cda-0fe397874442}]]></GPODomainGuid><GPODomainController><![CDATA[svdcav03.avpclan.aerovironment.com]]></GPODomainController><BackupTime><![CDATA[2025-01-15T23:18:40]]></BackupTime><ID><![CDATA[{F45F09B5-D4C3-4726-8D14-16A718B0A269}]]></ID><Comment><![CDATA[2025-01-15 Jesse Wyatt]]></Comment><GPODisplayName><![CDATA[AV-Network-Config-Cisco 801.x Settings-AllWorkstations]]></GPODisplayName></BackupInst><BackupInst><GPOGuid><![CDATA[{CAB32999-7E99-46B2-8D34-11A40F729ED5}]]></GPOGuid><GPODomain><![CDATA[avpclan.aerovironment.com]]></GPODomain><GPODomainGuid><![CDATA[{dbc85ce9-d0d7-40be-8cda-0fe397874442}]]></GPODomainGuid><GPODomainController><![CDATA[svdcav03.avpclan.aerovironment.com]]></GPODomainController><BackupTime><![CDATA[2025-01-15T23:18:31]]></BackupTime><ID><![CDATA[{6DE71CF8-6215-43DA-995E-ED71D4B5C51E}]]></ID><Comment><![CDATA[2025-01-15 Jesse Wyatt]]></Comment><GPODisplayName><![CDATA[AV-Network-Config-Aruba 802.1x-EAP-TLS]]></GPODisplayName></BackupInst><BackupInst><GPOGuid><![CDATA[{50CCB3F7-B964-4844-97F2-8EA5886DD085}]]></GPOGuid><GPODomain><![CDATA[avpclan.aerovironment.com]]></GPODomain><GPODomainGuid><![CDATA[{dbc85ce9-d0d7-40be-8cda-0fe397874442}]]></GPODomainGuid><GPODomainController><![CDATA[svdcav03.avpclan.aerovironment.com]]></GPODomainController><BackupTime><![CDATA[2025-01-15T23:18:27]]></BackupTime><ID><![CDATA[{08A58D2F-818B-4D09-95C4-329EAC0B5344}]]></ID><Comment><![CDATA[2025-01-15 Jesse Wyatt]]></Comment><GPODisplayName><![CDATA[AV-Network-Config Prefer IPv4 over IPv6]]></GPODisplayName></BackupInst><BackupInst><GPOGuid><![CDATA[{BB9EA3DD-C9C2-442B-B8BB-F4AF379DE709}]]></GPOGuid><GPODomain><![CDATA[avpclan.aerovironment.com]]></GPODomain><GPODomainGuid><![CDATA[{dbc85ce9-d0d7-40be-8cda-0fe397874442}]]></GPODomainGuid><GPODomainController><![CDATA[svdcav03.avpclan.aerovironment.com]]></GPODomainController><BackupTime><![CDATA[2025-01-15T23:18:22]]></BackupTime><ID><![CDATA[{BFC3F7A3-A68E-40E4-9330-DB75307520FB}]]></ID><Comment><![CDATA[2025-01-15 Jesse Wyatt]]></Comment><GPODisplayName><![CDATA[AV-Network-Config NTLM Enable]]></GPODisplayName></BackupInst><BackupInst><GPOGuid><![CDATA[{18BA0E50-E252-4CCB-B6CD-9C84AA2A91FC}]]></GPOGuid><GPODomain><![CDATA[avpclan.aerovironment.com]]></GPODomain><GPODomainGuid><![CDATA[{dbc85ce9-d0d7-40be-8cda-0fe397874442}]]></GPODomainGuid><GPODomainController><![CDATA[svdcav03.avpclan.aerovironment.com]]></GPODomainController><BackupTime><![CDATA[2025-01-15T23:18:17]]></BackupTime><ID><![CDATA[{7A2B5D70-AD97-446A-81FE-3D2E5AB2BD62}]]></ID><Comment><![CDATA[2025-01-15 Jesse Wyatt]]></Comment><GPODisplayName><![CDATA[AV-Network-Config Disable LM NTLMv1]]></GPODisplayName></BackupInst><BackupInst><GPOGuid><![CDATA[{0842CE14-6F3A-4BDF-A8E7-CFD3410B704F}]]></GPOGuid><GPODomain><![CDATA[avpclan.aerovironment.com]]></GPODomain><GPODomainGuid><![CDATA[{dbc85ce9-d0d7-40be-8cda-0fe397874442}]]></GPODomainGuid><GPODomainController><![CDATA[svdcav03.avpclan.aerovironment.com]]></GPODomainController><BackupTime><![CDATA[2025-01-15T23:18:11]]></BackupTime><ID><![CDATA[{74B66383-5960-4A21-A640-09C5F6AFE2AA}]]></ID><Comment><![CDATA[2025-01-15 Jesse Wyatt]]></Comment><GPODisplayName><![CDATA[AV-Network-Config Disable LLMNR and WPAD Cache]]></GPODisplayName></BackupInst><BackupInst><GPOGuid><![CDATA[{11AB23BA-E19E-4976-A750-165D600876D7}]]></GPOGuid><GPODomain><![CDATA[avpclan.aerovironment.com]]></GPODomain><GPODomainGuid><![CDATA[{dbc85ce9-d0d7-40be-8cda-0fe397874442}]]></GPODomainGuid><GPODomainController><![CDATA[svdcav03.avpclan.aerovironment.com]]></GPODomainController><BackupTime><![CDATA[2025-01-15T23:18:07]]></BackupTime><ID><![CDATA[{9B9B7B28-F5B3-43FA-A705-D4B6F803A623}]]></ID><Comment><![CDATA[2025-01-15 Jesse Wyatt]]></Comment><GPODisplayName><![CDATA[AVD-Watermarking]]></GPODisplayName></BackupInst><BackupInst><GPOGuid><![CDATA[{95694E8A-F5C7-4C3A-83F2-89E69ED92114}]]></GPOGuid><GPODomain><![CDATA[avpclan.aerovironment.com]]></GPODomain><GPODomainGuid><![CDATA[{dbc85ce9-d0d7-40be-8cda-0fe397874442}]]></GPODomainGuid><GPODomainController><![CDATA[svdcav03.avpclan.aerovironment.com]]></GPODomainController><BackupTime><![CDATA[2025-01-15T23:18:03]]></BackupTime><ID><![CDATA[{38A2F092-091E-4ED8-ACBA-70DF26227400}]]></ID><Comment><![CDATA[2025-01-15 Jesse Wyatt]]></Comment><GPODisplayName><![CDATA[AVD-User-Config-Start-Menu]]></GPODisplayName></BackupInst><BackupInst><GPOGuid><![CDATA[{708BE748-F53A-49A9-BD93-F8ADAADFBC9A}]]></GPOGuid><GPODomain><![CDATA[avpclan.aerovironment.com]]></GPODomain><GPODomainGuid><![CDATA[{dbc85ce9-d0d7-40be-8cda-0fe397874442}]]></GPODomainGuid><GPODomainController><![CDATA[svdcav03.avpclan.aerovironment.com]]></GPODomainController><BackupTime><![CDATA[2025-01-15T23:17:59]]></BackupTime><ID><![CDATA[{2F86A3E0-CD2F-400D-AB94-19028D113018}]]></ID><Comment><![CDATA[2025-01-15 Jesse Wyatt]]></Comment><GPODisplayName><![CDATA[AVD-User-Config-Session Time Limits]]></GPODisplayName></BackupInst><BackupInst><GPOGuid><![CDATA[{463CC074-B291-409B-8792-C12312A5E00E}]]></GPOGuid><GPODomain><![CDATA[avpclan.aerovironment.com]]></GPODomain><GPODomainGuid><![CDATA[{dbc85ce9-d0d7-40be-8cda-0fe397874442}]]></GPODomainGuid><GPODomainController><![CDATA[svdcav03.avpclan.aerovironment.com]]></GPODomainController><BackupTime><![CDATA[2025-01-15T23:17:53]]></BackupTime><ID><![CDATA[{E56D6FC9-D9F8-4FFA-9FF4-412C7F4DB9EB}]]></ID><Comment><![CDATA[2025-01-15 Jesse Wyatt]]></Comment><GPODisplayName><![CDATA[AVD-User-Config-OneDrive]]></GPODisplayName></BackupInst><BackupInst><GPOGuid><![CDATA[{9C2AE31E-C698-42E7-9A0D-6802D16C5178}]]></GPOGuid><GPODomain><![CDATA[avpclan.aerovironment.com]]></GPODomain><GPODomainGuid><![CDATA[{dbc85ce9-d0d7-40be-8cda-0fe397874442}]]></GPODomainGuid><GPODomainController><![CDATA[svdcav03.avpclan.aerovironment.com]]></GPODomainController><BackupTime><![CDATA[2025-01-15T23:17:48]]></BackupTime><ID><![CDATA[{48D295C6-7F42-4933-B754-EF8CAA195E2A}]]></ID><Comment><![CDATA[2025-01-15 Jesse Wyatt]]></Comment><GPODisplayName><![CDATA[AVD-User-Config-Office]]></GPODisplayName></BackupInst><BackupInst><GPOGuid><![CDATA[{A41A2075-9F71-48BE-A42E-7E850C676537}]]></GPOGuid><GPODomain><![CDATA[avpclan.aerovironment.com]]></GPODomain><GPODomainGuid><![CDATA[{dbc85ce9-d0d7-40be-8cda-0fe397874442}]]></GPODomainGuid><GPODomainController><![CDATA[svdcav03.avpclan.aerovironment.com]]></GPODomainController><BackupTime><![CDATA[2025-01-15T23:17:44]]></BackupTime><ID><![CDATA[{0086A305-1C52-4300-A7A4-6C0EB64EFFD7}]]></ID><Comment><![CDATA[2025-01-15 Jesse Wyatt]]></Comment><GPODisplayName><![CDATA[AVD-User-Config-Network]]></GPODisplayName></BackupInst><BackupInst><GPOGuid><![CDATA[{02E53F07-272F-4924-A328-C4EF84550E34}]]></GPOGuid><GPODomain><![CDATA[avpclan.aerovironment.com]]></GPODomain><GPODomainGuid><![CDATA[{dbc85ce9-d0d7-40be-8cda-0fe397874442}]]></GPODomainGuid><GPODomainController><![CDATA[svdcav03.avpclan.aerovironment.com]]></GPODomainController><BackupTime><![CDATA[2025-01-15T23:17:40]]></BackupTime><ID><![CDATA[{85BA1D64-3642-41BD-8ECB-94911E45467B}]]></ID><Comment><![CDATA[2025-01-15 Jesse Wyatt]]></Comment><GPODisplayName><![CDATA[AVD-User-Config-Internet-Explorer]]></GPODisplayName></BackupInst><BackupInst><GPOGuid><![CDATA[{28AD2C75-F18B-4850-891A-2F47681DB47B}]]></GPOGuid><GPODomain><![CDATA[avpclan.aerovironment.com]]></GPODomain><GPODomainGuid><![CDATA[{dbc85ce9-d0d7-40be-8cda-0fe397874442}]]></GPODomainGuid><GPODomainController><![CDATA[svdcav03.avpclan.aerovironment.com]]></GPODomainController><BackupTime><![CDATA[2025-01-15T23:17:36]]></BackupTime><ID><![CDATA[{C74B19F7-4C77-463D-B379-99A3E675D4DB}]]></ID><Comment><![CDATA[2025-01-15 Jesse Wyatt]]></Comment><GPODisplayName><![CDATA[AVD-User-Config-General]]></GPODisplayName></BackupInst><BackupInst><GPOGuid><![CDATA[{6D2E3AF4-DEFC-48BD-BB91-AD4B602FCA1F}]]></GPOGuid><GPODomain><![CDATA[avpclan.aerovironment.com]]></GPODomain><GPODomainGuid><![CDATA[{dbc85ce9-d0d7-40be-8cda-0fe397874442}]]></GPODomainGuid><GPODomainController><![CDATA[svdcav03.avpclan.aerovironment.com]]></GPODomainController><BackupTime><![CDATA[2025-01-15T23:17:32]]></BackupTime><ID><![CDATA[{97BC5018-09C2-41E0-940B-8004F4DD83E4}]]></ID><Comment><![CDATA[2025-01-15 Jesse Wyatt]]></Comment><GPODisplayName><![CDATA[AVD-User-Config-Desktop]]></GPODisplayName></BackupInst><BackupInst><GPOGuid><![CDATA[{25D7AE69-88A3-4CBD-A2A3-732E281BFD25}]]></GPOGuid><GPODomain><![CDATA[avpclan.aerovironment.com]]></GPODomain><GPODomainGuid><![CDATA[{dbc85ce9-d0d7-40be-8cda-0fe397874442}]]></GPODomainGuid><GPODomainController><![CDATA[svdcav03.avpclan.aerovironment.com]]></GPODomainController><BackupTime><![CDATA[2025-01-15T23:17:27]]></BackupTime><ID><![CDATA[{DD08D40D-B04C-45AF-BED1-4371138DAF46}]]></ID><Comment><![CDATA[2025-01-15 Jesse Wyatt]]></Comment><GPODisplayName><![CDATA[AVD-User-Config-Control-Panel]]></GPODisplayName></BackupInst><BackupInst><GPOGuid><![CDATA[{C9E237BE-F970-408D-BDC1-79C8C68B638C}]]></GPOGuid><GPODomain><![CDATA[avpclan.aerovironment.com]]></GPODomain><GPODomainGuid><![CDATA[{dbc85ce9-d0d7-40be-8cda-0fe397874442}]]></GPODomainGuid><GPODomainController><![CDATA[svdcav03.avpclan.aerovironment.com]]></GPODomainController><BackupTime><![CDATA[2025-01-15T23:17:22]]></BackupTime><ID><![CDATA[{AF37E73D-37F8-482E-A2E1-A1AB9793E449}]]></ID><Comment><![CDATA[2025-01-15 Jesse Wyatt]]></Comment><GPODisplayName><![CDATA[AV-Domain Default-Workstation]]></GPODisplayName></BackupInst><BackupInst><GPOGuid><![CDATA[{EE286529-A878-44A1-9505-C564C65A98B8}]]></GPOGuid><GPODomain><![CDATA[avpclan.aerovironment.com]]></GPODomain><GPODomainGuid><![CDATA[{dbc85ce9-d0d7-40be-8cda-0fe397874442}]]></GPODomainGuid><GPODomainController><![CDATA[svdcav03.avpclan.aerovironment.com]]></GPODomainController><BackupTime><![CDATA[2025-01-15T23:17:18]]></BackupTime><ID><![CDATA[{ADD46EC7-0D39-468B-9718-BCD374A6ED18}]]></ID><Comment><![CDATA[2025-01-15 Jesse Wyatt]]></Comment><GPODisplayName><![CDATA[AV-Domain Default-Servers QOL]]></GPODisplayName></BackupInst><BackupInst><GPOGuid><![CDATA[{DE0C57B8-1CEB-4D69-A975-0985FCC2EAEE}]]></GPOGuid><GPODomain><![CDATA[avpclan.aerovironment.com]]></GPODomain><GPODomainGuid><![CDATA[{dbc85ce9-d0d7-40be-8cda-0fe397874442}]]></GPODomainGuid><GPODomainController><![CDATA[svdcav03.avpclan.aerovironment.com]]></GPODomainController><BackupTime><![CDATA[2025-01-15T23:17:11]]></BackupTime><ID><![CDATA[{844DD642-B206-4225-9B99-80D944D213BA}]]></ID><Comment><![CDATA[2025-01-15 Jesse Wyatt]]></Comment><GPODisplayName><![CDATA[AV-Domain Default-Servers]]></GPODisplayName></BackupInst><BackupInst><GPOGuid><![CDATA[{15FF88F4-A017-4226-8D6D-FE0B66E90F58}]]></GPOGuid><GPODomain><![CDATA[avpclan.aerovironment.com]]></GPODomain><GPODomainGuid><![CDATA[{dbc85ce9-d0d7-40be-8cda-0fe397874442}]]></GPODomainGuid><GPODomainController><![CDATA[svdcav03.avpclan.aerovironment.com]]></GPODomainController><BackupTime><![CDATA[2025-01-15T23:17:04]]></BackupTime><ID><![CDATA[{3D90CD62-A0D1-48D1-9CE7-15F12BC31C35}]]></ID><Comment><![CDATA[2025-01-15 Jesse Wyatt]]></Comment><GPODisplayName><![CDATA[AV-Domain Default-Security Settings]]></GPODisplayName></BackupInst><BackupInst><GPOGuid><![CDATA[{28131630-0340-4929-8EE8-C762B5C1C8A4}]]></GPOGuid><GPODomain><![CDATA[avpclan.aerovironment.com]]></GPODomain><GPODomainGuid><![CDATA[{dbc85ce9-d0d7-40be-8cda-0fe397874442}]]></GPODomainGuid><GPODomainController><![CDATA[svdcav03.avpclan.aerovironment.com]]></GPODomainController><BackupTime><![CDATA[2025-01-15T23:16:58]]></BackupTime><ID><![CDATA[{9CA45D29-480A-4627-B7EE-C56A15640838}]]></ID><Comment><![CDATA[2025-01-15 Jesse Wyatt]]></Comment><GPODisplayName><![CDATA[AV-Domain Default-Security Groups]]></GPODisplayName></BackupInst><BackupInst><GPOGuid><![CDATA[{089E2320-8AF4-41AA-AD9B-91386D7BA9DC}]]></GPOGuid><GPODomain><![CDATA[avpclan.aerovironment.com]]></GPODomain><GPODomainGuid><![CDATA[{dbc85ce9-d0d7-40be-8cda-0fe397874442}]]></GPODomainGuid><GPODomainController><![CDATA[svdcav03.avpclan.aerovironment.com]]></GPODomainController><BackupTime><![CDATA[2025-01-15T23:16:53]]></BackupTime><ID><![CDATA[{6366DB6E-1091-4EAD-9FA6-08550691E5BB}]]></ID><Comment><![CDATA[2025-01-15 Jesse Wyatt]]></Comment><GPODisplayName><![CDATA[AV-Domain Default-Security AdministrativeTemplates]]></GPODisplayName></BackupInst><BackupInst><GPOGuid><![CDATA[{C5387626-D47D-4F90-AE9F-7FEAB6569811}]]></GPOGuid><GPODomain><![CDATA[avpclan.aerovironment.com]]></GPODomain><GPODomainGuid><![CDATA[{dbc85ce9-d0d7-40be-8cda-0fe397874442}]]></GPODomainGuid><GPODomainController><![CDATA[svdcav03.avpclan.aerovironment.com]]></GPODomainController><BackupTime><![CDATA[2025-01-15T23:16:47]]></BackupTime><ID><![CDATA[{21B23676-CE42-41A1-9F77-9F341654EF04}]]></ID><Comment><![CDATA[2025-01-15 Jesse Wyatt]]></Comment><GPODisplayName><![CDATA[AV-Domain Default-Networking]]></GPODisplayName></BackupInst><BackupInst mfst:SIPresent="true"><GPOGuid><![CDATA[{A966DBA7-A9C4-4B4E-B80B-4BB8566BB6CA}]]></GPOGuid><GPODomain><![CDATA[avpclan.aerovironment.com]]></GPODomain><GPODomainGuid><![CDATA[{dbc85ce9-d0d7-40be-8cda-0fe397874442}]]></GPODomainGuid><GPODomainController><![CDATA[svdcav03.avpclan.aerovironment.com]]></GPODomainController><BackupTime><![CDATA[2025-01-15T23:16:25]]></BackupTime><ID><![CDATA[{473237BA-2FD4-4011-B111-1D90A7388E57}]]></ID><Comment><![CDATA[2025-01-15 Jesse Wyatt]]></Comment><GPODisplayName><![CDATA[AVD-Computer-Default Domain Policy]]></GPODisplayName></BackupInst><BackupInst><GPOGuid><![CDATA[{7B501511-F9D0-4A7D-81A6-5D736C619DC6}]]></GPOGuid><GPODomain><![CDATA[avpclan.aerovironment.com]]></GPODomain><GPODomainGuid><![CDATA[{dbc85ce9-d0d7-40be-8cda-0fe397874442}]]></GPODomainGuid><GPODomainController><![CDATA[svdcav03.avpclan.aerovironment.com]]></GPODomainController><BackupTime><![CDATA[2025-01-15T23:16:20]]></BackupTime><ID><![CDATA[{A8A5B34D-6A6C-4AF8-904C-3F2D6E61CEDC}]]></ID><Comment><![CDATA[2025-01-15 Jesse Wyatt]]></Comment><GPODisplayName><![CDATA[AVD-Computer-Config-Windows-Store]]></GPODisplayName></BackupInst><BackupInst><GPOGuid><![CDATA[{1853F9B8-508A-4E1C-B415-D3BB900CF3A2}]]></GPOGuid><GPODomain><![CDATA[avpclan.aerovironment.com]]></GPODomain><GPODomainGuid><![CDATA[{dbc85ce9-d0d7-40be-8cda-0fe397874442}]]></GPODomainGuid><GPODomainController><![CDATA[svdcav03.avpclan.aerovironment.com]]></GPODomainController><BackupTime><![CDATA[2025-01-15T23:16:16]]></BackupTime><ID><![CDATA[{CFDC4495-9884-4780-B974-0FFA895ECF3F}]]></ID><Comment><![CDATA[2025-01-15 Jesse Wyatt]]></Comment><GPODisplayName><![CDATA[AVD-Computer-Config-Update]]></GPODisplayName></BackupInst><BackupInst><GPOGuid><![CDATA[{DB3E6C72-3498-4273-9DBA-438B7CA5FA68}]]></GPOGuid><GPODomain><![CDATA[avpclan.aerovironment.com]]></GPODomain><GPODomainGuid><![CDATA[{dbc85ce9-d0d7-40be-8cda-0fe397874442}]]></GPODomainGuid><GPODomainController><![CDATA[svdcav03.avpclan.aerovironment.com]]></GPODomainController><BackupTime><![CDATA[2025-01-15T23:16:12]]></BackupTime><ID><![CDATA[{5AEF852E-C85C-4F53-AB97-723E27DB3FA2}]]></ID><Comment><![CDATA[2025-01-15 Jesse Wyatt]]></Comment><GPODisplayName><![CDATA[AVD-Computer-Config-Timezone]]></GPODisplayName></BackupInst><BackupInst><GPOGuid><![CDATA[{4DC840E4-8695-46D0-83BC-B95257D9C294}]]></GPOGuid><GPODomain><![CDATA[avpclan.aerovironment.com]]></GPODomain><GPODomainGuid><![CDATA[{dbc85ce9-d0d7-40be-8cda-0fe397874442}]]></GPODomainGuid><GPODomainController><![CDATA[svdcav03.avpclan.aerovironment.com]]></GPODomainController><BackupTime><![CDATA[2025-01-15T23:16:08]]></BackupTime><ID><![CDATA[{B5CC4B20-BFFB-4E5C-8EC0-191CD5B2DF58}]]></ID><Comment><![CDATA[2025-01-15 Jesse Wyatt]]></Comment><GPODisplayName><![CDATA[AVD-Computer-Config-System]]></GPODisplayName></BackupInst><BackupInst><GPOGuid><![CDATA[{2250A851-D542-48AA-8F38-7D946E16A8F3}]]></GPOGuid><GPODomain><![CDATA[avpclan.aerovironment.com]]></GPODomain><GPODomainGuid><![CDATA[{dbc85ce9-d0d7-40be-8cda-0fe397874442}]]></GPODomainGuid><GPODomainController><![CDATA[svdcav03.avpclan.aerovironment.com]]></GPODomainController><BackupTime><![CDATA[2025-01-15T23:16:02]]></BackupTime><ID><![CDATA[{3FE33863-7BF7-46BC-BD0F-048A1C8A5725}]]></ID><Comment><![CDATA[2025-01-15 Jesse Wyatt]]></Comment><GPODisplayName><![CDATA[AVD-Computer-Config-Session]]></GPODisplayName></BackupInst><BackupInst><GPOGuid><![CDATA[{1FEDECA2-FBCE-489D-8D40-3DCEA51324C5}]]></GPOGuid><GPODomain><![CDATA[avpclan.aerovironment.com]]></GPODomain><GPODomainGuid><![CDATA[{dbc85ce9-d0d7-40be-8cda-0fe397874442}]]></GPODomainGuid><GPODomainController><![CDATA[svdcav03.avpclan.aerovironment.com]]></GPODomainController><BackupTime><![CDATA[2025-01-15T23:15:58]]></BackupTime><ID><![CDATA[{2A9557F6-8139-45C7-99B0-E6CEDD46D858}]]></ID><Comment><![CDATA[2025-01-15 Jesse Wyatt]]></Comment><GPODisplayName><![CDATA[AVD-Computer-Config-Search]]></GPODisplayName></BackupInst><BackupInst><GPOGuid><![CDATA[{A185047B-C47B-44BE-A0BD-971149AABB37}]]></GPOGuid><GPODomain><![CDATA[avpclan.aerovironment.com]]></GPODomain><GPODomainGuid><![CDATA[{dbc85ce9-d0d7-40be-8cda-0fe397874442}]]></GPODomainGuid><GPODomainController><![CDATA[svdcav03.avpclan.aerovironment.com]]></GPODomainController><BackupTime><![CDATA[2025-01-15T23:15:54]]></BackupTime><ID><![CDATA[{E32EB909-6B6A-409F-A9AF-E5ECEC64ABED}]]></ID><Comment><![CDATA[2025-01-15 Jesse Wyatt]]></Comment><GPODisplayName><![CDATA[AVD-Computer-Config-Network]]></GPODisplayName></BackupInst><BackupInst><GPOGuid><![CDATA[{60E22118-70DD-4878-B20E-01319E028FB2}]]></GPOGuid><GPODomain><![CDATA[avpclan.aerovironment.com]]></GPODomain><GPODomainGuid><![CDATA[{dbc85ce9-d0d7-40be-8cda-0fe397874442}]]></GPODomainGuid><GPODomainController><![CDATA[svdcav03.avpclan.aerovironment.com]]></GPODomainController><BackupTime><![CDATA[2025-01-15T23:15:50]]></BackupTime><ID><![CDATA[{49DE478D-020B-4744-8C4A-BEF6A4FA7EBE}]]></ID><Comment><![CDATA[2025-01-15 Jesse Wyatt]]></Comment><GPODisplayName><![CDATA[AVD-Computer-Config-Internet-Explorer]]></GPODisplayName></BackupInst><BackupInst><GPOGuid><![CDATA[{DE0C9F16-2ABA-49C7-86AC-72906C4D3E1E}]]></GPOGuid><GPODomain><![CDATA[avpclan.aerovironment.com]]></GPODomain><GPODomainGuid><![CDATA[{dbc85ce9-d0d7-40be-8cda-0fe397874442}]]></GPODomainGuid><GPODomainController><![CDATA[svdcav03.avpclan.aerovironment.com]]></GPODomainController><BackupTime><![CDATA[2025-01-15T23:15:46]]></BackupTime><ID><![CDATA[{80120E4F-B40C-4E7D-A261-D9EAD5EB5A88}]]></ID><Comment><![CDATA[2025-01-15 Jesse Wyatt]]></Comment><GPODisplayName><![CDATA[AVD-Computer-Config-Internet-Communication]]></GPODisplayName></BackupInst><BackupInst><GPOGuid><![CDATA[{AC9E013E-8D55-495D-B010-4176AF8C807F}]]></GPOGuid><GPODomain><![CDATA[avpclan.aerovironment.com]]></GPODomain><GPODomainGuid><![CDATA[{dbc85ce9-d0d7-40be-8cda-0fe397874442}]]></GPODomainGuid><GPODomainController><![CDATA[svdcav03.avpclan.aerovironment.com]]></GPODomainController><BackupTime><![CDATA[2025-01-15T23:15:41]]></BackupTime><ID><![CDATA[{425711A1-536F-4016-86A5-467521DBC974}]]></ID><Comment><![CDATA[2025-01-15 Jesse Wyatt]]></Comment><GPODisplayName><![CDATA[AVD-Computer-Config-General]]></GPODisplayName></BackupInst><BackupInst><GPOGuid><![CDATA[{F8A6A893-D267-4D5C-ACE1-FBE9F1FCEA7D}]]></GPOGuid><GPODomain><![CDATA[avpclan.aerovironment.com]]></GPODomain><GPODomainGuid><![CDATA[{dbc85ce9-d0d7-40be-8cda-0fe397874442}]]></GPODomainGuid><GPODomainController><![CDATA[svdcav03.avpclan.aerovironment.com]]></GPODomainController><BackupTime><![CDATA[2025-01-15T23:15:37]]></BackupTime><ID><![CDATA[{857067E8-EEA5-4436-BD9D-D2ADC6E93AAC}]]></ID><Comment><![CDATA[2025-01-15 Jesse Wyatt]]></Comment><GPODisplayName><![CDATA[AVD-Computer-Config-Audit-Settings]]></GPODisplayName></BackupInst><BackupInst><GPOGuid><![CDATA[{D7CE9E03-95D5-4C6A-9B82-F05197806AC7}]]></GPOGuid><GPODomain><![CDATA[avpclan.aerovironment.com]]></GPODomain><GPODomainGuid><![CDATA[{dbc85ce9-d0d7-40be-8cda-0fe397874442}]]></GPODomainGuid><GPODomainController><![CDATA[svdcav03.avpclan.aerovironment.com]]></GPODomainController><BackupTime><![CDATA[2025-01-15T23:15:33]]></BackupTime><ID><![CDATA[{052474B8-E7D6-44B8-B3E5-B6F26D58D2E9}]]></ID><Comment><![CDATA[2025-01-15 Jesse Wyatt]]></Comment><GPODisplayName><![CDATA[AVD-Computer-Config-AADHybridJoin]]></GPODisplayName></BackupInst><BackupInst><GPOGuid><![CDATA[{BAC571DC-C4FB-47B9-9FCD-7AB8FABA2CA6}]]></GPOGuid><GPODomain><![CDATA[avpclan.aerovironment.com]]></GPODomain><GPODomainGuid><![CDATA[{dbc85ce9-d0d7-40be-8cda-0fe397874442}]]></GPODomainGuid><GPODomainController><![CDATA[svdcav03.avpclan.aerovironment.com]]></GPODomainController><BackupTime><![CDATA[2025-01-15T23:15:27]]></BackupTime><ID><![CDATA[{2357724E-21F1-483E-A74F-5386A591AA86}]]></ID><Comment><![CDATA[2025-01-15 Jesse Wyatt]]></Comment><GPODisplayName><![CDATA[AVD-ARIZONA-EXPORT-FSLOGIX Map Drive]]></GPODisplayName></BackupInst><BackupInst><GPOGuid><![CDATA[{66F87C86-4308-4E99-9527-265EDA307F41}]]></GPOGuid><GPODomain><![CDATA[avpclan.aerovironment.com]]></GPODomain><GPODomainGuid><![CDATA[{dbc85ce9-d0d7-40be-8cda-0fe397874442}]]></GPODomainGuid><GPODomainController><![CDATA[svdcav03.avpclan.aerovironment.com]]></GPODomainController><BackupTime><![CDATA[2025-01-15T23:15:22]]></BackupTime><ID><![CDATA[{C26E2BEA-2266-4C1F-8075-86FF0C8347AF}]]></ID><Comment><![CDATA[2025-01-15 Jesse Wyatt]]></Comment><GPODisplayName><![CDATA[AVD-ARIZONA-EXPORT-FSLOGIX]]></GPODisplayName></BackupInst><BackupInst><GPOGuid><![CDATA[{D8350A29-D19F-4F42-B6B5-57A1E16BC8AF}]]></GPOGuid><GPODomain><![CDATA[avpclan.aerovironment.com]]></GPODomain><GPODomainGuid><![CDATA[{dbc85ce9-d0d7-40be-8cda-0fe397874442}]]></GPODomainGuid><GPODomainController><![CDATA[svdcav03.avpclan.aerovironment.com]]></GPODomainController><BackupTime><![CDATA[2025-01-15T23:15:17]]></BackupTime><ID><![CDATA[{6837DE75-741A-4461-9E32-A6222EC095A2}]]></ID><Comment><![CDATA[2025-01-15 Jesse Wyatt]]></Comment><GPODisplayName><![CDATA[AVD-ARIZONA-COMMERCIAL-FSLOGIX]]></GPODisplayName></BackupInst><BackupInst><GPOGuid><![CDATA[{E177AD7A-669D-4562-9D56-5579DDC1D7F8}]]></GPOGuid><GPODomain><![CDATA[avpclan.aerovironment.com]]></GPODomain><GPODomainGuid><![CDATA[{dbc85ce9-d0d7-40be-8cda-0fe397874442}]]></GPODomainGuid><GPODomainController><![CDATA[svdcav03.avpclan.aerovironment.com]]></GPODomainController><BackupTime><![CDATA[2025-01-15T23:15:13]]></BackupTime><ID><![CDATA[{72C14092-9083-45D7-B7BC-76B19C546C8E}]]></ID><Comment><![CDATA[2025-01-15 Jesse Wyatt]]></Comment><GPODisplayName><![CDATA[AV-Computer-Web_Shortcut-Timeclock]]></GPODisplayName></BackupInst><BackupInst><GPOGuid><![CDATA[{E528FC97-B68F-485B-995C-34273694CEC1}]]></GPOGuid><GPODomain><![CDATA[avpclan.aerovironment.com]]></GPODomain><GPODomainGuid><![CDATA[{dbc85ce9-d0d7-40be-8cda-0fe397874442}]]></GPODomainGuid><GPODomainController><![CDATA[svdcav03.avpclan.aerovironment.com]]></GPODomainController><BackupTime><![CDATA[2025-01-15T23:15:07]]></BackupTime><ID><![CDATA[{4EC14D49-785C-4BED-B658-12741EFAE2B5}]]></ID><Comment><![CDATA[2025-01-15 Jesse Wyatt]]></Comment><GPODisplayName><![CDATA[AV-Computer-Config-NTP secondary time fix]]></GPODisplayName></BackupInst><BackupInst><GPOGuid><![CDATA[{AB56E910-D633-4900-B703-705B88C4021D}]]></GPOGuid><GPODomain><![CDATA[avpclan.aerovironment.com]]></GPODomain><GPODomainGuid><![CDATA[{dbc85ce9-d0d7-40be-8cda-0fe397874442}]]></GPODomainGuid><GPODomainController><![CDATA[svdcav03.avpclan.aerovironment.com]]></GPODomainController><BackupTime><![CDATA[2025-01-15T23:15:04]]></BackupTime><ID><![CDATA[{13090EAC-B5F2-4D34-9C53-00D685BD0CD6}]]></ID><Comment><![CDATA[2025-01-15 Jesse Wyatt]]></Comment><GPODisplayName><![CDATA[AV-Computer-Config Win11 Test]]></GPODisplayName></BackupInst><BackupInst><GPOGuid><![CDATA[{3F5CBFFD-D917-43EB-ACC1-2F665D417783}]]></GPOGuid><GPODomain><![CDATA[avpclan.aerovironment.com]]></GPODomain><GPODomainGuid><![CDATA[{dbc85ce9-d0d7-40be-8cda-0fe397874442}]]></GPODomainGuid><GPODomainController><![CDATA[svdcav03.avpclan.aerovironment.com]]></GPODomainController><BackupTime><![CDATA[2025-01-15T23:14:58]]></BackupTime><ID><![CDATA[{7FE72EFD-EF3F-49FE-9FD9-A5537493C647}]]></ID><Comment><![CDATA[2025-01-15 Jesse Wyatt]]></Comment><GPODisplayName><![CDATA[AV-Computer-Config Win11 Power Settings]]></GPODisplayName></BackupInst><BackupInst><GPOGuid><![CDATA[{78E18357-4CF1-4FAF-95CB-ACBF10BA7C89}]]></GPOGuid><GPODomain><![CDATA[avpclan.aerovironment.com]]></GPODomain><GPODomainGuid><![CDATA[{dbc85ce9-d0d7-40be-8cda-0fe397874442}]]></GPODomainGuid><GPODomainController><![CDATA[svdcav03.avpclan.aerovironment.com]]></GPODomainController><BackupTime><![CDATA[2025-01-15T23:14:53]]></BackupTime><ID><![CDATA[{6F838FAF-FB55-441C-BD6E-A46BE2B0F72C}]]></ID><Comment><![CDATA[2025-01-15 Jesse Wyatt]]></Comment><GPODisplayName><![CDATA[AV-Computer-Config Win11 Personalization]]></GPODisplayName></BackupInst><BackupInst><GPOGuid><![CDATA[{6C3E5341-B555-4B75-9D2E-46E41406DF9E}]]></GPOGuid><GPODomain><![CDATA[avpclan.aerovironment.com]]></GPODomain><GPODomainGuid><![CDATA[{dbc85ce9-d0d7-40be-8cda-0fe397874442}]]></GPODomainGuid><GPODomainController><![CDATA[svdcav03.avpclan.aerovironment.com]]></GPODomainController><BackupTime><![CDATA[2025-01-15T23:14:45]]></BackupTime><ID><![CDATA[{0B6D5473-D95C-4BBA-892D-E624F4E428C2}]]></ID><Comment><![CDATA[2025-01-15 Jesse Wyatt]]></Comment><GPODisplayName><![CDATA[AV-Computer-Config Uniflow Printers]]></GPODisplayName></BackupInst><BackupInst><GPOGuid><![CDATA[{CEA77403-85CE-4132-B78F-064BDA0A2322}]]></GPOGuid><GPODomain><![CDATA[avpclan.aerovironment.com]]></GPODomain><GPODomainGuid><![CDATA[{dbc85ce9-d0d7-40be-8cda-0fe397874442}]]></GPODomainGuid><GPODomainController><![CDATA[svdcav03.avpclan.aerovironment.com]]></GPODomainController><BackupTime><![CDATA[2025-01-15T23:14:42]]></BackupTime><ID><![CDATA[{0571A3D5-F09D-43ED-BC0F-8E81FF5297A0}]]></ID><Comment><![CDATA[2025-01-15 Jesse Wyatt]]></Comment><GPODisplayName><![CDATA[AV-Computer-Config Set Outlook as default mail client]]></GPODisplayName></BackupInst><BackupInst><GPOGuid><![CDATA[{287B1FB0-3591-42BF-983E-4AF3216B0941}]]></GPOGuid><GPODomain><![CDATA[avpclan.aerovironment.com]]></GPODomain><GPODomainGuid><![CDATA[{dbc85ce9-d0d7-40be-8cda-0fe397874442}]]></GPODomainGuid><GPODomainController><![CDATA[svdcav03.avpclan.aerovironment.com]]></GPODomainController><BackupTime><![CDATA[2025-01-15T23:14:37]]></BackupTime><ID><![CDATA[{4B562831-4986-4C48-AD6F-066746D61E21}]]></ID><Comment><![CDATA[2025-01-15 Jesse Wyatt]]></Comment><GPODisplayName><![CDATA[AV-Computer-Config Screen Saver 15 min]]></GPODisplayName></BackupInst><BackupInst><GPOGuid><![CDATA[{4893F0FD-01A3-42DD-B10C-B01B8516D5F7}]]></GPOGuid><GPODomain><![CDATA[avpclan.aerovironment.com]]></GPODomain><GPODomainGuid><![CDATA[{dbc85ce9-d0d7-40be-8cda-0fe397874442}]]></GPODomainGuid><GPODomainController><![CDATA[svdcav03.avpclan.aerovironment.com]]></GPODomainController><BackupTime><![CDATA[2025-01-15T23:14:33]]></BackupTime><ID><![CDATA[{2805F0BB-3DAB-41AE-9DCC-7BAC7088012C}]]></ID><Comment><![CDATA[2025-01-15 Jesse Wyatt]]></Comment><GPODisplayName><![CDATA[AV-Computer-Config RDP Session Limit - 1 hrs]]></GPODisplayName></BackupInst><BackupInst><GPOGuid><![CDATA[{876E7F6A-80B4-4080-A2EE-8F7C44DFDF59}]]></GPOGuid><GPODomain><![CDATA[avpclan.aerovironment.com]]></GPODomain><GPODomainGuid><![CDATA[{dbc85ce9-d0d7-40be-8cda-0fe397874442}]]></GPODomainGuid><GPODomainController><![CDATA[svdcav03.avpclan.aerovironment.com]]></GPODomainController><BackupTime><![CDATA[2025-01-15T23:14:29]]></BackupTime><ID><![CDATA[{D3D312EC-7A24-4CE1-AD90-7218A9EA0947}]]></ID><Comment><![CDATA[2025-01-15 Jesse Wyatt]]></Comment><GPODisplayName><![CDATA[AV-Computer-Config Printer Install Permissions]]></GPODisplayName></BackupInst><BackupInst><GPOGuid><![CDATA[{D0AE8076-0DE6-471E-94C3-65EDB6DA6CEB}]]></GPOGuid><GPODomain><![CDATA[avpclan.aerovironment.com]]></GPODomain><GPODomainGuid><![CDATA[{dbc85ce9-d0d7-40be-8cda-0fe397874442}]]></GPODomainGuid><GPODomainController><![CDATA[svdcav03.avpclan.aerovironment.com]]></GPODomainController><BackupTime><![CDATA[2025-01-15T23:14:24]]></BackupTime><ID><![CDATA[{26D97E34-2D1C-4058-8261-1D0E53C421C6}]]></ID><Comment><![CDATA[2025-01-15 Jesse Wyatt]]></Comment><GPODisplayName><![CDATA[AV-Computer-Config Enable SMB Signing]]></GPODisplayName></BackupInst><BackupInst><GPOGuid><![CDATA[{797D1247-3BD2-4D5C-8C77-69D004BD4CC3}]]></GPOGuid><GPODomain><![CDATA[avpclan.aerovironment.com]]></GPODomain><GPODomainGuid><![CDATA[{dbc85ce9-d0d7-40be-8cda-0fe397874442}]]></GPODomainGuid><GPODomainController><![CDATA[svdcav03.avpclan.aerovironment.com]]></GPODomainController><BackupTime><![CDATA[2025-01-15T23:14:20]]></BackupTime><ID><![CDATA[{04FC1A44-61D8-4581-B6B6-FDB1AD7AD47E}]]></ID><Comment><![CDATA[2025-01-15 Jesse Wyatt]]></Comment><GPODisplayName><![CDATA[AV-Computer-Config Enable Long Paths]]></GPODisplayName></BackupInst><BackupInst><GPOGuid><![CDATA[{259F0D13-232E-4BBA-A8D8-619E02DE3EB2}]]></GPOGuid><GPODomain><![CDATA[avpclan.aerovironment.com]]></GPODomain><GPODomainGuid><![CDATA[{dbc85ce9-d0d7-40be-8cda-0fe397874442}]]></GPODomainGuid><GPODomainController><![CDATA[svdcav03.avpclan.aerovironment.com]]></GPODomainController><BackupTime><![CDATA[2025-01-15T23:14:17]]></BackupTime><ID><![CDATA[{49E1915C-6C01-499D-BF37-E77204E5B95E}]]></ID><Comment><![CDATA[2025-01-15 Jesse Wyatt]]></Comment><GPODisplayName><![CDATA[AV-Computer-Config Disable SMB1]]></GPODisplayName></BackupInst><BackupInst><GPOGuid><![CDATA[{F753C2DE-7ADE-4361-BEA3-B39D4312153F}]]></GPOGuid><GPODomain><![CDATA[avpclan.aerovironment.com]]></GPODomain><GPODomainGuid><![CDATA[{dbc85ce9-d0d7-40be-8cda-0fe397874442}]]></GPODomainGuid><GPODomainController><![CDATA[svdcav03.avpclan.aerovironment.com]]></GPODomainController><BackupTime><![CDATA[2025-01-15T23:14:12]]></BackupTime><ID><![CDATA[{301E299B-9200-4C6F-85D0-2A2FA3634FC2}]]></ID><Comment><![CDATA[2025-01-15 Jesse Wyatt]]></Comment><GPODisplayName><![CDATA[AV-Computer-Config Disable Null Sessions]]></GPODisplayName></BackupInst><BackupInst><GPOGuid><![CDATA[{DC99AA08-FABC-44F8-BC83-4BA9E634BB11}]]></GPOGuid><GPODomain><![CDATA[avpclan.aerovironment.com]]></GPODomain><GPODomainGuid><![CDATA[{dbc85ce9-d0d7-40be-8cda-0fe397874442}]]></GPODomainGuid><GPODomainController><![CDATA[svdcav03.avpclan.aerovironment.com]]></GPODomainController><BackupTime><![CDATA[2025-01-15T23:14:07]]></BackupTime><ID><![CDATA[{D6138610-5FA4-4C23-8FCB-E7D933C9E63F}]]></ID><Comment><![CDATA[2025-01-15 Jesse Wyatt]]></Comment><GPODisplayName><![CDATA[AV-Computer-Config Disable IE AutoProxy New]]></GPODisplayName></BackupInst><BackupInst><GPOGuid><![CDATA[{342C2AB1-52B9-4717-99B5-33A90CE1B03A}]]></GPOGuid><GPODomain><![CDATA[avpclan.aerovironment.com]]></GPODomain><GPODomainGuid><![CDATA[{dbc85ce9-d0d7-40be-8cda-0fe397874442}]]></GPODomainGuid><GPODomainController><![CDATA[svdcav03.avpclan.aerovironment.com]]></GPODomainController><BackupTime><![CDATA[2025-01-15T23:14:02]]></BackupTime><ID><![CDATA[{6B0759B6-467F-4ED2-9A25-AFD833022A34}]]></ID><Comment><![CDATA[2025-01-15 Jesse Wyatt]]></Comment><GPODisplayName><![CDATA[AV-Computer-Config Disable Auto-Proxy]]></GPODisplayName></BackupInst><BackupInst><GPOGuid><![CDATA[{E9E39427-ED46-4A6C-87B2-EC4DCD4962C2}]]></GPOGuid><GPODomain><![CDATA[avpclan.aerovironment.com]]></GPODomain><GPODomainGuid><![CDATA[{dbc85ce9-d0d7-40be-8cda-0fe397874442}]]></GPODomainGuid><GPODomainController><![CDATA[svdcav03.avpclan.aerovironment.com]]></GPODomainController><BackupTime><![CDATA[2025-01-15T23:13:58]]></BackupTime><ID><![CDATA[{54C118BA-AE02-4A0D-9C15-47FBD4B365FB}]]></ID><Comment><![CDATA[2025-01-15 Jesse Wyatt]]></Comment><GPODisplayName><![CDATA[AV-Computer-Config DBC Restricted Login]]></GPODisplayName></BackupInst><BackupInst><GPOGuid><![CDATA[{8DF7231E-D012-4F2B-9FF3-C9E9B8B1DEFE}]]></GPOGuid><GPODomain><![CDATA[avpclan.aerovironment.com]]></GPODomain><GPODomainGuid><![CDATA[{dbc85ce9-d0d7-40be-8cda-0fe397874442}]]></GPODomainGuid><GPODomainController><![CDATA[svdcav03.avpclan.aerovironment.com]]></GPODomainController><BackupTime><![CDATA[2025-01-15T23:13:52]]></BackupTime><ID><![CDATA[{3FFF30BE-960A-4F60-9847-5925681704F0}]]></ID><Comment><![CDATA[2025-01-15 Jesse Wyatt]]></Comment><GPODisplayName><![CDATA[AV-Computer-Config Autoenroll Client Certificates]]></GPODisplayName></BackupInst><BackupInst><GPOGuid><![CDATA[{A23C8E7F-F43C-48E1-9D76-AC60F854E361}]]></GPOGuid><GPODomain><![CDATA[avpclan.aerovironment.com]]></GPODomain><GPODomainGuid><![CDATA[{dbc85ce9-d0d7-40be-8cda-0fe397874442}]]></GPODomainGuid><GPODomainController><![CDATA[svdcav03.avpclan.aerovironment.com]]></GPODomainController><BackupTime><![CDATA[2025-01-15T23:13:45]]></BackupTime><ID><![CDATA[{F538ECA9-EF1F-4127-B147-2FE31567BDC3}]]></ID><Comment><![CDATA[2025-01-15 Jesse Wyatt]]></Comment><GPODisplayName><![CDATA[AV-Browser-Internet-Options Site to Zone Assignments]]></GPODisplayName></BackupInst><BackupInst><GPOGuid><![CDATA[{1B1C11F7-DD9E-4042-AF50-8D712EEF4803}]]></GPOGuid><GPODomain><![CDATA[avpclan.aerovironment.com]]></GPODomain><GPODomainGuid><![CDATA[{dbc85ce9-d0d7-40be-8cda-0fe397874442}]]></GPODomainGuid><GPODomainController><![CDATA[svdcav03.avpclan.aerovironment.com]]></GPODomainController><BackupTime><![CDATA[2025-01-15T23:13:41]]></BackupTime><ID><![CDATA[{C1332276-684B-44EA-B83D-4021C7B1DA74}]]></ID><Comment><![CDATA[2025-01-15 Jesse Wyatt]]></Comment><GPODisplayName><![CDATA[AV-Browser-Firefox Enterprise roots trust]]></GPODisplayName></BackupInst><BackupInst><GPOGuid><![CDATA[{F659AC0E-8BBF-4DE7-8C51-8103142F18F4}]]></GPOGuid><GPODomain><![CDATA[avpclan.aerovironment.com]]></GPODomain><GPODomainGuid><![CDATA[{dbc85ce9-d0d7-40be-8cda-0fe397874442}]]></GPODomainGuid><GPODomainController><![CDATA[svdcav03.avpclan.aerovironment.com]]></GPODomainController><BackupTime><![CDATA[2025-01-15T23:13:36]]></BackupTime><ID><![CDATA[{2F79C075-D9CF-42D4-AC63-4AA3682D2490}]]></ID><Comment><![CDATA[2025-01-15 Jesse Wyatt]]></Comment><GPODisplayName><![CDATA[AV-Browser-Firefox AD auth passthrough]]></GPODisplayName></BackupInst><BackupInst><GPOGuid><![CDATA[{35845A69-0BE0-469D-92E6-3746A4300327}]]></GPOGuid><GPODomain><![CDATA[avpclan.aerovironment.com]]></GPODomain><GPODomainGuid><![CDATA[{dbc85ce9-d0d7-40be-8cda-0fe397874442}]]></GPODomainGuid><GPODomainController><![CDATA[svdcav03.avpclan.aerovironment.com]]></GPODomainController><BackupTime><![CDATA[2025-01-15T23:13:30]]></BackupTime><ID><![CDATA[{A624AD7A-604A-48FB-9BAB-BEFD2E424E2D}]]></ID><Comment><![CDATA[2025-01-15 Jesse Wyatt]]></Comment><GPODisplayName><![CDATA[AV-Browser-Edge Personalization]]></GPODisplayName></BackupInst><BackupInst><GPOGuid><![CDATA[{E46CE452-90F2-4983-B820-B021868E35C4}]]></GPOGuid><GPODomain><![CDATA[avpclan.aerovironment.com]]></GPODomain><GPODomainGuid><![CDATA[{dbc85ce9-d0d7-40be-8cda-0fe397874442}]]></GPODomainGuid><GPODomainController><![CDATA[svdcav03.avpclan.aerovironment.com]]></GPODomainController><BackupTime><![CDATA[2025-01-15T23:13:22]]></BackupTime><ID><![CDATA[{A184604E-756D-463C-A79A-745150098614}]]></ID><Comment><![CDATA[2025-01-15 Jesse Wyatt]]></Comment><GPODisplayName><![CDATA[AV-Browser-Config Enable DSSO]]></GPODisplayName></BackupInst><BackupInst><GPOGuid><![CDATA[{EA7379CD-4392-445B-9F36-747F7386420D}]]></GPOGuid><GPODomain><![CDATA[avpclan.aerovironment.com]]></GPODomain><GPODomainGuid><![CDATA[{dbc85ce9-d0d7-40be-8cda-0fe397874442}]]></GPODomainGuid><GPODomainController><![CDATA[svdcav03.avpclan.aerovironment.com]]></GPODomainController><BackupTime><![CDATA[2025-01-15T23:13:18]]></BackupTime><ID><![CDATA[{F9615441-F464-4550-9635-8D613746BDED}]]></ID><Comment><![CDATA[2025-01-15 Jesse Wyatt]]></Comment><GPODisplayName><![CDATA[AV-Browser-All Prevent downloadable auto-execute]]></GPODisplayName></BackupInst><BackupInst><GPOGuid><![CDATA[{7BB82C2D-0C33-42A9-BC9A-D088CCB10F43}]]></GPOGuid><GPODomain><![CDATA[avpclan.aerovironment.com]]></GPODomain><GPODomainGuid><![CDATA[{dbc85ce9-d0d7-40be-8cda-0fe397874442}]]></GPODomainGuid><GPODomainController><![CDATA[svdcav03.avpclan.aerovironment.com]]></GPODomainController><BackupTime><![CDATA[2025-01-15T23:13:13]]></BackupTime><ID><![CDATA[{27784AFD-953F-466C-9B8C-CACFAA2E3C67}]]></ID><Comment><![CDATA[2025-01-15 Jesse Wyatt]]></Comment><GPODisplayName><![CDATA[AV-Application-Security-CyberarkEPM Policy]]></GPODisplayName></BackupInst><BackupInst mfst:SIPresent="true"><GPOGuid><![CDATA[{9B2930DB-2C74-4124-A23F-DE1698E858E6}]]></GPOGuid><GPODomain><![CDATA[avpclan.aerovironment.com]]></GPODomain><GPODomainGuid><![CDATA[{dbc85ce9-d0d7-40be-8cda-0fe397874442}]]></GPODomainGuid><GPODomainController><![CDATA[svdcav03.avpclan.aerovironment.com]]></GPODomainController><BackupTime><![CDATA[2025-01-15T23:13:03]]></BackupTime><ID><![CDATA[{6005C8F3-4F06-4137-ADE7-FB52210F5BBC}]]></ID><Comment><![CDATA[2025-01-15 Jesse Wyatt]]></Comment><GPODisplayName><![CDATA[AV-Application-Security-Beyond Trust Policy]]></GPODisplayName></BackupInst><BackupInst><GPOGuid><![CDATA[{AF2536C5-218D-4690-88FD-FBED6091AEC2}]]></GPOGuid><GPODomain><![CDATA[avpclan.aerovironment.com]]></GPODomain><GPODomainGuid><![CDATA[{dbc85ce9-d0d7-40be-8cda-0fe397874442}]]></GPODomainGuid><GPODomainController><![CDATA[svdcav03.avpclan.aerovironment.com]]></GPODomainController><BackupTime><![CDATA[2025-01-15T23:12:57]]></BackupTime><ID><![CDATA[{4EB03122-7436-4B00-BEFC-D3BFBEE11206}]]></ID><Comment><![CDATA[2025-01-15 Jesse Wyatt]]></Comment><GPODisplayName><![CDATA[AV-Application-Powershell logging]]></GPODisplayName></BackupInst><BackupInst><GPOGuid><![CDATA[{C7B330C8-E07E-4591-8A9F-33B3247BD508}]]></GPOGuid><GPODomain><![CDATA[avpclan.aerovironment.com]]></GPODomain><GPODomainGuid><![CDATA[{dbc85ce9-d0d7-40be-8cda-0fe397874442}]]></GPODomainGuid><GPODomainController><![CDATA[svdcav03.avpclan.aerovironment.com]]></GPODomainController><BackupTime><![CDATA[2025-01-15T23:12:49]]></BackupTime><ID><![CDATA[{D7490CFD-BC13-4CBF-9877-07B417F60745}]]></ID><Comment><![CDATA[2025-01-15 Jesse Wyatt]]></Comment><GPODisplayName><![CDATA[AV-Application-OracleEBS JavaTrustedSitesLogonScript]]></GPODisplayName></BackupInst><BackupInst><GPOGuid><![CDATA[{2DC12312-A0D7-4FC9-925D-2C3B086CB34F}]]></GPOGuid><GPODomain><![CDATA[avpclan.aerovironment.com]]></GPODomain><GPODomainGuid><![CDATA[{dbc85ce9-d0d7-40be-8cda-0fe397874442}]]></GPODomainGuid><GPODomainController><![CDATA[svdcav03.avpclan.aerovironment.com]]></GPODomainController><BackupTime><![CDATA[2025-01-15T23:12:42]]></BackupTime><ID><![CDATA[{F0D1DC20-C218-4C1A-A418-868D7E666F34}]]></ID><Comment><![CDATA[2025-01-15 Jesse Wyatt]]></Comment><GPODisplayName><![CDATA[AV-Application-OneDrive Enable]]></GPODisplayName></BackupInst><BackupInst><GPOGuid><![CDATA[{B351BC75-B1DA-47EE-8355-57B3B30EB257}]]></GPOGuid><GPODomain><![CDATA[avpclan.aerovironment.com]]></GPODomain><GPODomainGuid><![CDATA[{dbc85ce9-d0d7-40be-8cda-0fe397874442}]]></GPODomainGuid><GPODomainController><![CDATA[svdcav03.avpclan.aerovironment.com]]></GPODomainController><BackupTime><![CDATA[2025-01-15T23:12:34]]></BackupTime><ID><![CDATA[{E91659CF-4A87-46C2-96DB-DA123E60A699}]]></ID><Comment><![CDATA[2025-01-15 Jesse Wyatt]]></Comment><GPODisplayName><![CDATA[AV-Application-MSOutlook Safe Sender List]]></GPODisplayName></BackupInst><BackupInst><GPOGuid><![CDATA[{BEBB503B-06BC-4B4C-9EAE-545311BE97F0}]]></GPOGuid><GPODomain><![CDATA[avpclan.aerovironment.com]]></GPODomain><GPODomainGuid><![CDATA[{dbc85ce9-d0d7-40be-8cda-0fe397874442}]]></GPODomainGuid><GPODomainController><![CDATA[svdcav03.avpclan.aerovironment.com]]></GPODomainController><BackupTime><![CDATA[2025-01-15T23:12:28]]></BackupTime><ID><![CDATA[{7DE489FC-E639-4BAD-8AB6-CB5E87EC5B1E}]]></ID><Comment><![CDATA[2025-01-15 Jesse Wyatt]]></Comment><GPODisplayName><![CDATA[AV-Application-MSOffice Network Trusted Locations]]></GPODisplayName></BackupInst><BackupInst><GPOGuid><![CDATA[{B044C7A6-38D8-496E-86B7-C436F3A77F8C}]]></GPOGuid><GPODomain><![CDATA[avpclan.aerovironment.com]]></GPODomain><GPODomainGuid><![CDATA[{dbc85ce9-d0d7-40be-8cda-0fe397874442}]]></GPODomainGuid><GPODomainController><![CDATA[svdcav03.avpclan.aerovironment.com]]></GPODomainController><BackupTime><![CDATA[2025-01-15T23:12:25]]></BackupTime><ID><![CDATA[{D841AB82-2264-4D56-975E-F3FFCA47B507}]]></ID><Comment><![CDATA[2025-01-15 Jesse Wyatt]]></Comment><GPODisplayName><![CDATA[AV-Application-MSOffice Enable MSIP O365 Labels]]></GPODisplayName></BackupInst><BackupInst><GPOGuid><![CDATA[{C9DE7367-A2AB-4262-8854-0D5A2DF0D4D8}]]></GPOGuid><GPODomain><![CDATA[avpclan.aerovironment.com]]></GPODomain><GPODomainGuid><![CDATA[{dbc85ce9-d0d7-40be-8cda-0fe397874442}]]></GPODomainGuid><GPODomainController><![CDATA[svdcav03.avpclan.aerovironment.com]]></GPODomainController><BackupTime><![CDATA[2025-01-15T23:12:20]]></BackupTime><ID><![CDATA[{5BE9FBAD-C099-407F-B5AD-DE1952939501}]]></ID><Comment><![CDATA[2025-01-15 Jesse Wyatt]]></Comment><GPODisplayName><![CDATA[AV-Application-MSEdge - JNLP fix for ERP]]></GPODisplayName></BackupInst><BackupInst><GPOGuid><![CDATA[{0D931450-78A8-4D4C-8EA7-182E4BF7A7B7}]]></GPOGuid><GPODomain><![CDATA[avpclan.aerovironment.com]]></GPODomain><GPODomainGuid><![CDATA[{dbc85ce9-d0d7-40be-8cda-0fe397874442}]]></GPODomainGuid><GPODomainController><![CDATA[svdcav03.avpclan.aerovironment.com]]></GPODomainController><BackupTime><![CDATA[2025-01-15T23:12:15]]></BackupTime><ID><![CDATA[{D4F74AFD-F402-435B-9592-F2FF4E1DF2E9}]]></ID><Comment><![CDATA[2025-01-15 Jesse Wyatt]]></Comment><GPODisplayName><![CDATA[AV-Application-Firefox Enable autoupdate]]></GPODisplayName></BackupInst><BackupInst><GPOGuid><![CDATA[{DA24523F-49E9-47AC-AFA9-11644BF5D52F}]]></GPOGuid><GPODomain><![CDATA[avpclan.aerovironment.com]]></GPODomain><GPODomainGuid><![CDATA[{dbc85ce9-d0d7-40be-8cda-0fe397874442}]]></GPODomainGuid><GPODomainController><![CDATA[svdcav03.avpclan.aerovironment.com]]></GPODomainController><BackupTime><![CDATA[2025-01-15T23:12:04]]></BackupTime><ID><![CDATA[{FB20E548-2F4D-4657-8C61-650F860EC669}]]></ID><Comment><![CDATA[2025-01-15 Jesse Wyatt]]></Comment><GPODisplayName><![CDATA[Automatic Updates - Remote Users]]></GPODisplayName></BackupInst><BackupInst><GPOGuid><![CDATA[{C490A7BB-0218-4090-A98D-8521654AD9D6}]]></GPOGuid><GPODomain><![CDATA[avpclan.aerovironment.com]]></GPODomain><GPODomainGuid><![CDATA[{dbc85ce9-d0d7-40be-8cda-0fe397874442}]]></GPODomainGuid><GPODomainController><![CDATA[svdcav03.avpclan.aerovironment.com]]></GPODomainController><BackupTime><![CDATA[2025-01-15T23:09:35]]></BackupTime><ID><![CDATA[{EE8415B5-9BFF-4D30-BABE-7CF61DAC3DFF}]]></ID><Comment><![CDATA[2025-01-15 Jesse Wyatt]]></Comment><GPODisplayName><![CDATA[802.x Wireless EAP TLS Chaining]]></GPODisplayName></BackupInst></Backups>