<?xml version="1.0" encoding="utf-8"?>
<Groups clsid="{3125E937-EB16-4b4c-9934-544FC6D24D26}"><Group clsid="{6D4A79E4-529C-4481-ABD0-F5BD7EA93BA7}" name="High-Flexibility" image="0" userContext="0" removePolicy="0" changed="2017-11-23 00:43:31" uid="{5C55CB66-179A-4B83-AC94-111B2DC664FE}"><Properties action="C" description="Create High-Flexibility Local Group" deleteAllUsers="0" deleteAllGroups="0" removeAccounts="0" groupSid="" groupName="High-Flexibility"/><Filters><FilterRunOnce hidden="1" not="0" bool="AND" id="{15B7EDF3-E775-4B4B-92D3-55E56A2A443F}"/>
		</Filters></Group>
	<Group clsid="{6D4A79E4-529C-4481-ABD0-F5BD7EA93BA7}" name="Medium-Flexibility" image="0" userContext="0" removePolicy="0" changed="2017-11-23 00:44:06" uid="{593DC62D-A817-48B6-81DC-4997046B7259}"><Properties action="C" description="Create Medium-Flexibility Local Group" deleteAllUsers="0" deleteAllGroups="0" removeAccounts="0" groupSid="" groupName="Medium-Flexibility"/><Filters><FilterRunOnce hidden="1" not="0" bool="AND" id="{19F1D28F-DDD0-46F9-8D8D-75CA5E3F8887}"/>
		</Filters></Group>
	<Group clsid="{6D4A79E4-529C-4481-ABD0-F5BD7EA93BA7}" name="Low-Flexibility" image="0" userContext="0" removePolicy="0" changed="2017-11-23 00:44:14" uid="{3C3009D0-5282-48E8-A006-2EE13C1B6944}"><Properties action="C" description="Create Low-Flexibility Local Group" deleteAllUsers="0" deleteAllGroups="0" removeAccounts="0" groupSid="" groupName="Low-Flexibility"/><Filters><FilterRunOnce hidden="1" not="0" bool="AND" id="{1ED40B51-F635-4E7A-86C2-B7F152F72F17}"/>
		</Filters></Group>
</Groups>
