<?xml version="1.0" encoding="utf-8"?>
<RegistrySettings clsid="{A3CCFC41-DFDB-43a5-8D26-0FE8B954DA51}"><Registry clsid="{9CD4B2F4-923D-47f5-A062-E897DD1DAD50}" name="AutoAdminLogon" status="AutoAdminLogon" image="7" changed="2024-09-18 18:52:38" uid="{1DD03B98-F3E7-4D90-B075-1E8676218324}"><Properties action="U" displayDecimal="1" default="0" hive="HKEY_LOCAL_MACHINE" key="SOFTWARE\Microsoft\Windows NT\CurrentVersion\Winlogon" name="AutoAdminLogon" type="REG_SZ" value="1"/></Registry>
	<Registry clsid="{9CD4B2F4-923D-47f5-A062-E897DD1DAD50}" name="DefaultUserName" status="DefaultUserName" image="7" changed="2024-09-18 18:54:04" uid="{1F88AC5C-2E81-4D3D-8A44-21136CA2DFE2}"><Properties action="U" displayDecimal="1" default="0" hive="HKEY_LOCAL_MACHINE" key="SOFTWARE\Microsoft\Windows NT\CurrentVersion\Winlogon" name="DefaultUserName" type="REG_SZ" value="Skype"/></Registry>
	<Registry clsid="{9CD4B2F4-923D-47f5-A062-E897DD1DAD50}" name="DefaultPassword" status="DefaultPassword" image="7" changed="2024-09-18 18:55:42" uid="{38EB121A-04D8-47E9-89F4-1F3655DE0281}"><Properties action="U" displayDecimal="0" default="0" hive="HKEY_LOCAL_MACHINE" key="SOFTWARE\Microsoft\Windows NT\CurrentVersion\Winlogon" name="DefaultPassword" type="REG_SZ" value="sfb"/></Registry>
</RegistrySettings>
