<BackupInst xmlns="http://www.microsoft.com/GroupPolicy/GPOOperations/Manifest"><GPOGuid><![CDATA[{BEBB503B-06BC-4B4C-9EAE-545311BE97F0}]]></GPOGuid><GPODomain><![CDATA[avpclan.aerovironment.com]]></GPODomain><GPODomainGuid><![CDATA[{dbc85ce9-d0d7-40be-8cda-0fe397874442}]]></GPODomainGuid><GPODomainController><![CDATA[svdcav03.avpclan.aerovironment.com]]></GPODomainController><BackupTime><![CDATA[2025-01-15T23:12:28]]></BackupTime><ID><![CDATA[{7DE489FC-E639-4BAD-8AB6-CB5E87EC5B1E}]]></ID><Comment><![CDATA[2025-01-15 Jesse Wyatt]]></Comment><GPODisplayName><![CDATA[AV-Application-MSOffice Network Trusted Locations]]></GPODisplayName></BackupInst>
