<?xml version="1.0" encoding="utf-8"?>
<RegistrySettings clsid="{A3CCFC41-DFDB-43a5-8D26-0FE8B954DA51}"><Registry clsid="{9CD4B2F4-923D-47f5-A062-E897DD1DAD50}" name="AutoDetect" status="AutoDetect" image="12" changed="2018-12-11 21:04:10" uid="{A4B11B0E-D92D-4A90-B24B-A621FDBA3AAF}"><Properties action="U" displayDecimal="0" default="0" hive="HKEY_CURRENT_USER" key="Software\Microsoft\Windows\CurrentVersion\Internet Settings" name="AutoDetect" type="REG_DWORD" value="00000000"/></Registry>
	<Registry clsid="{9CD4B2F4-923D-47f5-A062-E897DD1DAD50}" name="AutoConfigURL" status="AutoConfigURL" image="7" changed="2018-12-11 21:04:16" uid="{DAB60A70-8A74-43E6-8502-B4371A2EAB83}"><Properties action="U" displayDecimal="0" default="0" hive="HKEY_CURRENT_USER" key="Software\Microsoft\Windows\CurrentVersion\Internet Settings" name="AutoConfigURL" type="REG_SZ" value=""/></Registry>
	<Registry clsid="{9CD4B2F4-923D-47f5-A062-E897DD1DAD50}" name="ProxyEnable" status="ProxyEnable" image="12" changed="2018-12-11 21:04:29" uid="{D01EEC2D-46E4-485A-90D3-70AD165A72A4}"><Properties action="U" displayDecimal="0" default="0" hive="HKEY_CURRENT_USER" key="Software\Microsoft\Windows\CurrentVersion\Internet Settings" name="ProxyEnable" type="REG_DWORD" value="00000000"/></Registry>
	<Registry clsid="{9CD4B2F4-923D-47f5-A062-E897DD1DAD50}" name="ProxyServer" status="ProxyServer" image="7" changed="2018-12-11 21:04:38" uid="{0E99BAA0-F1EF-4C57-A1AF-6502744F2DC6}"><Properties action="U" displayDecimal="0" default="0" hive="HKEY_CURRENT_USER" key="Software\Microsoft\Windows\CurrentVersion\Internet Settings" name="ProxyServer" type="REG_SZ" value=""/></Registry>
	<Registry clsid="{9CD4B2F4-923D-47f5-A062-E897DD1DAD50}" name="MigrateProxy" status="MigrateProxy" image="12" changed="2018-12-11 21:04:02" uid="{5B027F36-B5D2-45F8-BBFD-448F692489E9}"><Properties action="U" displayDecimal="0" default="0" hive="HKEY_CURRENT_USER" key="Software\Microsoft\Windows\CurrentVersion\Internet Settings" name="MigrateProxy" type="REG_DWORD" value="00000001"/></Registry>
</RegistrySettings>
