<?xml version="1.0" encoding="utf-8"?><!-- Copyright (c) Microsoft Corporation.  All rights reserved. --><GroupPolicyBackupScheme bkp:version="2.0" bkp:type="GroupPolicyBackupTemplate" xmlns:bkp="http://www.microsoft.com/GroupPolicy/GPOOperations" xmlns="http://www.microsoft.com/GroupPolicy/GPOOperations">
    <GroupPolicyObject><SecurityGroups><Group bkp:Source="FromDACL"><Sid><![CDATA[S-1-5-21-13466480-1672416868-587939204-512]]></Sid><SamAccountName><![CDATA[Domain Admins]]></SamAccountName><Type><![CDATA[GlobalGroup]]></Type><NetBIOSDomainName><![CDATA[AVPCLAN]]></NetBIOSDomainName><DnsDomainName><![CDATA[avpclan.aerovironment.com]]></DnsDomainName><UPN><![CDATA[Domain Admins@avpclan.aerovironment.com]]></UPN></Group><Group bkp:Source="FromDACL"><Sid><![CDATA[S-1-5-21-13466480-1672416868-587939204-47688]]></Sid><SamAccountName><![CDATA[adminKotelyan]]></SamAccountName><Type><![CDATA[User]]></Type><NetBIOSDomainName><![CDATA[AVPCLAN]]></NetBIOSDomainName><DnsDomainName><![CDATA[avpclan.aerovironment.com]]></DnsDomainName><UPN><![CDATA[adminKotelyan@avinc.com]]></UPN></Group><Group bkp:Source="FromDACL"><Sid><![CDATA[S-1-5-21-2859580668-4000431906-2707289314-519]]></Sid><SamAccountName><![CDATA[Enterprise Admins]]></SamAccountName><Type><![CDATA[UniversalGroup]]></Type><NetBIOSDomainName><![CDATA[AEROVIRONMENT]]></NetBIOSDomainName><DnsDomainName><![CDATA[aerovironment.com]]></DnsDomainName><UPN><![CDATA[Enterprise Admins@aerovironment.com]]></UPN></Group></SecurityGroups><FilePaths/><GroupPolicyCoreSettings><ID><![CDATA[{C490A7BB-0218-4090-A98D-8521654AD9D6}]]></ID><Domain><![CDATA[avpclan.aerovironment.com]]></Domain><SecurityDescriptor>01 00 04 9c 00 00 00 00 00 00 00 00 00 00 00 00 14 00 00 00 04 00 ec 00 08 00 00 00 05 02 28 00 00 01 00 00 01 00 00 00 8f fd ac ed b3 ff d1 11 b4 1d 00 a0 c9 68 f9 39 01 01 00 00 00 00 00 05 0b 00 00 00 00 00 24 00 ff 00 0f 00 01 05 00 00 00 00 00 05 15 00 00 00 70 7b cd 00 64 0e af 63 84 3d 0b 23 48 ba 00 00 00 02 24 00 ff 00 0f 00 01 05 00 00 00 00 00 05 15 00 00 00 70 7b cd 00 64 0e af 63 84 3d 0b 23 00 02 00 00 00 02 24 00 ff 00 0f 00 01 05 00 00 00 00 00 05 15 00 00 00 fc bc 71 aa 22 bf 71 ee e2 f4 5d a1 07 02 00 00 00 02 14 00 94 00 02 00 01 01 00 00 00 00 00 05 09 00 00 00 00 02 14 00 94 00 02 00 01 01 00 00 00 00 00 05 0b 00 00 00 00 02 14 00 ff 00 0f 00 01 01 00 00 00 00 00 05 12 00 00 00 00 0a 14 00 ff 00 0f 00 01 01 00 00 00 00 00 03 00 00 00 00</SecurityDescriptor><DisplayName><![CDATA[802.x Wireless EAP TLS Chaining]]></DisplayName><Options><![CDATA[0]]></Options><UserVersionNumber><![CDATA[720907]]></UserVersionNumber><MachineVersionNumber><![CDATA[393222]]></MachineVersionNumber><MachineExtensionGuids><![CDATA[[{0ACDD40C-75AC-47AB-BAA0-BF6DE7E7FE63}{2DA6AA7F-8C88-4194-A558-0D36E7FD3E64}][{35378EAC-683F-11D2-A89A-00C04FBBCFA2}{D02B1F72-3407-48AE-BA88-E8213C6761F1}]]]></MachineExtensionGuids><UserExtensionGuids><![CDATA[[{35378EAC-683F-11D2-A89A-00C04FBBCFA2}{53D6AB1D-2488-11D1-A28C-00C04FB94F17}][{B1BE8D72-6EAC-11D2-A4EA-00C04F79F83A}{53D6AB1D-2488-11D1-A28C-00C04FB94F17}]]]></UserExtensionGuids><WMIFilter/></GroupPolicyCoreSettings> 
        <GroupPolicyExtension bkp:ID="{35378EAC-683F-11D2-A89A-00C04FBBCFA2}" bkp:DescName="Registry">
            <FSObjectFile bkp:Path="%GPO_MACH_FSPATH%\registry.pol" bkp:SourceExpandedPath="\\svdcav03.avpclan.aerovironment.com\sysvol\avpclan.aerovironment.com\Policies\{C490A7BB-0218-4090-A98D-8521654AD9D6}\Machine\registry.pol" bkp:Location="DomainSysvol\GPO\Machine\registry.pol"/>
            <FSObjectFile bkp:Path="%GPO_USER_FSPATH%\registry.pol" bkp:SourceExpandedPath="\\svdcav03.avpclan.aerovironment.com\sysvol\avpclan.aerovironment.com\Policies\{C490A7BB-0218-4090-A98D-8521654AD9D6}\User\registry.pol" bkp:Location="DomainSysvol\GPO\User\registry.pol"/>
            <FSObjectFile bkp:Path="%GPO_FSPATH%\Adm\*.*" bkp:SourceExpandedPath="\\svdcav03.avpclan.aerovironment.com\sysvol\avpclan.aerovironment.com\Policies\{C490A7BB-0218-4090-A98D-8521654AD9D6}\Adm\*.*"/>
        </GroupPolicyExtension>
        
        
        
        
        
        
        <GroupPolicyExtension bkp:ID="{0ACDD40C-75AC-47AB-BAA0-BF6DE7E7FE63}" bkp:DescName="Wireless Group Policy" bkp:Win2KCompatible="false">
            <DSObject bkp:Path="cn=Microsoft,%GPO_MACH_DSPATH%" bkp:ObjectClass="container" bkp:SourceExpandedPath="cn=Microsoft,cn=Machine,cn={C490A7BB-0218-4090-A98D-8521654AD9D6},CN=Policies,CN=System,DC=avpclan,DC=aerovironment,DC=com">
                <DSObject bkp:Path="cn=Windows,cn=Microsoft,%GPO_MACH_DSPATH%" bkp:ObjectClass="container" bkp:SourceExpandedPath="cn=Windows,cn=Microsoft,cn=Machine,cn={C490A7BB-0218-4090-A98D-8521654AD9D6},CN=Policies,CN=System,DC=avpclan,DC=aerovironment,DC=com">
                    <DSObject bkp:Path="cn=Wireless,cn=Windows,cn=Microsoft,%GPO_MACH_DSPATH%" bkp:ObjectClass="container" bkp:SourceExpandedPath="cn=Wireless,cn=Windows,cn=Microsoft,cn=Machine,cn={C490A7BB-0218-4090-A98D-8521654AD9D6},CN=Policies,CN=System,DC=avpclan,DC=aerovironment,DC=com">
                        <DSObject bkp:Path="*,cn=Wireless,cn=Windows,cn=Microsoft,%GPO_MACH_DSPATH%" bkp:ObjectClass="msieee80211-Policy" bkp:SourceExpandedPath="*,cn=Wireless,cn=Windows,cn=Microsoft,cn=Machine,cn={C490A7BB-0218-4090-A98D-8521654AD9D6},CN=Policies,CN=System,DC=avpclan,DC=aerovironment,DC=com">
                            <DSAttributeMultiString bkp:DSAttrName="description"/>
                            <DSAttributeString bkp:DSAttrName="msieee80211-ID"/>
                            <DSAttributeBinary bkp:DSAttrName="msieee80211-Data"/>
                            <DSAttributeDWORD bkp:DSAttrName="msieee80211-DataType"/>
                        </DSObject>
                    </DSObject>
                    <DSObject bkp:Path="cn=IEEE80211,cn=Windows,cn=Microsoft,%GPO_MACH_DSPATH%" bkp:ObjectClass="container" bkp:SourceExpandedPath="cn=IEEE80211,cn=Windows,cn=Microsoft,cn=Machine,cn={C490A7BB-0218-4090-A98D-8521654AD9D6},CN=Policies,CN=System,DC=avpclan,DC=aerovironment,DC=com">
                        <DSObject bkp:Path="*,cn=IEEE80211,cn=Windows,cn=Microsoft,%GPO_MACH_DSPATH%" bkp:ObjectClass="ms-net-ieee-80211-GroupPolicy" bkp:SourceExpandedPath="*,cn=IEEE80211,cn=Windows,cn=Microsoft,cn=Machine,cn={C490A7BB-0218-4090-A98D-8521654AD9D6},CN=Policies,CN=System,DC=avpclan,DC=aerovironment,DC=com"><DSObject bkp:ObjectClass="ms-net-ieee-80211-GroupPolicy" bkp:Path="CN=AV Wireless EAP-TEAP,CN=IEEE80211,CN=Windows,CN=Microsoft,%GPO_MACH_DSPATH%" bkp:SourceExpandedPath="CN=AV Wireless EAP-TEAP,CN=IEEE80211,CN=Windows,CN=Microsoft,cn=Machine,cn={C490A7BB-0218-4090-A98D-8521654AD9D6},CN=Policies,CN=System,DC=avpclan,DC=aerovironment,DC=com">
                            <DSAttributeMultiString bkp:DSAttrName="description"><DSValue><![CDATA[AV Wireless EAP-TEAP]]></DSValue></DSAttributeMultiString>
                            <DSAttributeString bkp:DSAttrName="ms-net-ieee-80211-GP-PolicyGUID"><DSValue><![CDATA[{4a8907b1-ad85-421c-8110-706006add67e}]]></DSValue></DSAttributeString>
                            <DSAttributeString bkp:DSAttrName="ms-net-ieee-80211-GP-PolicyData"><DSValue><![CDATA[<?xml version="1.0"?>
<WLANPolicy xmlns="http://www.microsoft.com/networking/WLAN/policy/v1">
	<name>AV Wireless EAP-TEAP</name>
	<description>AV Wireless EAP-TEAP</description>
	<globalFlags>
		<enableAutoConfig>true</enableAutoConfig>
		<showDeniedNetwork>true</showDeniedNetwork>
		<allowEveryoneToCreateAllUserProfiles>true</allowEveryoneToCreateAllUserProfiles>
		<onlyUseGPProfilesForAllowedNetworks xmlns="http://www.microsoft.com/networking/WLAN/policy/v2">false</onlyUseGPProfilesForAllowedNetworks>
		<enableSoftAP xmlns="http://www.microsoft.com/networking/WLAN/policy/v3">true</enableSoftAP>
		<enableWFD xmlns="http://www.microsoft.com/networking/WLAN/policy/v4">true</enableWFD>
	</globalFlags>
	<networkFilter>
		<allowList>
			<network>
				<networkName>AV Wireless</networkName>
				<networkType>ESS</networkType>
			</network>
		</allowList>
		<denyAllIBSS>false</denyAllIBSS>
		<denyAllESS>false</denyAllESS>
	</networkFilter>
</WLANPolicy>
]]></DSValue></DSAttributeString>
                         </DSObject>
                            <DSAttributeMultiString bkp:DSAttrName="description"/>
                            <DSAttributeString bkp:DSAttrName="ms-net-ieee-80211-GP-PolicyGUID"/>
                            <DSAttributeString bkp:DSAttrName="ms-net-ieee-80211-GP-PolicyData"/>
                         </DSObject>
                    </DSObject>
                </DSObject>
            </DSObject>
        </GroupPolicyExtension>
        
        
    <GroupPolicyExtension bkp:ID="{F15C46CD-82A0-4C2D-A210-5D0D3182A418}" bkp:DescName="Unknown Extension"><FSObjectDir bkp:Path="%GPO_MACH_FSPATH%\Applications" bkp:SourceExpandedPath="\\svdcav03.avpclan.aerovironment.com\sysvol\avpclan.aerovironment.com\Policies\{C490A7BB-0218-4090-A98D-8521654AD9D6}\Machine\Applications" bkp:Location="DomainSysvol\GPO\Machine\Applications"/><FSObjectFile bkp:Path="%GPO_MACH_FSPATH%\comment.cmtx" bkp:SourceExpandedPath="\\svdcav03.avpclan.aerovironment.com\sysvol\avpclan.aerovironment.com\Policies\{C490A7BB-0218-4090-A98D-8521654AD9D6}\Machine\comment.cmtx" bkp:Location="DomainSysvol\GPO\Machine\comment.cmtx"/><FSObjectDir bkp:Path="%GPO_MACH_FSPATH%\Microsoft" bkp:SourceExpandedPath="\\svdcav03.avpclan.aerovironment.com\sysvol\avpclan.aerovironment.com\Policies\{C490A7BB-0218-4090-A98D-8521654AD9D6}\Machine\Microsoft" bkp:Location="DomainSysvol\GPO\Machine\Microsoft"/><FSObjectDir bkp:Path="%GPO_MACH_FSPATH%\Microsoft\Windows NT" bkp:SourceExpandedPath="\\svdcav03.avpclan.aerovironment.com\sysvol\avpclan.aerovironment.com\Policies\{C490A7BB-0218-4090-A98D-8521654AD9D6}\Machine\Microsoft\Windows NT" bkp:Location="DomainSysvol\GPO\Machine\Microsoft\Windows NT"/><FSObjectDir bkp:Path="%GPO_MACH_FSPATH%\Microsoft\Windows NT\SecEdit" bkp:SourceExpandedPath="\\svdcav03.avpclan.aerovironment.com\sysvol\avpclan.aerovironment.com\Policies\{C490A7BB-0218-4090-A98D-8521654AD9D6}\Machine\Microsoft\Windows NT\SecEdit" bkp:Location="DomainSysvol\GPO\Machine\Microsoft\Windows NT\SecEdit"/><FSObjectFile bkp:Path="%GPO_MACH_FSPATH%\Microsoft\Windows NT\SecEdit\GptTmpl.inf" bkp:SourceExpandedPath="\\svdcav03.avpclan.aerovironment.com\sysvol\avpclan.aerovironment.com\Policies\{C490A7BB-0218-4090-A98D-8521654AD9D6}\Machine\Microsoft\Windows NT\SecEdit\GptTmpl.inf" bkp:Location="DomainSysvol\GPO\Machine\Microsoft\Windows NT\SecEdit\GptTmpl.inf"/><FSObjectDir bkp:Path="%GPO_MACH_FSPATH%\Scripts" bkp:SourceExpandedPath="\\svdcav03.avpclan.aerovironment.com\sysvol\avpclan.aerovironment.com\Policies\{C490A7BB-0218-4090-A98D-8521654AD9D6}\Machine\Scripts" bkp:Location="DomainSysvol\GPO\Machine\Scripts"/><FSObjectDir bkp:Path="%GPO_MACH_FSPATH%\Scripts\Shutdown" bkp:SourceExpandedPath="\\svdcav03.avpclan.aerovironment.com\sysvol\avpclan.aerovironment.com\Policies\{C490A7BB-0218-4090-A98D-8521654AD9D6}\Machine\Scripts\Shutdown" bkp:Location="DomainSysvol\GPO\Machine\Scripts\Shutdown"/><FSObjectDir bkp:Path="%GPO_MACH_FSPATH%\Scripts\Startup" bkp:SourceExpandedPath="\\svdcav03.avpclan.aerovironment.com\sysvol\avpclan.aerovironment.com\Policies\{C490A7BB-0218-4090-A98D-8521654AD9D6}\Machine\Scripts\Startup" bkp:Location="DomainSysvol\GPO\Machine\Scripts\Startup"/><FSObjectDir bkp:Path="%GPO_USER_FSPATH%\Documents &amp; Settings" bkp:SourceExpandedPath="\\svdcav03.avpclan.aerovironment.com\sysvol\avpclan.aerovironment.com\Policies\{C490A7BB-0218-4090-A98D-8521654AD9D6}\User\Documents &amp; Settings" bkp:Location="DomainSysvol\GPO\User\Documents &amp; Settings"/><FSObjectDir bkp:Path="%GPO_USER_FSPATH%\Scripts" bkp:SourceExpandedPath="\\svdcav03.avpclan.aerovironment.com\sysvol\avpclan.aerovironment.com\Policies\{C490A7BB-0218-4090-A98D-8521654AD9D6}\User\Scripts" bkp:Location="DomainSysvol\GPO\User\Scripts"/><FSObjectDir bkp:Path="%GPO_USER_FSPATH%\Scripts\Logoff" bkp:SourceExpandedPath="\\svdcav03.avpclan.aerovironment.com\sysvol\avpclan.aerovironment.com\Policies\{C490A7BB-0218-4090-A98D-8521654AD9D6}\User\Scripts\Logoff" bkp:Location="DomainSysvol\GPO\User\Scripts\Logoff"/><FSObjectDir bkp:Path="%GPO_USER_FSPATH%\Scripts\Logon" bkp:SourceExpandedPath="\\svdcav03.avpclan.aerovironment.com\sysvol\avpclan.aerovironment.com\Policies\{C490A7BB-0218-4090-A98D-8521654AD9D6}\User\Scripts\Logon" bkp:Location="DomainSysvol\GPO\User\Scripts\Logon"/></GroupPolicyExtension></GroupPolicyObject>
</GroupPolicyBackupScheme>