<BackupInst xmlns="http://www.microsoft.com/GroupPolicy/GPOOperations/Manifest"><GPOGuid><![CDATA[{72AC5754-910C-4311-B0E5-033D5DB741ED}]]></GPOGuid><GPODomain><![CDATA[avpclan.aerovironment.com]]></GPODomain><GPODomainGuid><![CDATA[{dbc85ce9-d0d7-40be-8cda-0fe397874442}]]></GPODomainGuid><GPODomainController><![CDATA[svdcav03.avpclan.aerovironment.com]]></GPODomainController><BackupTime><![CDATA[2025-01-15T23:25:36]]></BackupTime><ID><![CDATA[{AE302559-DDB3-4710-9304-F796D1E9D2AA}]]></ID><Comment><![CDATA[2025-01-15 Jesse Wyatt]]></Comment><GPODisplayName><![CDATA[Test of restricting LANManager Settings]]></GPODisplayName></BackupInst>
