<?xml version="1.0" encoding="utf-8"?>
<Drives clsid="{8FDDCC1A-0C3C-43cd-A6B4-71A6DF20DA8C}"><Drive clsid="{935D1B74-9CB8-4e3c-9914-7DD559B7A417}" name="Q:" status="Q:" image="1" changed="2022-05-02 01:03:13" uid="{FAF28A3C-7C0B-4A86-9F3B-7ADE1357643F}" userContext="1" bypassErrors="1"><Properties action="R" thisDrive="NOCHANGE" allDrives="NOCHANGE" userName="" path="\\uav-fp2.avpclan.aerovironment.com\Quickbooks" label="Quickbooks" persistent="1" useLetter="1" letter="Q"/><Filters><FilterGroup bool="AND" not="0" name="AVPCLAN\MUAS-Finance-All" sid="S-1-5-21-13466480-1672416868-587939204-48156" userContext="1" primaryGroup="0" localGroup="0"/></Filters></Drive>
	<Drive clsid="{935D1B74-9CB8-4e3c-9914-7DD559B7A417}" name="S:" status="S:" image="1" changed="2022-05-02 01:03:23" uid="{34E3FCD7-8088-4152-BFA0-0B5397C47706}" userContext="1" bypassErrors="1"><Properties action="R" thisDrive="NOCHANGE" allDrives="NOCHANGE" userName="" path="\\uav-fp2.avpclan.aerovironment.com\Shared" label="Shared" persistent="1" useLetter="1" letter="S"/><Filters/></Drive>
	<Drive clsid="{935D1B74-9CB8-4e3c-9914-7DD559B7A417}" name="Y:" status="Y:" image="1" changed="2022-05-02 01:03:38" uid="{028D1BAD-E90D-42CA-83E4-63AA974F8303}" bypassErrors="1"><Properties action="R" thisDrive="NOCHANGE" allDrives="NOCHANGE" userName="" path="\\uav-fp2.avpclan.aerovironment.com\FSO" label="" persistent="1" useLetter="1" letter="Y"/><Filters><FilterGroup bool="AND" not="0" name="AVPCLAN\MUAS-Security-Management" sid="S-1-5-21-13466480-1672416868-587939204-48093" userContext="1" primaryGroup="0" localGroup="0"/></Filters></Drive>
	<Drive clsid="{935D1B74-9CB8-4e3c-9914-7DD559B7A417}" name="M:" status="M:" image="1" changed="2022-05-02 01:03:07" uid="{1B89B9FF-2912-4126-A92C-DE0E4823AAF9}" userContext="1" bypassErrors="1"><Properties action="R" thisDrive="NOCHANGE" allDrives="NOCHANGE" userName="" path="\\uav-fp2.avpclan.aerovironment.com\Departments" label="Departments" persistent="1" useLetter="1" letter="M"/><Filters/></Drive>
	<Drive clsid="{935D1B74-9CB8-4e3c-9914-7DD559B7A417}" name="X:" status="X:" image="1" changed="2022-05-02 01:03:33" uid="{9E1F2589-3F06-42BE-86B2-8E98BC2DC9D8}" userContext="1" bypassErrors="1"><Properties action="R" thisDrive="NOCHANGE" allDrives="NOCHANGE" userName="" path="\\uav-fp2.avpclan.aerovironment.com\Engineering Share" label="Engineering Share" persistent="1" useLetter="1" letter="X"/><Filters/></Drive>
	<Drive clsid="{935D1B74-9CB8-4e3c-9914-7DD559B7A417}" name="U:" status="U:" image="1" changed="2022-05-02 01:03:27" uid="{017847E8-2563-485C-B145-82B0CAFBE43B}" userContext="1" bypassErrors="1"><Properties action="R" thisDrive="NOCHANGE" allDrives="NOCHANGE" userName="" path="\\uav-fp2.avpclan.aerovironment.com\Users$\%Username%" label="Personal Folder" persistent="1" useLetter="1" letter="U"/><Filters/></Drive>
</Drives>
