<?xml version="1.0" encoding="utf-8"?>
<RegistrySettings clsid="{A3CCFC41-DFDB-43a5-8D26-0FE8B954DA51}"><Registry clsid="{9CD4B2F4-923D-47f5-A062-E897DD1DAD50}" name="UploadUserActivities" status="UploadUserActivities" image="11" changed="2019-11-01 17:11:03" uid="{263858AD-E801-4F40-BB18-DC7F25A309F4}" bypassErrors="1"><Properties action="R" displayDecimal="0" default="0" hive="HKEY_LOCAL_MACHINE" key="SOFTWARE\Policies\Microsoft\Windows\System" name="UploadUserActivities" type="REG_DWORD" value="00000000"/></Registry>
	<Registry clsid="{9CD4B2F4-923D-47f5-A062-E897DD1DAD50}" name="PublishUserActivities" status="PublishUserActivities" image="11" changed="2019-11-01 17:10:39" uid="{419F9D7E-DEB7-4373-9E7E-AEDA1749A3B2}"><Properties action="R" displayDecimal="0" default="0" hive="HKEY_LOCAL_MACHINE" key="SOFTWARE\Policies\Microsoft\Windows\System" name="PublishUserActivities" type="REG_DWORD" value="00000000"/></Registry>
	<Registry clsid="{9CD4B2F4-923D-47f5-A062-E897DD1DAD50}" name="EnableActivityFeed" status="EnableActivityFeed" image="11" changed="2019-11-01 17:10:45" uid="{B293D3C3-AF53-4F5D-B275-3602E14A9694}"><Properties action="R" displayDecimal="0" default="0" hive="HKEY_LOCAL_MACHINE" key="SOFTWARE\Policies\Microsoft\Windows\System" name="EnableActivityFeed" type="REG_DWORD" value="00000000"/></Registry>
</RegistrySettings>
