<?xml version="1.0" encoding="utf-8"?>
<RegistrySettings clsid="{A3CCFC41-DFDB-43a5-8D26-0FE8B954DA51}"><Registry clsid="{9CD4B2F4-923D-47f5-A062-E897DD1DAD50}" name="allownetworklocations" status="allownetworklocations" image="12" changed="2023-11-07 00:28:36" uid="{B84CCBE3-F5FC-4657-9075-E12089690C88}" userContext="1" bypassErrors="1"><Properties action="U" displayDecimal="0" default="0" hive="HKEY_CURRENT_USER" key="Software\Microsoft\Office\16.0\word\Security\Trusted Locations" name="allownetworklocations" type="REG_DWORD" value="00000001"/><Filters><FilterRunOnce hidden="1" not="0" bool="AND" id="{07E2BA8E-7BEE-45B1-A7E6-4FDF99C9F513}"/>
		</Filters></Registry>
	<Registry clsid="{9CD4B2F4-923D-47f5-A062-E897DD1DAD50}" name="allownetworklocations" status="allownetworklocations" image="12" changed="2023-11-07 00:28:30" uid="{7D031C6E-5DC3-4F42-9B3C-05C0427F7BD3}" userContext="1" bypassErrors="1"><Properties action="U" displayDecimal="0" default="0" hive="HKEY_CURRENT_USER" key="Software\Microsoft\Office\16.0\excel\Security\Trusted Locations" name="allownetworklocations" type="REG_DWORD" value="00000001"/><Filters><FilterRunOnce hidden="1" not="0" bool="AND" id="{FDC35FED-C933-4E40-8784-2638F98C7B7C}"/>
		</Filters></Registry>
</RegistrySettings>
