{"id":4,"created_at":"2024-04-17T17:23:04.503Z","updated_at":"2024-04-17T17:23:04.503Z","deletedAt":null,"taniumUserId":30,"updatedByTaniumUserId":30,"changeType":"created","contentSetId":105,"name":"Windows Security Baseline (Workstations) [Firewall Management]]","description":"","version":1,"priority":4,"typeId":2,"data":{"mergeEnabled":true,"networkLocationWizard":"none","domainProfile":{"enabled":true,"inboundConnections":"block","outboundConnections":"allow"},"privateProfile":{"enabled":true,"inboundConnections":"block","outboundConnections":"allow"},"publicProfile":{"enabled":true,"inboundConnections":"block","outboundConnections":"allow"},"rules":[]},"isTemplate":false,"priorityPool":3,"type":{"id":2,"name":"windowsFirewall","initialContentSetName":"Enforce Windows","policyTypeContentSetName":"Enforce Windows Firewall Management","operatingSystem":"Windows","policyClass":"machine","endpointType":"vbs","readPrivilege":"enforce policy read","writePrivilege":"enforce policy write","contentSetId":105,"policyTypeContentSetId":272},"hasEnforcements":false,"taniumUsername":"Hosa Rishah","taniumUpdatedUsername":"Hosa Rishah","policySource":"standard"}