{"id":7,"created_at":"2024-07-02T17:42:56.539Z","updated_at":"2024-07-02T17:42:56.539Z","deletedAt":null,"taniumUserId":30,"updatedByTaniumUserId":30,"changeType":"created","contentSetId":105,"name":"Windows Security Baseline - HIGH (Machine Policies)","description":"","version":1,"priority":7,"typeId":0,"data":{"policyItems":[{"state":"enabled","name":"Process Exclusions","kvps":[{"key":"Software\\Policies\\Microsoft\\Windows Defender\\Exclusions\\Processes","valueName":"%programfiles(x86)%\\Tanium\\Tanium Client\\Tools\\EndUserNotifications\\scripts\\config.vbs","value":"","delete":false,"lgpoType":"ENFORCE_REG_SZ","presentationId":"Exclusions_ProcessesList:0"},{"key":"Software\\Policies\\Microsoft\\Windows Defender\\Exclusions\\Processes","valueName":"%programfiles(x86)%\\Tanium\\Tanium Client\\Tools\\EndUserNotifications\\scripts\\remove-end-user-notifications.vbs","value":"","delete":false,"lgpoType":"ENFORCE_REG_SZ","presentationId":"Exclusions_ProcessesList:0"},{"key":"Software\\Policies\\Microsoft\\Windows Defender\\Exclusions\\Processes","valueName":"%TANIUM_CLIENT_ROOT%extensions\\comply\\data\\comply.db","value":"","delete":false,"lgpoType":"ENFORCE_REG_SZ","presentationId":"Exclusions_ProcessesList:0"},{"key":"Software\\Policies\\Microsoft\\Windows Defender\\Exclusions\\Processes","valueName":"%TANIUM_CLIENT_ROOT%extensions\\comply\\data\\current-ciscat-config.json","value":"","delete":false,"lgpoType":"ENFORCE_REG_SZ","presentationId":"Exclusions_ProcessesList:0"},{"key":"Software\\Policies\\Microsoft\\Windows Defender\\Exclusions\\Processes","valueName":"%TANIUM_CLIENT_ROOT%extensions\\comply\\data\\current-intel-config.json","value":"","delete":false,"lgpoType":"ENFORCE_REG_SZ","presentationId":"Exclusions_ProcessesList:0"},{"key":"Software\\Policies\\Microsoft\\Windows Defender\\Exclusions\\Processes","valueName":"%TANIUM_CLIENT_ROOT%extensions\\comply\\data\\current-java-config.json","value":"","delete":false,"lgpoType":"ENFORCE_REG_SZ","presentationId":"Exclusions_ProcessesList:0"},{"key":"Software\\Policies\\Microsoft\\Windows Defender\\Exclusions\\Processes","valueName":"%TANIUM_CLIENT_ROOT%extensions\\comply\\data\\current-joval-config.json","value":"","delete":false,"lgpoType":"ENFORCE_REG_SZ","presentationId":"Exclusions_ProcessesList:0"},{"key":"Software\\Policies\\Microsoft\\Windows Defender\\Exclusions\\Processes","valueName":"%TANIUM_CLIENT_ROOT%extensions\\comply\\data\\current-scan-config.json","value":"","delete":false,"lgpoType":"ENFORCE_REG_SZ","presentationId":"Exclusions_ProcessesList:0"},{"key":"Software\\Policies\\Microsoft\\Windows Defender\\Exclusions\\Processes","valueName":"%TANIUM_CLIENT_ROOT%extensions\\comply\\downloads\\download.db","value":"","delete":false,"lgpoType":"ENFORCE_REG_SZ","presentationId":"Exclusions_ProcessesList:0"},{"key":"Software\\Policies\\Microsoft\\Windows Defender\\Exclusions\\Processes","valueName":"%TANIUM_CLIENT_ROOT%extensions\\comply\\engines\\ciscat\\CIS-CAT.BAT","value":"","delete":false,"lgpoType":"ENFORCE_REG_SZ","presentationId":"Exclusions_ProcessesList:0"},{"key":"Software\\Policies\\Microsoft\\Windows Defender\\Exclusions\\Processes","valueName":"%TANIUM_CLIENT_ROOT%extensions\\comply\\engines\\ciscat\\CISCAT.jar","value":"","delete":false,"lgpoType":"ENFORCE_REG_SZ","presentationId":"Exclusions_ProcessesList:0"},{"key":"Software\\Policies\\Microsoft\\Windows Defender\\Exclusions\\Processes","valueName":"%TANIUM_CLIENT_ROOT%extensions\\comply\\engines\\joval\\Joval-Utilities.jar","value":"","delete":false,"lgpoType":"ENFORCE_REG_SZ","presentationId":"Exclusions_ProcessesList:0"},{"key":"Software\\Policies\\Microsoft\\Windows Defender\\Exclusions\\Processes","valueName":"%TANIUM_CLIENT_ROOT%extensions\\core\\TaniumPythonCx.dll","value":"","delete":false,"lgpoType":"ENFORCE_REG_SZ","presentationId":"Exclusions_ProcessesList:0"},{"key":"Software\\Policies\\Microsoft\\Windows Defender\\Exclusions\\Processes","valueName":"%TANIUM_CLIENT_ROOT%extensions\\core\\TaniumPythonCx.dll.sig","value":"","delete":false,"lgpoType":"ENFORCE_REG_SZ","presentationId":"Exclusions_ProcessesList:0"},{"key":"Software\\Policies\\Microsoft\\Windows Defender\\Exclusions\\Processes","valueName":"%TANIUM_CLIENT_ROOT%extensions\\discover\\data\\discover.db","value":"","delete":false,"lgpoType":"ENFORCE_REG_SZ","presentationId":"Exclusions_ProcessesList:0"},{"key":"Software\\Policies\\Microsoft\\Windows Defender\\Exclusions\\Processes","valueName":"%TANIUM_CLIENT_ROOT%extensions\\discover\\data\\discover.db-shm","value":"","delete":false,"lgpoType":"ENFORCE_REG_SZ","presentationId":"Exclusions_ProcessesList:0"},{"key":"Software\\Policies\\Microsoft\\Windows Defender\\Exclusions\\Processes","valueName":"%TANIUM_CLIENT_ROOT%extensions\\discover\\data\\discover.db-wal","value":"","delete":false,"lgpoType":"ENFORCE_REG_SZ","presentationId":"Exclusions_ProcessesList:0"},{"key":"Software\\Policies\\Microsoft\\Windows Defender\\Exclusions\\Processes","valueName":"%TANIUM_CLIENT_ROOT%extensions\\index\\index.db","value":"","delete":false,"lgpoType":"ENFORCE_REG_SZ","presentationId":"Exclusions_ProcessesList:0"},{"key":"Software\\Policies\\Microsoft\\Windows Defender\\Exclusions\\Processes","valueName":"%TANIUM_CLIENT_ROOT%extensions\\index\\index.db-shm","value":"","delete":false,"lgpoType":"ENFORCE_REG_SZ","presentationId":"Exclusions_ProcessesList:0"},{"key":"Software\\Policies\\Microsoft\\Windows Defender\\Exclusions\\Processes","valueName":"%TANIUM_CLIENT_ROOT%extensions\\index\\index.db-wal","value":"","delete":false,"lgpoType":"ENFORCE_REG_SZ","presentationId":"Exclusions_ProcessesList:0"},{"key":"Software\\Policies\\Microsoft\\Windows Defender\\Exclusions\\Processes","valueName":"%TANIUM_CLIENT_ROOT%extensions\\performance\\performance.db","value":"","delete":false,"lgpoType":"ENFORCE_REG_SZ","presentationId":"Exclusions_ProcessesList:0"},{"key":"Software\\Policies\\Microsoft\\Windows Defender\\Exclusions\\Processes","valueName":"%TANIUM_CLIENT_ROOT%extensions\\performance\\performance.db-shm","value":"","delete":false,"lgpoType":"ENFORCE_REG_SZ","presentationId":"Exclusions_ProcessesList:0"},{"key":"Software\\Policies\\Microsoft\\Windows Defender\\Exclusions\\Processes","valueName":"%TANIUM_CLIENT_ROOT%extensions\\performance\\performance.db-wal","value":"","delete":false,"lgpoType":"ENFORCE_REG_SZ","presentationId":"Exclusions_ProcessesList:0"},{"key":"Software\\Policies\\Microsoft\\Windows Defender\\Exclusions\\Processes","valueName":"%TANIUM_CLIENT_ROOT%extensions\\recorder\\proc.bin","value":"","delete":false,"lgpoType":"ENFORCE_REG_SZ","presentationId":"Exclusions_ProcessesList:0"},{"key":"Software\\Policies\\Microsoft\\Windows Defender\\Exclusions\\Processes","valueName":"%TANIUM_CLIENT_ROOT%extensions\\recorder\\recorder.db","value":"","delete":false,"lgpoType":"ENFORCE_REG_SZ","presentationId":"Exclusions_ProcessesList:0"},{"key":"Software\\Policies\\Microsoft\\Windows Defender\\Exclusions\\Processes","valueName":"%TANIUM_CLIENT_ROOT%extensions\\recorder\\recorder.db-shm","value":"","delete":false,"lgpoType":"ENFORCE_REG_SZ","presentationId":"Exclusions_ProcessesList:0"},{"key":"Software\\Policies\\Microsoft\\Windows Defender\\Exclusions\\Processes","valueName":"%TANIUM_CLIENT_ROOT%extensions\\recorder\\recorder.db-wal","value":"","delete":false,"lgpoType":"ENFORCE_REG_SZ","presentationId":"Exclusions_ProcessesList:0"},{"key":"Software\\Policies\\Microsoft\\Windows Defender\\Exclusions\\Processes","valueName":"%TANIUM_CLIENT_ROOT%extensions\\SupportCX.dll","value":"","delete":false,"lgpoType":"ENFORCE_REG_SZ","presentationId":"Exclusions_ProcessesList:0"},{"key":"Software\\Policies\\Microsoft\\Windows Defender\\Exclusions\\Processes","valueName":"%TANIUM_CLIENT_ROOT%extensions\\SupportCX.dll.sig","value":"","delete":false,"lgpoType":"ENFORCE_REG_SZ","presentationId":"Exclusions_ProcessesList:0"},{"key":"Software\\Policies\\Microsoft\\Windows Defender\\Exclusions\\Processes","valueName":"%TANIUM_CLIENT_ROOT%extensions\\TaniumComply.dll","value":"","delete":false,"lgpoType":"ENFORCE_REG_SZ","presentationId":"Exclusions_ProcessesList:0"},{"key":"Software\\Policies\\Microsoft\\Windows Defender\\Exclusions\\Processes","valueName":"%TANIUM_CLIENT_ROOT%extensions\\TaniumComply.dll.sig","value":"","delete":false,"lgpoType":"ENFORCE_REG_SZ","presentationId":"Exclusions_ProcessesList:0"},{"key":"Software\\Policies\\Microsoft\\Windows Defender\\Exclusions\\Processes","valueName":"%TANIUM_CLIENT_ROOT%extensions\\TaniumConfig.dll","value":"","delete":false,"lgpoType":"ENFORCE_REG_SZ","presentationId":"Exclusions_ProcessesList:0"},{"key":"Software\\Policies\\Microsoft\\Windows Defender\\Exclusions\\Processes","valueName":"%TANIUM_CLIENT_ROOT%extensions\\TaniumConfig.dll.sig","value":"","delete":false,"lgpoType":"ENFORCE_REG_SZ","presentationId":"Exclusions_ProcessesList:0"},{"key":"Software\\Policies\\Microsoft\\Windows Defender\\Exclusions\\Processes","valueName":"%TANIUM_CLIENT_ROOT%extensions\\TaniumDEC.dll","value":"","delete":false,"lgpoType":"ENFORCE_REG_SZ","presentationId":"Exclusions_ProcessesList:0"},{"key":"Software\\Policies\\Microsoft\\Windows Defender\\Exclusions\\Processes","valueName":"%TANIUM_CLIENT_ROOT%extensions\\TaniumDEC.dll.sig","value":"","delete":false,"lgpoType":"ENFORCE_REG_SZ","presentationId":"Exclusions_ProcessesList:0"},{"key":"Software\\Policies\\Microsoft\\Windows Defender\\Exclusions\\Processes","valueName":"%TANIUM_CLIENT_ROOT%extensions\\TaniumDiscover.dll","value":"","delete":false,"lgpoType":"ENFORCE_REG_SZ","presentationId":"Exclusions_ProcessesList:0"},{"key":"Software\\Policies\\Microsoft\\Windows Defender\\Exclusions\\Processes","valueName":"%TANIUM_CLIENT_ROOT%extensions\\TaniumDiscover.dll.sig","value":"","delete":false,"lgpoType":"ENFORCE_REG_SZ","presentationId":"Exclusions_ProcessesList:0"},{"key":"Software\\Policies\\Microsoft\\Windows Defender\\Exclusions\\Processes","valueName":"%TANIUM_CLIENT_ROOT%extensions\\TaniumEndUser.dll","value":"","delete":false,"lgpoType":"ENFORCE_REG_SZ","presentationId":"Exclusions_ProcessesList:0"},{"key":"Software\\Policies\\Microsoft\\Windows Defender\\Exclusions\\Processes","valueName":"%TANIUM_CLIENT_ROOT%extensions\\TaniumExtras.dll","value":"","delete":false,"lgpoType":"ENFORCE_REG_SZ","presentationId":"Exclusions_ProcessesList:0"},{"key":"Software\\Policies\\Microsoft\\Windows Defender\\Exclusions\\Processes","valueName":"%TANIUM_CLIENT_ROOT%extensions\\TaniumExtras.dll.sig","value":"","delete":false,"lgpoType":"ENFORCE_REG_SZ","presentationId":"Exclusions_ProcessesList:0"},{"key":"Software\\Policies\\Microsoft\\Windows Defender\\Exclusions\\Processes","valueName":"%TANIUM_CLIENT_ROOT%extensions\\TaniumIndex.dll","value":"","delete":false,"lgpoType":"ENFORCE_REG_SZ","presentationId":"Exclusions_ProcessesList:0"},{"key":"Software\\Policies\\Microsoft\\Windows Defender\\Exclusions\\Processes","valueName":"%TANIUM_CLIENT_ROOT%extensions\\TaniumIndex.dll.sig","value":"","delete":false,"lgpoType":"ENFORCE_REG_SZ","presentationId":"Exclusions_ProcessesList:0"},{"key":"Software\\Policies\\Microsoft\\Windows Defender\\Exclusions\\Processes","valueName":"%TANIUM_CLIENT_ROOT%extensions\\TaniumIntegrityMonitor.dll","value":"","delete":false,"lgpoType":"ENFORCE_REG_SZ","presentationId":"Exclusions_ProcessesList:0"},{"key":"Software\\Policies\\Microsoft\\Windows Defender\\Exclusions\\Processes","valueName":"%TANIUM_CLIENT_ROOT%extensions\\TaniumIntegrityMonitor.dll.sig","value":"","delete":false,"lgpoType":"ENFORCE_REG_SZ","presentationId":"Exclusions_ProcessesList:0"},{"key":"Software\\Policies\\Microsoft\\Windows Defender\\Exclusions\\Processes","valueName":"%TANIUM_CLIENT_ROOT%extensions\\TaniumPerformance.dll","value":"","delete":false,"lgpoType":"ENFORCE_REG_SZ","presentationId":"Exclusions_ProcessesList:0"},{"key":"Software\\Policies\\Microsoft\\Windows Defender\\Exclusions\\Processes","valueName":"%TANIUM_CLIENT_ROOT%extensions\\TaniumPerformance.dll.sig","value":"","delete":false,"lgpoType":"ENFORCE_REG_SZ","presentationId":"Exclusions_ProcessesList:0"},{"key":"Software\\Policies\\Microsoft\\Windows Defender\\Exclusions\\Processes","valueName":"%TANIUM_CLIENT_ROOT%extensions\\TaniumProvision.dll","value":"","delete":false,"lgpoType":"ENFORCE_REG_SZ","presentationId":"Exclusions_ProcessesList:0"},{"key":"Software\\Policies\\Microsoft\\Windows Defender\\Exclusions\\Processes","valueName":"%TANIUM_CLIENT_ROOT%extensions\\TaniumProvision.dll.sig","value":"","delete":false,"lgpoType":"ENFORCE_REG_SZ","presentationId":"Exclusions_ProcessesList:0"},{"key":"Software\\Policies\\Microsoft\\Windows Defender\\Exclusions\\Processes","valueName":"%TANIUM_CLIENT_ROOT%extensions\\TaniumRecorder.dll","value":"","delete":false,"lgpoType":"ENFORCE_REG_SZ","presentationId":"Exclusions_ProcessesList:0"},{"key":"Software\\Policies\\Microsoft\\Windows Defender\\Exclusions\\Processes","valueName":"%TANIUM_CLIENT_ROOT%extensions\\TaniumRecorder.dll.sig","value":"","delete":false,"lgpoType":"ENFORCE_REG_SZ","presentationId":"Exclusions_ProcessesList:0"},{"key":"Software\\Policies\\Microsoft\\Windows Defender\\Exclusions\\Processes","valueName":"%TANIUM_CLIENT_ROOT%extensions\\TaniumRisk.dll","value":"","delete":false,"lgpoType":"ENFORCE_REG_SZ","presentationId":"Exclusions_ProcessesList:0"},{"key":"Software\\Policies\\Microsoft\\Windows Defender\\Exclusions\\Processes","valueName":"%TANIUM_CLIENT_ROOT%extensions\\TaniumSoftwareManager.dll","value":"","delete":false,"lgpoType":"ENFORCE_REG_SZ","presentationId":"Exclusions_ProcessesList:0"},{"key":"Software\\Policies\\Microsoft\\Windows Defender\\Exclusions\\Processes","valueName":"%TANIUM_CLIENT_ROOT%extensions\\TaniumSoftwareManager.dll.sig","value":"","delete":false,"lgpoType":"ENFORCE_REG_SZ","presentationId":"Exclusions_ProcessesList:0"},{"key":"Software\\Policies\\Microsoft\\Windows Defender\\Exclusions\\Processes","valueName":"%TANIUM_CLIENT_ROOT%extensions\\TaniumThreatResponse.dll","value":"","delete":false,"lgpoType":"ENFORCE_REG_SZ","presentationId":"Exclusions_ProcessesList:0"},{"key":"Software\\Policies\\Microsoft\\Windows Defender\\Exclusions\\Processes","valueName":"%TANIUM_CLIENT_ROOT%extensions\\TaniumThreatResponse.dll.sig","value":"","delete":false,"lgpoType":"ENFORCE_REG_SZ","presentationId":"Exclusions_ProcessesList:0"},{"key":"Software\\Policies\\Microsoft\\Windows Defender\\Exclusions\\Processes","valueName":"%TANIUM_CLIENT_ROOT%extensions\\TaniumTSDB.dll","value":"","delete":false,"lgpoType":"ENFORCE_REG_SZ","presentationId":"Exclusions_ProcessesList:0"},{"key":"Software\\Policies\\Microsoft\\Windows Defender\\Exclusions\\Processes","valueName":"%TANIUM_CLIENT_ROOT%extensions\\TaniumTSDB.dll.sig","value":"","delete":false,"lgpoType":"ENFORCE_REG_SZ","presentationId":"Exclusions_ProcessesList:0"},{"key":"Software\\Policies\\Microsoft\\Windows Defender\\Exclusions\\Processes","valueName":"%TANIUM_CLIENT_ROOT%Patch\\lib\\tanium-patch.min.vbs","value":"","delete":false,"lgpoType":"ENFORCE_REG_SZ","presentationId":"Exclusions_ProcessesList:0"},{"key":"Software\\Policies\\Microsoft\\Windows Defender\\Exclusions\\Processes","valueName":"%TANIUM_CLIENT_ROOT%Patch\\scans\\Wsusscn2.cab","value":"","delete":false,"lgpoType":"ENFORCE_REG_SZ","presentationId":"Exclusions_ProcessesList:0"},{"key":"Software\\Policies\\Microsoft\\Windows Defender\\Exclusions\\Processes","valueName":"%TANIUM_CLIENT_ROOT%Patch\\tools\\run-patch-manager.min.vbs","value":"","delete":false,"lgpoType":"ENFORCE_REG_SZ","presentationId":"Exclusions_ProcessesList:0"},{"key":"Software\\Policies\\Microsoft\\Windows Defender\\Exclusions\\Processes","valueName":"%TANIUM_CLIENT_ROOT%TaniumClientExtensions.dll","value":"","delete":false,"lgpoType":"ENFORCE_REG_SZ","presentationId":"Exclusions_ProcessesList:0"},{"key":"Software\\Policies\\Microsoft\\Windows Defender\\Exclusions\\Processes","valueName":"%TANIUM_CLIENT_ROOT%TaniumClientExtensions.dll.sig","value":"","delete":false,"lgpoType":"ENFORCE_REG_SZ","presentationId":"Exclusions_ProcessesList:0"},{"key":"Software\\Policies\\Microsoft\\Windows Defender\\Exclusions\\Processes","valueName":"%TANIUM_CLIENT_ROOT%Tools\\Comply\\delete-assessment.vbs","value":"","delete":false,"lgpoType":"ENFORCE_REG_SZ","presentationId":"Exclusions_ProcessesList:0"},{"key":"Software\\Policies\\Microsoft\\Windows Defender\\Exclusions\\Processes","valueName":"%TANIUM_CLIENT_ROOT%Tools\\Comply\\run-assessment.vbs","value":"","delete":false,"lgpoType":"ENFORCE_REG_SZ","presentationId":"Exclusions_ProcessesList:0"},{"key":"Software\\Policies\\Microsoft\\Windows Defender\\Exclusions\\Processes","valueName":"%TANIUM_CLIENT_ROOT%tools\\driver\\TaniumProcessMonitor.dll","value":"","delete":false,"lgpoType":"ENFORCE_REG_SZ","presentationId":"Exclusions_ProcessesList:0"},{"key":"Software\\Policies\\Microsoft\\Windows Defender\\Exclusions\\Processes","valueName":"%TANIUM_CLIENT_ROOT%tools\\driver\\TaniumProcessMonitor64.dll","value":"","delete":false,"lgpoType":"ENFORCE_REG_SZ","presentationId":"Exclusions_ProcessesList:0"},{"key":"Software\\Policies\\Microsoft\\Windows Defender\\Exclusions\\Processes","valueName":"%TANIUM_CLIENT_ROOT%Tools\\IR\\PowerForensics\\PowerForensics.dll","value":"","delete":false,"lgpoType":"ENFORCE_REG_SZ","presentationId":"Exclusions_ProcessesList:0"},{"key":"Software\\Policies\\Microsoft\\Windows Defender\\Exclusions\\Processes","valueName":"%TANIUM_CLIENT_ROOT%Tools\\SoftwareManagement\\data\\software-management.db","value":"","delete":false,"lgpoType":"ENFORCE_REG_SZ","presentationId":"Exclusions_ProcessesList:0"},{"key":"Software\\Policies\\Microsoft\\Windows Defender\\Exclusions\\Processes","valueName":"%TANIUM_CLIENT_ROOT%Tools\\SoftwareManagement\\data\\software-management.db-shm","value":"","delete":false,"lgpoType":"ENFORCE_REG_SZ","presentationId":"Exclusions_ProcessesList:0"},{"key":"Software\\Policies\\Microsoft\\Windows Defender\\Exclusions\\Processes","valueName":"%TANIUM_CLIENT_ROOT%Tools\\SoftwareManagement\\data\\software-management.db-wal","value":"","delete":false,"lgpoType":"ENFORCE_REG_SZ","presentationId":"Exclusions_ProcessesList:0"},{"key":"Software\\Policies\\Microsoft\\Windows Defender\\Exclusions\\Processes","valueName":"%WINDIR%\\system32\\drivers\\TaniumProcessMonitor.dll","value":"","delete":false,"lgpoType":"ENFORCE_REG_SZ","presentationId":"Exclusions_ProcessesList:0"},{"key":"Software\\Policies\\Microsoft\\Windows Defender\\Exclusions\\Processes","valueName":"%WINDIR%\\System32\\drivers\\TaniumRecorderDrv.sys","value":"","delete":false,"lgpoType":"ENFORCE_REG_SZ","presentationId":"Exclusions_ProcessesList:0"},{"key":"Software\\Policies\\Microsoft\\Windows Defender\\Exclusions\\Processes","valueName":"%WINDIR%\\SysWOW64\\TaniumProcessMonitor.dll","value":"","delete":false,"lgpoType":"ENFORCE_REG_SZ","presentationId":"Exclusions_ProcessesList:0"},{"key":"Software\\Policies\\Microsoft\\Windows Defender\\Exclusions\\Processes","valueName":"%programfiles%\\Tanium\\Tanium End User Notification Tools\\bin\\end-user-notifications.exe","value":"","delete":false,"lgpoType":"ENFORCE_REG_SZ","presentationId":"Exclusions_ProcessesList:0"},{"key":"Software\\Policies\\Microsoft\\Windows Defender\\Exclusions\\Processes","valueName":"%programfiles%\\Tanium\\Tanium End User Notification Tools\\UserSessionProxy.exe","value":"","delete":false,"lgpoType":"ENFORCE_REG_SZ","presentationId":"Exclusions_ProcessesList:0"},{"key":"Software\\Policies\\Microsoft\\Windows Defender\\Exclusions\\Processes","valueName":"%programfiles(x86)%\\Tanium\\Tanium End User Notification Tools\\bin\\end-user-notifications.exe","value":"","delete":false,"lgpoType":"ENFORCE_REG_SZ","presentationId":"Exclusions_ProcessesList:0"},{"key":"Software\\Policies\\Microsoft\\Windows Defender\\Exclusions\\Processes","valueName":"%programfiles(x86)%\\Tanium\\Tanium End User Notification Tools\\UserSessionProxy.exe","value":"","delete":false,"lgpoType":"ENFORCE_REG_SZ","presentationId":"Exclusions_ProcessesList:0"},{"key":"Software\\Policies\\Microsoft\\Windows Defender\\Exclusions\\Processes","valueName":"%TANIUM_CLIENT_ROOT%extensions\\comply\\engines\\scc\\cscc.exe","value":"","delete":false,"lgpoType":"ENFORCE_REG_SZ","presentationId":"Exclusions_ProcessesList:0"},{"key":"Software\\Policies\\Microsoft\\Windows Defender\\Exclusions\\Processes","valueName":"%TANIUM_CLIENT_ROOT%extensions\\comply\\engines\\scc\\lib32\\cscc32.exe","value":"","delete":false,"lgpoType":"ENFORCE_REG_SZ","presentationId":"Exclusions_ProcessesList:0"},{"key":"Software\\Policies\\Microsoft\\Windows Defender\\Exclusions\\Processes","valueName":"%TANIUM_CLIENT_ROOT%extensions\\comply\\engines\\scc\\lib32\\scc32.exe","value":"","delete":false,"lgpoType":"ENFORCE_REG_SZ","presentationId":"Exclusions_ProcessesList:0"},{"key":"Software\\Policies\\Microsoft\\Windows Defender\\Exclusions\\Processes","valueName":"%TANIUM_CLIENT_ROOT%extensions\\comply\\engines\\scc\\lib64\\cscc64.exe","value":"","delete":false,"lgpoType":"ENFORCE_REG_SZ","presentationId":"Exclusions_ProcessesList:0"},{"key":"Software\\Policies\\Microsoft\\Windows Defender\\Exclusions\\Processes","valueName":"%TANIUM_CLIENT_ROOT%extensions\\comply\\engines\\scc\\lib64\\scc64.exe","value":"","delete":false,"lgpoType":"ENFORCE_REG_SZ","presentationId":"Exclusions_ProcessesList:0"},{"key":"Software\\Policies\\Microsoft\\Windows Defender\\Exclusions\\Processes","valueName":"%TANIUM_CLIENT_ROOT%extensions\\comply\\engines\\scc\\scc.exe","value":"","delete":false,"lgpoType":"ENFORCE_REG_SZ","presentationId":"Exclusions_ProcessesList:0"},{"key":"Software\\Policies\\Microsoft\\Windows Defender\\Exclusions\\Processes","valueName":"%TANIUM_CLIENT_ROOT%extensions\\comply\\jre\\bin\\java.exe","value":"","delete":false,"lgpoType":"ENFORCE_REG_SZ","presentationId":"Exclusions_ProcessesList:0"},{"key":"Software\\Policies\\Microsoft\\Windows Defender\\Exclusions\\Processes","valueName":"%TANIUM_CLIENT_ROOT%Patch\\tools\\active-user-sessions.exe","value":"","delete":false,"lgpoType":"ENFORCE_REG_SZ","presentationId":"Exclusions_ProcessesList:0"},{"key":"Software\\Policies\\Microsoft\\Windows Defender\\Exclusions\\Processes","valueName":"%TANIUM_CLIENT_ROOT%Patch\\tools\\TaniumExecWrapper.exe","value":"","delete":false,"lgpoType":"ENFORCE_REG_SZ","presentationId":"Exclusions_ProcessesList:0"},{"key":"Software\\Policies\\Microsoft\\Windows Defender\\Exclusions\\Processes","valueName":"%TANIUM_CLIENT_ROOT%Patch\\tools\\TaniumFileInfo.exe","value":"","delete":false,"lgpoType":"ENFORCE_REG_SZ","presentationId":"Exclusions_ProcessesList:0"},{"key":"Software\\Policies\\Microsoft\\Windows Defender\\Exclusions\\Processes","valueName":"%TANIUM_CLIENT_ROOT%Patch\\tools\\TaniumUpdateSearcher.exe","value":"","delete":false,"lgpoType":"ENFORCE_REG_SZ","presentationId":"Exclusions_ProcessesList:0"},{"key":"Software\\Policies\\Microsoft\\Windows Defender\\Exclusions\\Processes","valueName":"%TANIUM_CLIENT_ROOT%Python38\\TPython.exe","value":"","delete":false,"lgpoType":"ENFORCE_REG_SZ","presentationId":"Exclusions_ProcessesList:0"},{"key":"Software\\Policies\\Microsoft\\Windows Defender\\Exclusions\\Processes","valueName":"%TANIUM_CLIENT_ROOT%TaniumClient.exe","value":"","delete":false,"lgpoType":"ENFORCE_REG_SZ","presentationId":"Exclusions_ProcessesList:0"},{"key":"Software\\Policies\\Microsoft\\Windows Defender\\Exclusions\\Processes","valueName":"%TANIUM_CLIENT_ROOT%TaniumCX.exe","value":"","delete":false,"lgpoType":"ENFORCE_REG_SZ","presentationId":"Exclusions_ProcessesList:0"},{"key":"Software\\Policies\\Microsoft\\Windows Defender\\Exclusions\\Processes","valueName":"%TANIUM_CLIENT_ROOT%Tools\\Discover\\nmap\\nmap.exe","value":"","delete":false,"lgpoType":"ENFORCE_REG_SZ","presentationId":"Exclusions_ProcessesList:0"},{"key":"Software\\Policies\\Microsoft\\Windows Defender\\Exclusions\\Processes","valueName":"%TANIUM_CLIENT_ROOT%Tools\\Discover\\nmap\\vcredist_x86.exe","value":"","delete":false,"lgpoType":"ENFORCE_REG_SZ","presentationId":"Exclusions_ProcessesList:0"},{"key":"Software\\Policies\\Microsoft\\Windows Defender\\Exclusions\\Processes","valueName":"%TANIUM_CLIENT_ROOT%tools\\driver\\service\\TaniumDriverSvc.exe","value":"","delete":false,"lgpoType":"ENFORCE_REG_SZ","presentationId":"Exclusions_ProcessesList:0"},{"key":"Software\\Policies\\Microsoft\\Windows Defender\\Exclusions\\Processes","valueName":"%TANIUM_CLIENT_ROOT%tools\\driver\\TaniumDriverCtl.exe","value":"","delete":false,"lgpoType":"ENFORCE_REG_SZ","presentationId":"Exclusions_ProcessesList:0"},{"key":"Software\\Policies\\Microsoft\\Windows Defender\\Exclusions\\Processes","valueName":"%TANIUM_CLIENT_ROOT%tools\\driver\\TaniumDriverCtl64.exe","value":"","delete":false,"lgpoType":"ENFORCE_REG_SZ","presentationId":"Exclusions_ProcessesList:0"},{"key":"Software\\Policies\\Microsoft\\Windows Defender\\Exclusions\\Processes","valueName":"%TANIUM_CLIENT_ROOT%tools\\driver\\TaniumDriverSvc.exe","value":"","delete":false,"lgpoType":"ENFORCE_REG_SZ","presentationId":"Exclusions_ProcessesList:0"},{"key":"Software\\Policies\\Microsoft\\Windows Defender\\Exclusions\\Processes","valueName":"%TANIUM_CLIENT_ROOT%tools\\driver\\TaniumDriverSvc64.exe","value":"","delete":false,"lgpoType":"ENFORCE_REG_SZ","presentationId":"Exclusions_ProcessesList:0"},{"key":"Software\\Policies\\Microsoft\\Windows Defender\\Exclusions\\Processes","valueName":"%TANIUM_CLIENT_ROOT%Tools\\Enforce\\devcon32.exe","value":"","delete":false,"lgpoType":"ENFORCE_REG_SZ","presentationId":"Exclusions_ProcessesList:0"},{"key":"Software\\Policies\\Microsoft\\Windows Defender\\Exclusions\\Processes","valueName":"%TANIUM_CLIENT_ROOT%Tools\\Enforce\\devcon64.exe","value":"","delete":false,"lgpoType":"ENFORCE_REG_SZ","presentationId":"Exclusions_ProcessesList:0"},{"key":"Software\\Policies\\Microsoft\\Windows Defender\\Exclusions\\Processes","valueName":"%TANIUM_CLIENT_ROOT%Tools\\Enforce\\LocalPolicyTool.exe","value":"","delete":false,"lgpoType":"ENFORCE_REG_SZ","presentationId":"Exclusions_ProcessesList:0"},{"key":"Software\\Policies\\Microsoft\\Windows Defender\\Exclusions\\Processes","valueName":"%TANIUM_CLIENT_ROOT%Tools\\EPI\\TaniumEndpointIndex.exe","value":"","delete":false,"lgpoType":"ENFORCE_REG_SZ","presentationId":"Exclusions_ProcessesList:0"},{"key":"Software\\Policies\\Microsoft\\Windows Defender\\Exclusions\\Processes","valueName":"%TANIUM_CLIENT_ROOT%Tools\\IR\\TanFileInfo.exe","value":"","delete":false,"lgpoType":"ENFORCE_REG_SZ","presentationId":"Exclusions_ProcessesList:0"},{"key":"Software\\Policies\\Microsoft\\Windows Defender\\Exclusions\\Processes","valueName":"%TANIUM_CLIENT_ROOT%Tools\\IR\\TaniumExecWrapper.exe","value":"","delete":false,"lgpoType":"ENFORCE_REG_SZ","presentationId":"Exclusions_ProcessesList:0"},{"key":"Software\\Policies\\Microsoft\\Windows Defender\\Exclusions\\Processes","valueName":"%TANIUM_CLIENT_ROOT%Tools\\IR\\TaniumFileInfo.exe","value":"","delete":false,"lgpoType":"ENFORCE_REG_SZ","presentationId":"Exclusions_ProcessesList:0"},{"key":"Software\\Policies\\Microsoft\\Windows Defender\\Exclusions\\Processes","valueName":"%TANIUM_CLIENT_ROOT%Tools\\IR\\TaniumHandle.exe","value":"","delete":false,"lgpoType":"ENFORCE_REG_SZ","presentationId":"Exclusions_ProcessesList:0"},{"key":"Software\\Policies\\Microsoft\\Windows Defender\\Exclusions\\Processes","valueName":"%TANIUM_CLIENT_ROOT%Tools\\IR\\TaniumListModules.exe","value":"","delete":false,"lgpoType":"ENFORCE_REG_SZ","presentationId":"Exclusions_ProcessesList:0"},{"key":"Software\\Policies\\Microsoft\\Windows Defender\\Exclusions\\Processes","valueName":"%TANIUM_CLIENT_ROOT%Tools\\IR\\TaniumPersistenceAnalyzer.exe","value":"","delete":false,"lgpoType":"ENFORCE_REG_SZ","presentationId":"Exclusions_ProcessesList:0"},{"key":"Software\\Policies\\Microsoft\\Windows Defender\\Exclusions\\Processes","valueName":"%TANIUM_CLIENT_ROOT%Tools\\Patch\\7za.exe","value":"","delete":false,"lgpoType":"ENFORCE_REG_SZ","presentationId":"Exclusions_ProcessesList:0"},{"key":"Software\\Policies\\Microsoft\\Windows Defender\\Exclusions\\Processes","valueName":"%TANIUM_CLIENT_ROOT%Tools\\PerformanceTSDB\\TaniumTSDB.exe","value":"","delete":false,"lgpoType":"ENFORCE_REG_SZ","presentationId":"Exclusions_ProcessesList:0"},{"key":"Software\\Policies\\Microsoft\\Windows Defender\\Exclusions\\Processes","valueName":"%TANIUM_CLIENT_ROOT%Tools\\Provision\\TaniumPXE.exe","value":"","delete":false,"lgpoType":"ENFORCE_REG_SZ","presentationId":"Exclusions_ProcessesList:0"},{"key":"Software\\Policies\\Microsoft\\Windows Defender\\Exclusions\\Processes","valueName":"%TANIUM_CLIENT_ROOT%Tools\\recorder\\TaniumRecorderCtl.exe","value":"","delete":false,"lgpoType":"ENFORCE_REG_SZ","presentationId":"Exclusions_ProcessesList:0"},{"key":"Software\\Policies\\Microsoft\\Windows Defender\\Exclusions\\Processes","valueName":"%TANIUM_CLIENT_ROOT%Tools\\ScreenSharing\\ScreenMeet.Support.exe","value":"","delete":false,"lgpoType":"ENFORCE_REG_SZ","presentationId":"Exclusions_ProcessesList:0"},{"key":"Software\\Policies\\Microsoft\\Windows Defender\\Exclusions\\Processes","valueName":"%TANIUM_CLIENT_ROOT%Tools\\SoftwareManagement\\7za.exe","value":"","delete":false,"lgpoType":"ENFORCE_REG_SZ","presentationId":"Exclusions_ProcessesList:0"},{"key":"Software\\Policies\\Microsoft\\Windows Defender\\Exclusions\\Processes","valueName":"%TANIUM_CLIENT_ROOT%Tools\\StdUtils\\7za.exe","value":"","delete":false,"lgpoType":"ENFORCE_REG_SZ","presentationId":"Exclusions_ProcessesList:0"},{"key":"Software\\Policies\\Microsoft\\Windows Defender\\Exclusions\\Processes","valueName":"%TANIUM_CLIENT_ROOT%Tools\\StdUtils\\runasuser.exe","value":"","delete":false,"lgpoType":"ENFORCE_REG_SZ","presentationId":"Exclusions_ProcessesList:0"},{"key":"Software\\Policies\\Microsoft\\Windows Defender\\Exclusions\\Processes","valueName":"%TANIUM_CLIENT_ROOT%Tools\\StdUtils\\runasuser64.exe","value":"","delete":false,"lgpoType":"ENFORCE_REG_SZ","presentationId":"Exclusions_ProcessesList:0"},{"key":"Software\\Policies\\Microsoft\\Windows Defender\\Exclusions\\Processes","valueName":"%TANIUM_CLIENT_ROOT%Tools\\StdUtils\\TaniumExecWrapper.exe","value":"","delete":false,"lgpoType":"ENFORCE_REG_SZ","presentationId":"Exclusions_ProcessesList:0"},{"key":"Software\\Policies\\Microsoft\\Windows Defender\\Exclusions\\Processes","valueName":"%TANIUM_CLIENT_ROOT%Tools\\StdUtils\\TaniumFileInfo.exe","value":"","delete":false,"lgpoType":"ENFORCE_REG_SZ","presentationId":"Exclusions_ProcessesList:0"},{"key":"Software\\Policies\\Microsoft\\Windows Defender\\Exclusions\\Processes","valueName":"%TANIUM_CLIENT_ROOT%Tools\\StdUtils\\TPowerShell.exe","value":"","delete":false,"lgpoType":"ENFORCE_REG_SZ","presentationId":"Exclusions_ProcessesList:0"},{"key":"Software\\Policies\\Microsoft\\Windows Defender\\Exclusions\\Processes","valueName":"%programdata%\\Projector Inc\\ScreenMeet Support\\ScreenMeet.Support.exe","value":"","delete":false,"lgpoType":"ENFORCE_REG_SZ","presentationId":"Exclusions_ProcessesList:0"},{"delete":false,"key":"Software\\Policies\\Microsoft\\Windows Defender\\Exclusions","valueName":"Exclusions_Processes","value":1,"lgpoType":"ENFORCE_REG_DWORD","presentationId":"windows:WindowsComponents/windef:AntiSpywareDefender/windef:Exclusions/Exclusions_Processes:root"},{"key":"Software\\Policies\\Microsoft\\Windows Defender\\Exclusions\\Processes","valueName":"%TANIUM_CLIENT_ROOT%Python312\\TPython.exe","value":"","delete":false,"lgpoType":"ENFORCE_REG_SZ","presentationId":"Exclusions_ProcessesList:0"}],"categoryPath":["windows:WindowsComponents","windef:AntiSpywareDefender","windef:Exclusions","Exclusions_Processes"],"hasLgpo":true},{"state":"enabled","name":"Process exclusions","kvps":[{"key":"Software\\Policies\\Microsoft\\Microsoft Antimalware\\Exclusions\\Processes","valueName":"%programfiles(x86)%\\Tanium\\Tanium Client\\Tools\\EndUserNotifications\\scripts\\config.vbs","value":"","delete":false,"lgpoType":"ENFORCE_REG_SZ","presentationId":"exclusions_processesList:0"},{"key":"Software\\Policies\\Microsoft\\Microsoft Antimalware\\Exclusions\\Processes","valueName":"%programfiles(x86)%\\Tanium\\Tanium Client\\Tools\\EndUserNotifications\\scripts\\remove-end-user-notifications.vbs","value":"","delete":false,"lgpoType":"ENFORCE_REG_SZ","presentationId":"exclusions_processesList:0"},{"key":"Software\\Policies\\Microsoft\\Microsoft Antimalware\\Exclusions\\Processes","valueName":"%TANIUM_CLIENT_ROOT%extensions\\comply\\data\\comply.db","value":"","delete":false,"lgpoType":"ENFORCE_REG_SZ","presentationId":"exclusions_processesList:0"},{"key":"Software\\Policies\\Microsoft\\Microsoft Antimalware\\Exclusions\\Processes","valueName":"%TANIUM_CLIENT_ROOT%extensions\\comply\\data\\current-ciscat-config.json","value":"","delete":false,"lgpoType":"ENFORCE_REG_SZ","presentationId":"exclusions_processesList:0"},{"key":"Software\\Policies\\Microsoft\\Microsoft Antimalware\\Exclusions\\Processes","valueName":"%TANIUM_CLIENT_ROOT%extensions\\comply\\data\\current-intel-config.json","value":"","delete":false,"lgpoType":"ENFORCE_REG_SZ","presentationId":"exclusions_processesList:0"},{"key":"Software\\Policies\\Microsoft\\Microsoft Antimalware\\Exclusions\\Processes","valueName":"%TANIUM_CLIENT_ROOT%extensions\\comply\\data\\current-java-config.json","value":"","delete":false,"lgpoType":"ENFORCE_REG_SZ","presentationId":"exclusions_processesList:0"},{"key":"Software\\Policies\\Microsoft\\Microsoft Antimalware\\Exclusions\\Processes","valueName":"%TANIUM_CLIENT_ROOT%extensions\\comply\\data\\current-joval-config.json","value":"","delete":false,"lgpoType":"ENFORCE_REG_SZ","presentationId":"exclusions_processesList:0"},{"key":"Software\\Policies\\Microsoft\\Microsoft Antimalware\\Exclusions\\Processes","valueName":"%TANIUM_CLIENT_ROOT%extensions\\comply\\data\\current-scan-config.json","value":"","delete":false,"lgpoType":"ENFORCE_REG_SZ","presentationId":"exclusions_processesList:0"},{"key":"Software\\Policies\\Microsoft\\Microsoft Antimalware\\Exclusions\\Processes","valueName":"%TANIUM_CLIENT_ROOT%extensions\\comply\\downloads\\download.db","value":"","delete":false,"lgpoType":"ENFORCE_REG_SZ","presentationId":"exclusions_processesList:0"},{"key":"Software\\Policies\\Microsoft\\Microsoft Antimalware\\Exclusions\\Processes","valueName":"%TANIUM_CLIENT_ROOT%extensions\\comply\\engines\\ciscat\\CIS-CAT.BAT","value":"","delete":false,"lgpoType":"ENFORCE_REG_SZ","presentationId":"exclusions_processesList:0"},{"key":"Software\\Policies\\Microsoft\\Microsoft Antimalware\\Exclusions\\Processes","valueName":"%TANIUM_CLIENT_ROOT%extensions\\comply\\engines\\ciscat\\CISCAT.jar","value":"","delete":false,"lgpoType":"ENFORCE_REG_SZ","presentationId":"exclusions_processesList:0"},{"key":"Software\\Policies\\Microsoft\\Microsoft Antimalware\\Exclusions\\Processes","valueName":"%TANIUM_CLIENT_ROOT%extensions\\comply\\engines\\joval\\Joval-Utilities.jar","value":"","delete":false,"lgpoType":"ENFORCE_REG_SZ","presentationId":"exclusions_processesList:0"},{"key":"Software\\Policies\\Microsoft\\Microsoft Antimalware\\Exclusions\\Processes","valueName":"%TANIUM_CLIENT_ROOT%extensions\\core\\TaniumPythonCx.dll","value":"","delete":false,"lgpoType":"ENFORCE_REG_SZ","presentationId":"exclusions_processesList:0"},{"key":"Software\\Policies\\Microsoft\\Microsoft Antimalware\\Exclusions\\Processes","valueName":"%TANIUM_CLIENT_ROOT%extensions\\core\\TaniumPythonCx.dll.sig","value":"","delete":false,"lgpoType":"ENFORCE_REG_SZ","presentationId":"exclusions_processesList:0"},{"key":"Software\\Policies\\Microsoft\\Microsoft Antimalware\\Exclusions\\Processes","valueName":"%TANIUM_CLIENT_ROOT%extensions\\discover\\data\\discover.db","value":"","delete":false,"lgpoType":"ENFORCE_REG_SZ","presentationId":"exclusions_processesList:0"},{"key":"Software\\Policies\\Microsoft\\Microsoft Antimalware\\Exclusions\\Processes","valueName":"%TANIUM_CLIENT_ROOT%extensions\\discover\\data\\discover.db-shm","value":"","delete":false,"lgpoType":"ENFORCE_REG_SZ","presentationId":"exclusions_processesList:0"},{"key":"Software\\Policies\\Microsoft\\Microsoft Antimalware\\Exclusions\\Processes","valueName":"%TANIUM_CLIENT_ROOT%extensions\\discover\\data\\discover.db-wal","value":"","delete":false,"lgpoType":"ENFORCE_REG_SZ","presentationId":"exclusions_processesList:0"},{"key":"Software\\Policies\\Microsoft\\Microsoft Antimalware\\Exclusions\\Processes","valueName":"%TANIUM_CLIENT_ROOT%extensions\\index\\index.db","value":"","delete":false,"lgpoType":"ENFORCE_REG_SZ","presentationId":"exclusions_processesList:0"},{"key":"Software\\Policies\\Microsoft\\Microsoft Antimalware\\Exclusions\\Processes","valueName":"%TANIUM_CLIENT_ROOT%extensions\\index\\index.db-shm","value":"","delete":false,"lgpoType":"ENFORCE_REG_SZ","presentationId":"exclusions_processesList:0"},{"key":"Software\\Policies\\Microsoft\\Microsoft Antimalware\\Exclusions\\Processes","valueName":"%TANIUM_CLIENT_ROOT%extensions\\index\\index.db-wal","value":"","delete":false,"lgpoType":"ENFORCE_REG_SZ","presentationId":"exclusions_processesList:0"},{"key":"Software\\Policies\\Microsoft\\Microsoft Antimalware\\Exclusions\\Processes","valueName":"%TANIUM_CLIENT_ROOT%extensions\\performance\\performance.db","value":"","delete":false,"lgpoType":"ENFORCE_REG_SZ","presentationId":"exclusions_processesList:0"},{"key":"Software\\Policies\\Microsoft\\Microsoft Antimalware\\Exclusions\\Processes","valueName":"%TANIUM_CLIENT_ROOT%extensions\\performance\\performance.db-shm","value":"","delete":false,"lgpoType":"ENFORCE_REG_SZ","presentationId":"exclusions_processesList:0"},{"key":"Software\\Policies\\Microsoft\\Microsoft Antimalware\\Exclusions\\Processes","valueName":"%TANIUM_CLIENT_ROOT%extensions\\performance\\performance.db-wal","value":"","delete":false,"lgpoType":"ENFORCE_REG_SZ","presentationId":"exclusions_processesList:0"},{"key":"Software\\Policies\\Microsoft\\Microsoft Antimalware\\Exclusions\\Processes","valueName":"%TANIUM_CLIENT_ROOT%extensions\\recorder\\proc.bin","value":"","delete":false,"lgpoType":"ENFORCE_REG_SZ","presentationId":"exclusions_processesList:0"},{"key":"Software\\Policies\\Microsoft\\Microsoft Antimalware\\Exclusions\\Processes","valueName":"%TANIUM_CLIENT_ROOT%extensions\\recorder\\recorder.db","value":"","delete":false,"lgpoType":"ENFORCE_REG_SZ","presentationId":"exclusions_processesList:0"},{"key":"Software\\Policies\\Microsoft\\Microsoft Antimalware\\Exclusions\\Processes","valueName":"%TANIUM_CLIENT_ROOT%extensions\\recorder\\recorder.db-shm","value":"","delete":false,"lgpoType":"ENFORCE_REG_SZ","presentationId":"exclusions_processesList:0"},{"key":"Software\\Policies\\Microsoft\\Microsoft Antimalware\\Exclusions\\Processes","valueName":"%TANIUM_CLIENT_ROOT%extensions\\recorder\\recorder.db-wal","value":"","delete":false,"lgpoType":"ENFORCE_REG_SZ","presentationId":"exclusions_processesList:0"},{"key":"Software\\Policies\\Microsoft\\Microsoft Antimalware\\Exclusions\\Processes","valueName":"%TANIUM_CLIENT_ROOT%extensions\\SupportCX.dll","value":"","delete":false,"lgpoType":"ENFORCE_REG_SZ","presentationId":"exclusions_processesList:0"},{"key":"Software\\Policies\\Microsoft\\Microsoft Antimalware\\Exclusions\\Processes","valueName":"%TANIUM_CLIENT_ROOT%extensions\\SupportCX.dll.sig","value":"","delete":false,"lgpoType":"ENFORCE_REG_SZ","presentationId":"exclusions_processesList:0"},{"key":"Software\\Policies\\Microsoft\\Microsoft Antimalware\\Exclusions\\Processes","valueName":"%TANIUM_CLIENT_ROOT%extensions\\TaniumComply.dll","value":"","delete":false,"lgpoType":"ENFORCE_REG_SZ","presentationId":"exclusions_processesList:0"},{"key":"Software\\Policies\\Microsoft\\Microsoft Antimalware\\Exclusions\\Processes","valueName":"%TANIUM_CLIENT_ROOT%extensions\\TaniumComply.dll.sig","value":"","delete":false,"lgpoType":"ENFORCE_REG_SZ","presentationId":"exclusions_processesList:0"},{"key":"Software\\Policies\\Microsoft\\Microsoft Antimalware\\Exclusions\\Processes","valueName":"%TANIUM_CLIENT_ROOT%extensions\\TaniumConfig.dll","value":"","delete":false,"lgpoType":"ENFORCE_REG_SZ","presentationId":"exclusions_processesList:0"},{"key":"Software\\Policies\\Microsoft\\Microsoft Antimalware\\Exclusions\\Processes","valueName":"%TANIUM_CLIENT_ROOT%extensions\\TaniumConfig.dll.sig","value":"","delete":false,"lgpoType":"ENFORCE_REG_SZ","presentationId":"exclusions_processesList:0"},{"key":"Software\\Policies\\Microsoft\\Microsoft Antimalware\\Exclusions\\Processes","valueName":"%TANIUM_CLIENT_ROOT%extensions\\TaniumDEC.dll","value":"","delete":false,"lgpoType":"ENFORCE_REG_SZ","presentationId":"exclusions_processesList:0"},{"key":"Software\\Policies\\Microsoft\\Microsoft Antimalware\\Exclusions\\Processes","valueName":"%TANIUM_CLIENT_ROOT%extensions\\TaniumDEC.dll.sig","value":"","delete":false,"lgpoType":"ENFORCE_REG_SZ","presentationId":"exclusions_processesList:0"},{"key":"Software\\Policies\\Microsoft\\Microsoft Antimalware\\Exclusions\\Processes","valueName":"%TANIUM_CLIENT_ROOT%extensions\\TaniumDiscover.dll","value":"","delete":false,"lgpoType":"ENFORCE_REG_SZ","presentationId":"exclusions_processesList:0"},{"key":"Software\\Policies\\Microsoft\\Microsoft Antimalware\\Exclusions\\Processes","valueName":"%TANIUM_CLIENT_ROOT%extensions\\TaniumDiscover.dll.sig","value":"","delete":false,"lgpoType":"ENFORCE_REG_SZ","presentationId":"exclusions_processesList:0"},{"key":"Software\\Policies\\Microsoft\\Microsoft Antimalware\\Exclusions\\Processes","valueName":"%TANIUM_CLIENT_ROOT%extensions\\TaniumEndUser.dll","value":"","delete":false,"lgpoType":"ENFORCE_REG_SZ","presentationId":"exclusions_processesList:0"},{"key":"Software\\Policies\\Microsoft\\Microsoft Antimalware\\Exclusions\\Processes","valueName":"%TANIUM_CLIENT_ROOT%extensions\\TaniumExtras.dll","value":"","delete":false,"lgpoType":"ENFORCE_REG_SZ","presentationId":"exclusions_processesList:0"},{"key":"Software\\Policies\\Microsoft\\Microsoft Antimalware\\Exclusions\\Processes","valueName":"%TANIUM_CLIENT_ROOT%extensions\\TaniumExtras.dll.sig","value":"","delete":false,"lgpoType":"ENFORCE_REG_SZ","presentationId":"exclusions_processesList:0"},{"key":"Software\\Policies\\Microsoft\\Microsoft Antimalware\\Exclusions\\Processes","valueName":"%TANIUM_CLIENT_ROOT%extensions\\TaniumIndex.dll","value":"","delete":false,"lgpoType":"ENFORCE_REG_SZ","presentationId":"exclusions_processesList:0"},{"key":"Software\\Policies\\Microsoft\\Microsoft Antimalware\\Exclusions\\Processes","valueName":"%TANIUM_CLIENT_ROOT%extensions\\TaniumIndex.dll.sig","value":"","delete":false,"lgpoType":"ENFORCE_REG_SZ","presentationId":"exclusions_processesList:0"},{"key":"Software\\Policies\\Microsoft\\Microsoft Antimalware\\Exclusions\\Processes","valueName":"%TANIUM_CLIENT_ROOT%extensions\\TaniumIntegrityMonitor.dll","value":"","delete":false,"lgpoType":"ENFORCE_REG_SZ","presentationId":"exclusions_processesList:0"},{"key":"Software\\Policies\\Microsoft\\Microsoft Antimalware\\Exclusions\\Processes","valueName":"%TANIUM_CLIENT_ROOT%extensions\\TaniumIntegrityMonitor.dll.sig","value":"","delete":false,"lgpoType":"ENFORCE_REG_SZ","presentationId":"exclusions_processesList:0"},{"key":"Software\\Policies\\Microsoft\\Microsoft Antimalware\\Exclusions\\Processes","valueName":"%TANIUM_CLIENT_ROOT%extensions\\TaniumPerformance.dll","value":"","delete":false,"lgpoType":"ENFORCE_REG_SZ","presentationId":"exclusions_processesList:0"},{"key":"Software\\Policies\\Microsoft\\Microsoft Antimalware\\Exclusions\\Processes","valueName":"%TANIUM_CLIENT_ROOT%extensions\\TaniumPerformance.dll.sig","value":"","delete":false,"lgpoType":"ENFORCE_REG_SZ","presentationId":"exclusions_processesList:0"},{"key":"Software\\Policies\\Microsoft\\Microsoft Antimalware\\Exclusions\\Processes","valueName":"%TANIUM_CLIENT_ROOT%extensions\\TaniumProvision.dll","value":"","delete":false,"lgpoType":"ENFORCE_REG_SZ","presentationId":"exclusions_processesList:0"},{"key":"Software\\Policies\\Microsoft\\Microsoft Antimalware\\Exclusions\\Processes","valueName":"%TANIUM_CLIENT_ROOT%extensions\\TaniumProvision.dll.sig","value":"","delete":false,"lgpoType":"ENFORCE_REG_SZ","presentationId":"exclusions_processesList:0"},{"key":"Software\\Policies\\Microsoft\\Microsoft Antimalware\\Exclusions\\Processes","valueName":"%TANIUM_CLIENT_ROOT%extensions\\TaniumRecorder.dll","value":"","delete":false,"lgpoType":"ENFORCE_REG_SZ","presentationId":"exclusions_processesList:0"},{"key":"Software\\Policies\\Microsoft\\Microsoft Antimalware\\Exclusions\\Processes","valueName":"%TANIUM_CLIENT_ROOT%extensions\\TaniumRecorder.dll.sig","value":"","delete":false,"lgpoType":"ENFORCE_REG_SZ","presentationId":"exclusions_processesList:0"},{"key":"Software\\Policies\\Microsoft\\Microsoft Antimalware\\Exclusions\\Processes","valueName":"%TANIUM_CLIENT_ROOT%extensions\\TaniumRisk.dll","value":"","delete":false,"lgpoType":"ENFORCE_REG_SZ","presentationId":"exclusions_processesList:0"},{"key":"Software\\Policies\\Microsoft\\Microsoft Antimalware\\Exclusions\\Processes","valueName":"%TANIUM_CLIENT_ROOT%extensions\\TaniumSoftwareManager.dll","value":"","delete":false,"lgpoType":"ENFORCE_REG_SZ","presentationId":"exclusions_processesList:0"},{"key":"Software\\Policies\\Microsoft\\Microsoft Antimalware\\Exclusions\\Processes","valueName":"%TANIUM_CLIENT_ROOT%extensions\\TaniumSoftwareManager.dll.sig","value":"","delete":false,"lgpoType":"ENFORCE_REG_SZ","presentationId":"exclusions_processesList:0"},{"key":"Software\\Policies\\Microsoft\\Microsoft Antimalware\\Exclusions\\Processes","valueName":"%TANIUM_CLIENT_ROOT%extensions\\TaniumThreatResponse.dll","value":"","delete":false,"lgpoType":"ENFORCE_REG_SZ","presentationId":"exclusions_processesList:0"},{"key":"Software\\Policies\\Microsoft\\Microsoft Antimalware\\Exclusions\\Processes","valueName":"%TANIUM_CLIENT_ROOT%extensions\\TaniumThreatResponse.dll.sig","value":"","delete":false,"lgpoType":"ENFORCE_REG_SZ","presentationId":"exclusions_processesList:0"},{"key":"Software\\Policies\\Microsoft\\Microsoft Antimalware\\Exclusions\\Processes","valueName":"%TANIUM_CLIENT_ROOT%extensions\\TaniumTSDB.dll","value":"","delete":false,"lgpoType":"ENFORCE_REG_SZ","presentationId":"exclusions_processesList:0"},{"key":"Software\\Policies\\Microsoft\\Microsoft Antimalware\\Exclusions\\Processes","valueName":"%TANIUM_CLIENT_ROOT%extensions\\TaniumTSDB.dll.sig","value":"","delete":false,"lgpoType":"ENFORCE_REG_SZ","presentationId":"exclusions_processesList:0"},{"key":"Software\\Policies\\Microsoft\\Microsoft Antimalware\\Exclusions\\Processes","valueName":"%TANIUM_CLIENT_ROOT%Patch\\lib\\tanium-patch.min.vbs","value":"","delete":false,"lgpoType":"ENFORCE_REG_SZ","presentationId":"exclusions_processesList:0"},{"key":"Software\\Policies\\Microsoft\\Microsoft Antimalware\\Exclusions\\Processes","valueName":"%TANIUM_CLIENT_ROOT%Patch\\scans\\Wsusscn2.cab","value":"","delete":false,"lgpoType":"ENFORCE_REG_SZ","presentationId":"exclusions_processesList:0"},{"key":"Software\\Policies\\Microsoft\\Microsoft Antimalware\\Exclusions\\Processes","valueName":"%TANIUM_CLIENT_ROOT%Patch\\tools\\run-patch-manager.min.vbs","value":"","delete":false,"lgpoType":"ENFORCE_REG_SZ","presentationId":"exclusions_processesList:0"},{"key":"Software\\Policies\\Microsoft\\Microsoft Antimalware\\Exclusions\\Processes","valueName":"%TANIUM_CLIENT_ROOT%TaniumClientExtensions.dll","value":"","delete":false,"lgpoType":"ENFORCE_REG_SZ","presentationId":"exclusions_processesList:0"},{"key":"Software\\Policies\\Microsoft\\Microsoft Antimalware\\Exclusions\\Processes","valueName":"%TANIUM_CLIENT_ROOT%TaniumClientExtensions.dll.sig","value":"","delete":false,"lgpoType":"ENFORCE_REG_SZ","presentationId":"exclusions_processesList:0"},{"key":"Software\\Policies\\Microsoft\\Microsoft Antimalware\\Exclusions\\Processes","valueName":"%TANIUM_CLIENT_ROOT%Tools\\Comply\\delete-assessment.vbs","value":"","delete":false,"lgpoType":"ENFORCE_REG_SZ","presentationId":"exclusions_processesList:0"},{"key":"Software\\Policies\\Microsoft\\Microsoft Antimalware\\Exclusions\\Processes","valueName":"%TANIUM_CLIENT_ROOT%Tools\\Comply\\run-assessment.vbs","value":"","delete":false,"lgpoType":"ENFORCE_REG_SZ","presentationId":"exclusions_processesList:0"},{"key":"Software\\Policies\\Microsoft\\Microsoft Antimalware\\Exclusions\\Processes","valueName":"%TANIUM_CLIENT_ROOT%tools\\driver\\TaniumProcessMonitor.dll","value":"","delete":false,"lgpoType":"ENFORCE_REG_SZ","presentationId":"exclusions_processesList:0"},{"key":"Software\\Policies\\Microsoft\\Microsoft Antimalware\\Exclusions\\Processes","valueName":"%TANIUM_CLIENT_ROOT%tools\\driver\\TaniumProcessMonitor64.dll","value":"","delete":false,"lgpoType":"ENFORCE_REG_SZ","presentationId":"exclusions_processesList:0"},{"key":"Software\\Policies\\Microsoft\\Microsoft Antimalware\\Exclusions\\Processes","valueName":"%TANIUM_CLIENT_ROOT%Tools\\IR\\PowerForensics\\PowerForensics.dll","value":"","delete":false,"lgpoType":"ENFORCE_REG_SZ","presentationId":"exclusions_processesList:0"},{"key":"Software\\Policies\\Microsoft\\Microsoft Antimalware\\Exclusions\\Processes","valueName":"%TANIUM_CLIENT_ROOT%Tools\\SoftwareManagement\\data\\software-management.db","value":"","delete":false,"lgpoType":"ENFORCE_REG_SZ","presentationId":"exclusions_processesList:0"},{"key":"Software\\Policies\\Microsoft\\Microsoft Antimalware\\Exclusions\\Processes","valueName":"%TANIUM_CLIENT_ROOT%Tools\\SoftwareManagement\\data\\software-management.db-shm","value":"","delete":false,"lgpoType":"ENFORCE_REG_SZ","presentationId":"exclusions_processesList:0"},{"key":"Software\\Policies\\Microsoft\\Microsoft Antimalware\\Exclusions\\Processes","valueName":"%TANIUM_CLIENT_ROOT%Tools\\SoftwareManagement\\data\\software-management.db-wal","value":"","delete":false,"lgpoType":"ENFORCE_REG_SZ","presentationId":"exclusions_processesList:0"},{"key":"Software\\Policies\\Microsoft\\Microsoft Antimalware\\Exclusions\\Processes","valueName":"%WINDIR%\\system32\\drivers\\TaniumProcessMonitor.dll","value":"","delete":false,"lgpoType":"ENFORCE_REG_SZ","presentationId":"exclusions_processesList:0"},{"key":"Software\\Policies\\Microsoft\\Microsoft Antimalware\\Exclusions\\Processes","valueName":"%WINDIR%\\System32\\drivers\\TaniumRecorderDrv.sys","value":"","delete":false,"lgpoType":"ENFORCE_REG_SZ","presentationId":"exclusions_processesList:0"},{"key":"Software\\Policies\\Microsoft\\Microsoft Antimalware\\Exclusions\\Processes","valueName":"%WINDIR%\\SysWOW64\\TaniumProcessMonitor.dll","value":"","delete":false,"lgpoType":"ENFORCE_REG_SZ","presentationId":"exclusions_processesList:0"},{"key":"Software\\Policies\\Microsoft\\Microsoft Antimalware\\Exclusions\\Processes","valueName":"%programfiles%\\Tanium\\Tanium End User Notification Tools\\bin\\end-user-notifications.exe","value":"","delete":false,"lgpoType":"ENFORCE_REG_SZ","presentationId":"exclusions_processesList:0"},{"key":"Software\\Policies\\Microsoft\\Microsoft Antimalware\\Exclusions\\Processes","valueName":"%programfiles%\\Tanium\\Tanium End User Notification Tools\\UserSessionProxy.exe","value":"","delete":false,"lgpoType":"ENFORCE_REG_SZ","presentationId":"exclusions_processesList:0"},{"key":"Software\\Policies\\Microsoft\\Microsoft Antimalware\\Exclusions\\Processes","valueName":"%programfiles(x86)%\\Tanium\\Tanium End User Notification Tools\\bin\\end-user-notifications.exe","value":"","delete":false,"lgpoType":"ENFORCE_REG_SZ","presentationId":"exclusions_processesList:0"},{"key":"Software\\Policies\\Microsoft\\Microsoft Antimalware\\Exclusions\\Processes","valueName":"%programfiles(x86)%\\Tanium\\Tanium End User Notification Tools\\UserSessionProxy.exe","value":"","delete":false,"lgpoType":"ENFORCE_REG_SZ","presentationId":"exclusions_processesList:0"},{"key":"Software\\Policies\\Microsoft\\Microsoft Antimalware\\Exclusions\\Processes","valueName":"%TANIUM_CLIENT_ROOT%extensions\\comply\\engines\\scc\\cscc.exe","value":"","delete":false,"lgpoType":"ENFORCE_REG_SZ","presentationId":"exclusions_processesList:0"},{"key":"Software\\Policies\\Microsoft\\Microsoft Antimalware\\Exclusions\\Processes","valueName":"%TANIUM_CLIENT_ROOT%extensions\\comply\\engines\\scc\\lib32\\cscc32.exe","value":"","delete":false,"lgpoType":"ENFORCE_REG_SZ","presentationId":"exclusions_processesList:0"},{"key":"Software\\Policies\\Microsoft\\Microsoft Antimalware\\Exclusions\\Processes","valueName":"%TANIUM_CLIENT_ROOT%extensions\\comply\\engines\\scc\\lib32\\scc32.exe","value":"","delete":false,"lgpoType":"ENFORCE_REG_SZ","presentationId":"exclusions_processesList:0"},{"key":"Software\\Policies\\Microsoft\\Microsoft Antimalware\\Exclusions\\Processes","valueName":"%TANIUM_CLIENT_ROOT%extensions\\comply\\engines\\scc\\lib64\\cscc64.exe","value":"","delete":false,"lgpoType":"ENFORCE_REG_SZ","presentationId":"exclusions_processesList:0"},{"key":"Software\\Policies\\Microsoft\\Microsoft Antimalware\\Exclusions\\Processes","valueName":"%TANIUM_CLIENT_ROOT%extensions\\comply\\engines\\scc\\lib64\\scc64.exe","value":"","delete":false,"lgpoType":"ENFORCE_REG_SZ","presentationId":"exclusions_processesList:0"},{"key":"Software\\Policies\\Microsoft\\Microsoft Antimalware\\Exclusions\\Processes","valueName":"%TANIUM_CLIENT_ROOT%extensions\\comply\\engines\\scc\\scc.exe","value":"","delete":false,"lgpoType":"ENFORCE_REG_SZ","presentationId":"exclusions_processesList:0"},{"key":"Software\\Policies\\Microsoft\\Microsoft Antimalware\\Exclusions\\Processes","valueName":"%TANIUM_CLIENT_ROOT%extensions\\comply\\jre\\bin\\java.exe","value":"","delete":false,"lgpoType":"ENFORCE_REG_SZ","presentationId":"exclusions_processesList:0"},{"key":"Software\\Policies\\Microsoft\\Microsoft Antimalware\\Exclusions\\Processes","valueName":"%TANIUM_CLIENT_ROOT%Patch\\tools\\active-user-sessions.exe","value":"","delete":false,"lgpoType":"ENFORCE_REG_SZ","presentationId":"exclusions_processesList:0"},{"key":"Software\\Policies\\Microsoft\\Microsoft Antimalware\\Exclusions\\Processes","valueName":"%TANIUM_CLIENT_ROOT%Patch\\tools\\TaniumExecWrapper.exe","value":"","delete":false,"lgpoType":"ENFORCE_REG_SZ","presentationId":"exclusions_processesList:0"},{"key":"Software\\Policies\\Microsoft\\Microsoft Antimalware\\Exclusions\\Processes","valueName":"%TANIUM_CLIENT_ROOT%Patch\\tools\\TaniumFileInfo.exe","value":"","delete":false,"lgpoType":"ENFORCE_REG_SZ","presentationId":"exclusions_processesList:0"},{"key":"Software\\Policies\\Microsoft\\Microsoft Antimalware\\Exclusions\\Processes","valueName":"%TANIUM_CLIENT_ROOT%Patch\\tools\\TaniumUpdateSearcher.exe","value":"","delete":false,"lgpoType":"ENFORCE_REG_SZ","presentationId":"exclusions_processesList:0"},{"key":"Software\\Policies\\Microsoft\\Microsoft Antimalware\\Exclusions\\Processes","valueName":"%TANIUM_CLIENT_ROOT%Python38\\TPython.exe","value":"","delete":false,"lgpoType":"ENFORCE_REG_SZ","presentationId":"exclusions_processesList:0"},{"key":"Software\\Policies\\Microsoft\\Microsoft Antimalware\\Exclusions\\Processes","valueName":"%TANIUM_CLIENT_ROOT%TaniumClient.exe","value":"","delete":false,"lgpoType":"ENFORCE_REG_SZ","presentationId":"exclusions_processesList:0"},{"key":"Software\\Policies\\Microsoft\\Microsoft Antimalware\\Exclusions\\Processes","valueName":"%TANIUM_CLIENT_ROOT%TaniumCX.exe","value":"","delete":false,"lgpoType":"ENFORCE_REG_SZ","presentationId":"exclusions_processesList:0"},{"key":"Software\\Policies\\Microsoft\\Microsoft Antimalware\\Exclusions\\Processes","valueName":"%TANIUM_CLIENT_ROOT%Tools\\Discover\\nmap\\nmap.exe","value":"","delete":false,"lgpoType":"ENFORCE_REG_SZ","presentationId":"exclusions_processesList:0"},{"key":"Software\\Policies\\Microsoft\\Microsoft Antimalware\\Exclusions\\Processes","valueName":"%TANIUM_CLIENT_ROOT%Tools\\Discover\\nmap\\vcredist_x86.exe","value":"","delete":false,"lgpoType":"ENFORCE_REG_SZ","presentationId":"exclusions_processesList:0"},{"key":"Software\\Policies\\Microsoft\\Microsoft Antimalware\\Exclusions\\Processes","valueName":"%TANIUM_CLIENT_ROOT%tools\\driver\\service\\TaniumDriverSvc.exe","value":"","delete":false,"lgpoType":"ENFORCE_REG_SZ","presentationId":"exclusions_processesList:0"},{"key":"Software\\Policies\\Microsoft\\Microsoft Antimalware\\Exclusions\\Processes","valueName":"%TANIUM_CLIENT_ROOT%tools\\driver\\TaniumDriverCtl.exe","value":"","delete":false,"lgpoType":"ENFORCE_REG_SZ","presentationId":"exclusions_processesList:0"},{"key":"Software\\Policies\\Microsoft\\Microsoft Antimalware\\Exclusions\\Processes","valueName":"%TANIUM_CLIENT_ROOT%tools\\driver\\TaniumDriverCtl64.exe","value":"","delete":false,"lgpoType":"ENFORCE_REG_SZ","presentationId":"exclusions_processesList:0"},{"key":"Software\\Policies\\Microsoft\\Microsoft Antimalware\\Exclusions\\Processes","valueName":"%TANIUM_CLIENT_ROOT%tools\\driver\\TaniumDriverSvc.exe","value":"","delete":false,"lgpoType":"ENFORCE_REG_SZ","presentationId":"exclusions_processesList:0"},{"key":"Software\\Policies\\Microsoft\\Microsoft Antimalware\\Exclusions\\Processes","valueName":"%TANIUM_CLIENT_ROOT%tools\\driver\\TaniumDriverSvc64.exe","value":"","delete":false,"lgpoType":"ENFORCE_REG_SZ","presentationId":"exclusions_processesList:0"},{"key":"Software\\Policies\\Microsoft\\Microsoft Antimalware\\Exclusions\\Processes","valueName":"%TANIUM_CLIENT_ROOT%Tools\\Enforce\\devcon32.exe","value":"","delete":false,"lgpoType":"ENFORCE_REG_SZ","presentationId":"exclusions_processesList:0"},{"key":"Software\\Policies\\Microsoft\\Microsoft Antimalware\\Exclusions\\Processes","valueName":"%TANIUM_CLIENT_ROOT%Tools\\Enforce\\devcon64.exe","value":"","delete":false,"lgpoType":"ENFORCE_REG_SZ","presentationId":"exclusions_processesList:0"},{"key":"Software\\Policies\\Microsoft\\Microsoft Antimalware\\Exclusions\\Processes","valueName":"%TANIUM_CLIENT_ROOT%Tools\\Enforce\\LocalPolicyTool.exe","value":"","delete":false,"lgpoType":"ENFORCE_REG_SZ","presentationId":"exclusions_processesList:0"},{"key":"Software\\Policies\\Microsoft\\Microsoft Antimalware\\Exclusions\\Processes","valueName":"%TANIUM_CLIENT_ROOT%Tools\\EPI\\TaniumEndpointIndex.exe","value":"","delete":false,"lgpoType":"ENFORCE_REG_SZ","presentationId":"exclusions_processesList:0"},{"key":"Software\\Policies\\Microsoft\\Microsoft Antimalware\\Exclusions\\Processes","valueName":"%TANIUM_CLIENT_ROOT%Tools\\IR\\TanFileInfo.exe","value":"","delete":false,"lgpoType":"ENFORCE_REG_SZ","presentationId":"exclusions_processesList:0"},{"key":"Software\\Policies\\Microsoft\\Microsoft Antimalware\\Exclusions\\Processes","valueName":"%TANIUM_CLIENT_ROOT%Tools\\IR\\TaniumExecWrapper.exe","value":"","delete":false,"lgpoType":"ENFORCE_REG_SZ","presentationId":"exclusions_processesList:0"},{"key":"Software\\Policies\\Microsoft\\Microsoft Antimalware\\Exclusions\\Processes","valueName":"%TANIUM_CLIENT_ROOT%Tools\\IR\\TaniumFileInfo.exe","value":"","delete":false,"lgpoType":"ENFORCE_REG_SZ","presentationId":"exclusions_processesList:0"},{"key":"Software\\Policies\\Microsoft\\Microsoft Antimalware\\Exclusions\\Processes","valueName":"%TANIUM_CLIENT_ROOT%Tools\\IR\\TaniumHandle.exe","value":"","delete":false,"lgpoType":"ENFORCE_REG_SZ","presentationId":"exclusions_processesList:0"},{"key":"Software\\Policies\\Microsoft\\Microsoft Antimalware\\Exclusions\\Processes","valueName":"%TANIUM_CLIENT_ROOT%Tools\\IR\\TaniumListModules.exe","value":"","delete":false,"lgpoType":"ENFORCE_REG_SZ","presentationId":"exclusions_processesList:0"},{"key":"Software\\Policies\\Microsoft\\Microsoft Antimalware\\Exclusions\\Processes","valueName":"%TANIUM_CLIENT_ROOT%Tools\\IR\\TaniumPersistenceAnalyzer.exe","value":"","delete":false,"lgpoType":"ENFORCE_REG_SZ","presentationId":"exclusions_processesList:0"},{"key":"Software\\Policies\\Microsoft\\Microsoft Antimalware\\Exclusions\\Processes","valueName":"%TANIUM_CLIENT_ROOT%Tools\\Patch\\7za.exe","value":"","delete":false,"lgpoType":"ENFORCE_REG_SZ","presentationId":"exclusions_processesList:0"},{"key":"Software\\Policies\\Microsoft\\Microsoft Antimalware\\Exclusions\\Processes","valueName":"%TANIUM_CLIENT_ROOT%Tools\\PerformanceTSDB\\TaniumTSDB.exe","value":"","delete":false,"lgpoType":"ENFORCE_REG_SZ","presentationId":"exclusions_processesList:0"},{"key":"Software\\Policies\\Microsoft\\Microsoft Antimalware\\Exclusions\\Processes","valueName":"%TANIUM_CLIENT_ROOT%Tools\\Provision\\TaniumPXE.exe","value":"","delete":false,"lgpoType":"ENFORCE_REG_SZ","presentationId":"exclusions_processesList:0"},{"key":"Software\\Policies\\Microsoft\\Microsoft Antimalware\\Exclusions\\Processes","valueName":"%TANIUM_CLIENT_ROOT%Tools\\recorder\\TaniumRecorderCtl.exe","value":"","delete":false,"lgpoType":"ENFORCE_REG_SZ","presentationId":"exclusions_processesList:0"},{"key":"Software\\Policies\\Microsoft\\Microsoft Antimalware\\Exclusions\\Processes","valueName":"%TANIUM_CLIENT_ROOT%Tools\\ScreenSharing\\ScreenMeet.Support.exe","value":"","delete":false,"lgpoType":"ENFORCE_REG_SZ","presentationId":"exclusions_processesList:0"},{"key":"Software\\Policies\\Microsoft\\Microsoft Antimalware\\Exclusions\\Processes","valueName":"%TANIUM_CLIENT_ROOT%Tools\\SoftwareManagement\\7za.exe","value":"","delete":false,"lgpoType":"ENFORCE_REG_SZ","presentationId":"exclusions_processesList:0"},{"key":"Software\\Policies\\Microsoft\\Microsoft Antimalware\\Exclusions\\Processes","valueName":"%TANIUM_CLIENT_ROOT%Tools\\StdUtils\\7za.exe","value":"","delete":false,"lgpoType":"ENFORCE_REG_SZ","presentationId":"exclusions_processesList:0"},{"key":"Software\\Policies\\Microsoft\\Microsoft Antimalware\\Exclusions\\Processes","valueName":"%TANIUM_CLIENT_ROOT%Tools\\StdUtils\\runasuser.exe","value":"","delete":false,"lgpoType":"ENFORCE_REG_SZ","presentationId":"exclusions_processesList:0"},{"key":"Software\\Policies\\Microsoft\\Microsoft Antimalware\\Exclusions\\Processes","valueName":"%TANIUM_CLIENT_ROOT%Tools\\StdUtils\\runasuser64.exe","value":"","delete":false,"lgpoType":"ENFORCE_REG_SZ","presentationId":"exclusions_processesList:0"},{"key":"Software\\Policies\\Microsoft\\Microsoft Antimalware\\Exclusions\\Processes","valueName":"%TANIUM_CLIENT_ROOT%Tools\\StdUtils\\TaniumExecWrapper.exe","value":"","delete":false,"lgpoType":"ENFORCE_REG_SZ","presentationId":"exclusions_processesList:0"},{"key":"Software\\Policies\\Microsoft\\Microsoft Antimalware\\Exclusions\\Processes","valueName":"%TANIUM_CLIENT_ROOT%Tools\\StdUtils\\TaniumFileInfo.exe","value":"","delete":false,"lgpoType":"ENFORCE_REG_SZ","presentationId":"exclusions_processesList:0"},{"key":"Software\\Policies\\Microsoft\\Microsoft Antimalware\\Exclusions\\Processes","valueName":"%TANIUM_CLIENT_ROOT%Tools\\StdUtils\\TPowerShell.exe","value":"","delete":false,"lgpoType":"ENFORCE_REG_SZ","presentationId":"exclusions_processesList:0"},{"key":"Software\\Policies\\Microsoft\\Microsoft Antimalware\\Exclusions\\Processes","valueName":"%programdata%\\Projector Inc\\ScreenMeet Support\\ScreenMeet.Support.exe","value":"","delete":false,"lgpoType":"ENFORCE_REG_SZ","presentationId":"exclusions_processesList:0"},{"delete":false,"key":"Software\\Policies\\Microsoft\\Microsoft Antimalware\\Exclusions","valueName":"exclusions_processes","value":1,"lgpoType":"ENFORCE_REG_DWORD","presentationId":"windows:System/MicrosoftAntimalware:system_center_endpoint_protection/MicrosoftAntimalware:exclusions/exclusions_processes:root"},{"key":"Software\\Policies\\Microsoft\\Microsoft Antimalware\\Exclusions\\Processes","valueName":"%TANIUM_CLIENT_ROOT%Python312\\TPython.exe","value":"","delete":false,"lgpoType":"ENFORCE_REG_SZ","presentationId":"exclusions_processesList:0"}],"categoryPath":["windows:System","MicrosoftAntimalware:system_center_endpoint_protection","MicrosoftAntimalware:exclusions","exclusions_processes"],"hasLgpo":true},{"state":"enabled","name":"Path Exclusions","kvps":[{"key":"Software\\Policies\\Microsoft\\Windows Defender\\Exclusions\\Paths","valueName":"%TANIUM_CLIENT_ROOT%","value":"","delete":false,"lgpoType":"ENFORCE_REG_SZ","presentationId":"Exclusions_PathsList:0"},{"key":"Software\\Policies\\Microsoft\\Windows Defender\\Exclusions\\Paths","valueName":"%programdata%\\Tanium","value":"","delete":false,"lgpoType":"ENFORCE_REG_SZ","presentationId":"Exclusions_PathsList:0"},{"key":"Software\\Policies\\Microsoft\\Windows Defender\\Exclusions\\Paths","valueName":"%programfiles%\\Tanium\\Tanium End User Notification Tools","value":"","delete":false,"lgpoType":"ENFORCE_REG_SZ","presentationId":"Exclusions_PathsList:0"},{"key":"Software\\Policies\\Microsoft\\Windows Defender\\Exclusions\\Paths","valueName":"%programfiles(x86)%\\Tanium\\Tanium Client\\Tools\\EndUserNotifications\\scripts","value":"","delete":false,"lgpoType":"ENFORCE_REG_SZ","presentationId":"Exclusions_PathsList:0"},{"key":"Software\\Policies\\Microsoft\\Windows Defender\\Exclusions\\Paths","valueName":"%programfiles(x86)%\\Tanium\\Tanium End User Notification Tools","value":"","delete":false,"lgpoType":"ENFORCE_REG_SZ","presentationId":"Exclusions_PathsList:0"},{"key":"Software\\Policies\\Microsoft\\Windows Defender\\Exclusions\\Paths","valueName":"%programfiles(x86)%\\Tanium\\Tanium Client","value":"","delete":false,"lgpoType":"ENFORCE_REG_SZ","presentationId":"Exclusions_PathsList:0"},{"key":"Software\\Policies\\Microsoft\\Windows Defender\\Exclusions\\Paths","valueName":"%programfiles%\\Tanium\\Tanium Client","value":"","delete":false,"lgpoType":"ENFORCE_REG_SZ","presentationId":"Exclusions_PathsList:0"},{"key":"Software\\Policies\\Microsoft\\Windows Defender\\Exclusions\\Paths","valueName":"%TANIUM_CLIENT_ROOT%","value":"","delete":false,"lgpoType":"ENFORCE_REG_SZ","presentationId":"Exclusions_PathsList:0"},{"key":"Software\\Policies\\Microsoft\\Windows Defender\\Exclusions\\Paths","valueName":"%TANIUM_CLIENT_ROOT%extensions\\index","value":"","delete":false,"lgpoType":"ENFORCE_REG_SZ","presentationId":"Exclusions_PathsList:0"},{"key":"Software\\Policies\\Microsoft\\Windows Defender\\Exclusions\\Paths","valueName":"%TANIUM_CLIENT_ROOT%extensions\\integrity-monitor","value":"","delete":false,"lgpoType":"ENFORCE_REG_SZ","presentationId":"Exclusions_PathsList:0"},{"key":"Software\\Policies\\Microsoft\\Windows Defender\\Exclusions\\Paths","valueName":"%TANIUM_CLIENT_ROOT%extensions\\stream","value":"","delete":false,"lgpoType":"ENFORCE_REG_SZ","presentationId":"Exclusions_PathsList:0"},{"key":"Software\\Policies\\Microsoft\\Windows Defender\\Exclusions\\Paths","valueName":"%TANIUM_CLIENT_ROOT%Python38","value":"","delete":false,"lgpoType":"ENFORCE_REG_SZ","presentationId":"Exclusions_PathsList:0"},{"key":"Software\\Policies\\Microsoft\\Windows Defender\\Exclusions\\Paths","valueName":"%TANIUM_CLIENT_ROOT%Tools\\CertificateManager","value":"","delete":false,"lgpoType":"ENFORCE_REG_SZ","presentationId":"Exclusions_PathsList:0"},{"key":"Software\\Policies\\Microsoft\\Windows Defender\\Exclusions\\Paths","valueName":"%TANIUM_CLIENT_ROOT%Tools\\Provision","value":"","delete":false,"lgpoType":"ENFORCE_REG_SZ","presentationId":"Exclusions_PathsList:0"},{"key":"Software\\Policies\\Microsoft\\Windows Defender\\Exclusions\\Paths","valueName":"C:\\Deploy\\Tanium","value":"","delete":false,"lgpoType":"ENFORCE_REG_SZ","presentationId":"Exclusions_PathsList:0"},{"key":"Software\\Policies\\Microsoft\\Windows Defender\\Exclusions\\Paths","valueName":"%programfiles%\\Npcap","value":"","delete":false,"lgpoType":"ENFORCE_REG_SZ","presentationId":"Exclusions_PathsList:0"},{"key":"Software\\Policies\\Microsoft\\Windows Defender\\Exclusions\\Paths","valueName":"%programdata%\\Projector Inc\\ScreenMeet Support","value":"","delete":false,"lgpoType":"ENFORCE_REG_SZ","presentationId":"Exclusions_PathsList:0"},{"delete":false,"key":"Software\\Policies\\Microsoft\\Windows Defender\\Exclusions","valueName":"Exclusions_Paths","value":1,"lgpoType":"ENFORCE_REG_DWORD","presentationId":"windows:WindowsComponents/windef:AntiSpywareDefender/windef:Exclusions/Exclusions_Paths:root"},{"key":"Software\\Policies\\Microsoft\\Windows Defender\\Exclusions\\Paths","valueName":"%TANIUM_CLIENT_ROOT%Python312","value":"","delete":false,"lgpoType":"ENFORCE_REG_SZ","presentationId":"Exclusions_PathsList:0"}],"categoryPath":["windows:WindowsComponents","windef:AntiSpywareDefender","windef:Exclusions","Exclusions_Paths"],"hasLgpo":true},{"state":"enabled","name":"Path exclusions","kvps":[{"key":"Software\\Policies\\Microsoft\\Microsoft Antimalware\\Exclusions\\Paths","valueName":"%TANIUM_CLIENT_ROOT%","value":"","delete":false,"lgpoType":"ENFORCE_REG_SZ","presentationId":"exclusions_pathsList:0"},{"key":"Software\\Policies\\Microsoft\\Microsoft Antimalware\\Exclusions\\Paths","valueName":"%programdata%\\Tanium","value":"","delete":false,"lgpoType":"ENFORCE_REG_SZ","presentationId":"exclusions_pathsList:0"},{"key":"Software\\Policies\\Microsoft\\Microsoft Antimalware\\Exclusions\\Paths","valueName":"%programfiles%\\Tanium\\Tanium End User Notification Tools","value":"","delete":false,"lgpoType":"ENFORCE_REG_SZ","presentationId":"exclusions_pathsList:0"},{"key":"Software\\Policies\\Microsoft\\Microsoft Antimalware\\Exclusions\\Paths","valueName":"%programfiles(x86)%\\Tanium\\Tanium Client\\Tools\\EndUserNotifications\\scripts","value":"","delete":false,"lgpoType":"ENFORCE_REG_SZ","presentationId":"exclusions_pathsList:0"},{"key":"Software\\Policies\\Microsoft\\Microsoft Antimalware\\Exclusions\\Paths","valueName":"%programfiles(x86)%\\Tanium\\Tanium End User Notification Tools","value":"","delete":false,"lgpoType":"ENFORCE_REG_SZ","presentationId":"exclusions_pathsList:0"},{"key":"Software\\Policies\\Microsoft\\Microsoft Antimalware\\Exclusions\\Paths","valueName":"%programfiles(x86)%\\Tanium\\Tanium Client","value":"","delete":false,"lgpoType":"ENFORCE_REG_SZ","presentationId":"exclusions_pathsList:0"},{"key":"Software\\Policies\\Microsoft\\Microsoft Antimalware\\Exclusions\\Paths","valueName":"%programfiles%\\Tanium\\Tanium Client","value":"","delete":false,"lgpoType":"ENFORCE_REG_SZ","presentationId":"exclusions_pathsList:0"},{"key":"Software\\Policies\\Microsoft\\Microsoft Antimalware\\Exclusions\\Paths","valueName":"%TANIUM_CLIENT_ROOT%","value":"","delete":false,"lgpoType":"ENFORCE_REG_SZ","presentationId":"exclusions_pathsList:0"},{"key":"Software\\Policies\\Microsoft\\Microsoft Antimalware\\Exclusions\\Paths","valueName":"%TANIUM_CLIENT_ROOT%extensions\\index","value":"","delete":false,"lgpoType":"ENFORCE_REG_SZ","presentationId":"exclusions_pathsList:0"},{"key":"Software\\Policies\\Microsoft\\Microsoft Antimalware\\Exclusions\\Paths","valueName":"%TANIUM_CLIENT_ROOT%extensions\\integrity-monitor","value":"","delete":false,"lgpoType":"ENFORCE_REG_SZ","presentationId":"exclusions_pathsList:0"},{"key":"Software\\Policies\\Microsoft\\Microsoft Antimalware\\Exclusions\\Paths","valueName":"%TANIUM_CLIENT_ROOT%extensions\\stream","value":"","delete":false,"lgpoType":"ENFORCE_REG_SZ","presentationId":"exclusions_pathsList:0"},{"key":"Software\\Policies\\Microsoft\\Microsoft Antimalware\\Exclusions\\Paths","valueName":"%TANIUM_CLIENT_ROOT%Python38","value":"","delete":false,"lgpoType":"ENFORCE_REG_SZ","presentationId":"exclusions_pathsList:0"},{"key":"Software\\Policies\\Microsoft\\Microsoft Antimalware\\Exclusions\\Paths","valueName":"%TANIUM_CLIENT_ROOT%Tools\\CertificateManager","value":"","delete":false,"lgpoType":"ENFORCE_REG_SZ","presentationId":"exclusions_pathsList:0"},{"key":"Software\\Policies\\Microsoft\\Microsoft Antimalware\\Exclusions\\Paths","valueName":"%TANIUM_CLIENT_ROOT%Tools\\Provision","value":"","delete":false,"lgpoType":"ENFORCE_REG_SZ","presentationId":"exclusions_pathsList:0"},{"key":"Software\\Policies\\Microsoft\\Microsoft Antimalware\\Exclusions\\Paths","valueName":"C:\\Deploy\\Tanium","value":"","delete":false,"lgpoType":"ENFORCE_REG_SZ","presentationId":"exclusions_pathsList:0"},{"key":"Software\\Policies\\Microsoft\\Microsoft Antimalware\\Exclusions\\Paths","valueName":"%programfiles%\\Npcap","value":"","delete":false,"lgpoType":"ENFORCE_REG_SZ","presentationId":"exclusions_pathsList:0"},{"key":"Software\\Policies\\Microsoft\\Microsoft Antimalware\\Exclusions\\Paths","valueName":"%programdata%\\Projector Inc\\ScreenMeet Support","value":"","delete":false,"lgpoType":"ENFORCE_REG_SZ","presentationId":"exclusions_pathsList:0"},{"delete":false,"key":"Software\\Policies\\Microsoft\\Microsoft Antimalware\\Exclusions","valueName":"exclusions_paths","value":1,"lgpoType":"ENFORCE_REG_DWORD","presentationId":"windows:System/MicrosoftAntimalware:system_center_endpoint_protection/MicrosoftAntimalware:exclusions/exclusions_paths:root"},{"key":"Software\\Policies\\Microsoft\\Microsoft Antimalware\\Exclusions\\Paths","valueName":"%TANIUM_CLIENT_ROOT%Python312","value":"","delete":false,"lgpoType":"ENFORCE_REG_SZ","presentationId":"exclusions_pathsList:0"}],"categoryPath":["windows:System","MicrosoftAntimalware:system_center_endpoint_protection","MicrosoftAntimalware:exclusions","exclusions_paths"],"hasLgpo":true},{"state":"disabled","name":"Do not display the lock screen","kvps":[{"delete":true,"key":"Software\\Policies\\Microsoft\\Windows\\Personalization","valueName":"NoLockScreen","lgpoType":"ENFORCE_REG_DWORD","presentationId":"windows:ControlPanel/controlpaneldisplay:Personalization/CPL_Personalization_NoLockScreen:root"}],"categoryPath":["windows:ControlPanel","controlpaneldisplay:Personalization","CPL_Personalization_NoLockScreen"],"hasLgpo":true},{"state":"enabled","name":"Prevent changing lock screen and logon image","kvps":[{"delete":false,"key":"Software\\Policies\\Microsoft\\Windows\\Personalization","valueName":"NoChangingLockScreen","value":1,"lgpoType":"ENFORCE_REG_DWORD","presentationId":"windows:ControlPanel/controlpaneldisplay:Personalization/CPL_Personalization_NoChangingLockScreen:root"}],"categoryPath":["windows:ControlPanel","controlpaneldisplay:Personalization","CPL_Personalization_NoChangingLockScreen"],"hasLgpo":true},{"state":"enabled","name":"Prevent enabling lock screen slide show","kvps":[{"delete":false,"key":"Software\\Policies\\Microsoft\\Windows\\Personalization","valueName":"NoLockScreenSlideshow","value":1,"lgpoType":"ENFORCE_REG_DWORD","presentationId":"windows:ControlPanel/controlpaneldisplay:Personalization/CPL_Personalization_NoLockScreenSlideshow:root"}],"categoryPath":["windows:ControlPanel","controlpaneldisplay:Personalization","CPL_Personalization_NoLockScreenSlideshow"],"hasLgpo":true},{"state":"enabled","name":"Prevent enabling lock screen camera","kvps":[{"delete":false,"key":"Software\\Policies\\Microsoft\\Windows\\Personalization","valueName":"NoLockScreenCamera","value":1,"lgpoType":"ENFORCE_REG_DWORD","presentationId":"windows:ControlPanel/controlpaneldisplay:Personalization/CPL_Personalization_NoLockScreenCamera:root"}],"categoryPath":["windows:ControlPanel","controlpaneldisplay:Personalization","CPL_Personalization_NoLockScreenCamera"],"hasLgpo":true},{"state":"enabled","name":"Prevent changing start menu background","kvps":[{"delete":false,"key":"Software\\Policies\\Microsoft\\Windows\\Personalization","valueName":"NoChangingStartMenuBackground","value":1,"lgpoType":"ENFORCE_REG_DWORD","presentationId":"windows:ControlPanel/controlpaneldisplay:Personalization/CPL_Personalization_NoChangingStartMenuBackground:root"}],"categoryPath":["windows:ControlPanel","controlpaneldisplay:Personalization","CPL_Personalization_NoChangingStartMenuBackground"],"hasLgpo":true}],"useManagedDefinitions":false},"isTemplate":false,"priorityPool":3,"type":{"id":0,"name":"admxMachine","initialContentSetName":"Enforce Windows","policyTypeContentSetName":"Enforce Windows Machine Administrative Templates","operatingSystem":"Windows","policyClass":"machine","endpointType":"cx","readPrivilege":"enforce policy read","writePrivilege":"enforce policy write","contentSetId":105,"policyTypeContentSetId":276},"hasEnforcements":false,"taniumUsername":"Hosa Rishah","taniumUpdatedUsername":"Hosa Rishah","policySource":"standard"}