{"id":2,"created_at":"2024-04-10T15:17:04.808Z","updated_at":"2024-04-17T17:20:00.234Z","deletedAt":null,"taniumUserId":30,"updatedByTaniumUserId":30,"changeType":"updated","contentSetId":105,"name":"Windows Security Baseline (Workstations) [Account Policies, Local Policies, and Advanced Audit Policy Configuration]","description":"This policy will spell out and enforce the security baseline for Windows workstations in accordance with the CMMC CM.L2-3.4.1 Control Requirement.","version":32,"priority":2,"typeId":13,"data":{"settings":[{"id":"LockoutDuration:System Access","valueType":"Number","sectionKey":"LockoutDuration","section":"System Access","category":"Account Policies\\Account Lockout Policy","displayPath":"Security Settings\\Account Policies\\Account Lockout Policy","displayName":"Account lockout duration","value":15},{"id":"LockoutBadCount:System Access","valueType":"Number","sectionKey":"LockoutBadCount","section":"System Access","category":"Account Policies\\Account Lockout Policy","displayPath":"Security Settings\\Account Policies\\Account Lockout Policy","displayName":"Account lockout threshold","value":"3"},{"id":"ResetLockoutCount:System Access","valueType":"Number","sectionKey":"ResetLockoutCount","section":"System Access","category":"Account Policies\\Account Lockout Policy","displayPath":"Security Settings\\Account Policies\\Account Lockout Policy","displayName":"Reset account lockout counter after","value":15},{"id":"PasswordHistorySize:System Access","valueType":"Number","sectionKey":"PasswordHistorySize","section":"System Access","category":"Account Policies\\Password Policy","displayPath":"Security Settings\\Account Policies\\Password Policy","displayName":"Enforce password history","value":"24"},{"id":"MaximumPasswordAge:System Access","valueType":"Number","sectionKey":"MaximumPasswordAge","section":"System Access","category":"Account Policies\\Password Policy","displayPath":"Security Settings\\Account Policies\\Password Policy","displayName":"Maximum password age","value":"0"},{"id":"MinimumPasswordAge:System Access","valueType":"Number","sectionKey":"MinimumPasswordAge","section":"System Access","category":"Account Policies\\Password Policy","displayPath":"Security Settings\\Account Policies\\Password Policy","displayName":"Minimum password age","value":"1"},{"id":"MinimumPasswordLength:System Access","valueType":"Number","sectionKey":"MinimumPasswordLength","section":"System Access","category":"Account Policies\\Password Policy","displayPath":"Security Settings\\Account Policies\\Password Policy","displayName":"Minimum password length","value":"14"},{"id":"PasswordComplexity:System Access","valueType":"Boolean","sectionKey":"PasswordComplexity","section":"System Access","category":"Account Policies\\Password Policy","displayPath":"Security Settings\\Account Policies\\Password Policy","displayName":"Password must meet complexity requirements","value":1},{"id":"ClearTextPassword:System Access","valueType":"Boolean","sectionKey":"ClearTextPassword","section":"System Access","category":"Account Policies\\Password Policy","displayPath":"Security Settings\\Account Policies\\Password Policy","displayName":"Store passwords using reversible encryption","value":0},{"id":"EnableAdminAccount:System Access","valueType":"Boolean","sectionKey":"EnableAdminAccount","section":"System Access","category":"Local Policies\\Security Options","displayPath":"Security Settings\\Local Policies\\Security Options","displayName":"Accounts: Administrator account status","value":1},{"id":"MACHINE/Software/Microsoft/Windows/CurrentVersion/Policies/System/NoConnectedUser:Registry Values","valueType":"REG_DWORD","sectionKey":"MACHINE/Software/Microsoft/Windows/CurrentVersion/Policies/System/NoConnectedUser","section":"Registry Values","category":"Local Policies\\Security Options","displayPath":"Security Settings\\Local Policies\\Security Options","displayName":"Accounts: Block Microsoft accounts","value":"0x00000003"},{"id":"EnableGuestAccount:System Access","valueType":"Boolean","sectionKey":"EnableGuestAccount","section":"System Access","category":"Local Policies\\Security Options","displayPath":"Security Settings\\Local Policies\\Security Options","displayName":"Accounts: Guest account status","value":0},{"id":"MACHINE/System/CurrentControlSet/Control/Lsa/LimitBlankPasswordUse:Registry Values","valueType":"REG_DWORD","sectionKey":"MACHINE/System/CurrentControlSet/Control/Lsa/LimitBlankPasswordUse","section":"Registry Values","category":"Local Policies\\Security Options","displayPath":"Security Settings\\Local Policies\\Security Options","displayName":"Accounts: Limit local account use of blank passwords to console logon only","value":1},{"id":"NewAdministratorName:System Access","valueType":"String","sectionKey":"NewAdministratorName","section":"System Access","category":"Local Policies\\Security Options","displayPath":"Security Settings\\Local Policies\\Security Options","displayName":"Accounts: Rename administrator account","value":"avadmin"},{"id":"NewGuestName:System Access","valueType":"String","sectionKey":"NewGuestName","section":"System Access","category":"Local Policies\\Security Options","displayPath":"Security Settings\\Local Policies\\Security Options","displayName":"Accounts: Rename guest account","value":"BuiltIn_Guest"},{"id":"{0CCE9228-69AE-11D9-BED3-505054503030}","valueType":"Boolean","sectionKey":"{0CCE9228-69AE-11D9-BED3-505054503030}","section":"N/A","category":"Advanced Audit Policy Configuration\\Privilege Use","displayPath":"Privilege Use","displayName":"Audit Sensitive Privilege Use","value":["1","2"]},{"id":"{0CCE922A-69AE-11D9-BED3-505054503030}","valueType":"Boolean","sectionKey":"{0CCE922A-69AE-11D9-BED3-505054503030}","section":"N/A","category":"Advanced Audit Policy Configuration\\Privilege Use","displayPath":"Privilege Use","displayName":"Audit Other Privilege Use Events","value":["1","2"]},{"id":"{0CCE9229-69AE-11D9-BED3-505054503030}","valueType":"Boolean","sectionKey":"{0CCE9229-69AE-11D9-BED3-505054503030}","section":"N/A","category":"Advanced Audit Policy Configuration\\Privilege Use","displayPath":"Privilege Use","displayName":"Audit Non Sensitive Privilege Use","value":["1","2"]},{"id":"MACHINE/System/CurrentControlSet/Control/SAM/RelaxMinimumPasswordLengthLimits:Registry Values","valueType":"REG_DWORD","sectionKey":"MACHINE/System/CurrentControlSet/Control/SAM/RelaxMinimumPasswordLengthLimits","section":"Registry Values","category":"Account Policies\\Password Policy","displayPath":"Security Settings\\Account Policies\\Password Policy","displayName":"Relax minimum password length limits","value":1},{"id":"MACHINE/System/CurrentControlSet/Control/Lsa/AuditBaseObjects:Registry Values","valueType":"REG_DWORD","sectionKey":"MACHINE/System/CurrentControlSet/Control/Lsa/AuditBaseObjects","section":"Registry Values","category":"Local Policies\\Security Options","displayPath":"Security Settings\\Local Policies\\Security Options","displayName":"Audit: Audit the access of global system objects","value":0},{"id":"MACHINE/System/CurrentControlSet/Control/Lsa/FullPrivilegeAuditing:Registry Values","valueType":"REG_BINARY","sectionKey":"MACHINE/System/CurrentControlSet/Control/Lsa/FullPrivilegeAuditing","section":"Registry Values","category":"Local Policies\\Security Options","displayPath":"Security Settings\\Local Policies\\Security Options","displayName":"Audit: Audit the use of Backup and Restore privilege","value":0},{"id":"MACHINE/System/CurrentControlSet/Control/Print/Providers/LanMan Print Services/Servers/AddPrinterDrivers:Registry Values","valueType":"REG_DWORD","sectionKey":"MACHINE/System/CurrentControlSet/Control/Print/Providers/LanMan Print Services/Servers/AddPrinterDrivers","section":"Registry Values","category":"Local Policies\\Security Options","displayPath":"Security Settings\\Local Policies\\Security Options","displayName":"Devices: Prevent users from installing printer drivers","value":0},{"id":"MACHINE/Software/Microsoft/Windows NT/CurrentVersion/Winlogon/AllocateCDRoms:Registry Values","valueType":"REG_SZ","sectionKey":"MACHINE/Software/Microsoft/Windows NT/CurrentVersion/Winlogon/AllocateCDRoms","section":"Registry Values","category":"Local Policies\\Security Options","displayPath":"Security Settings\\Local Policies\\Security Options","displayName":"Devices: Restrict CD-ROM access to locally logged-on user only","value":0},{"id":"MACHINE/Software/Microsoft/Windows NT/CurrentVersion/Winlogon/AllocateFloppies:Registry Values","valueType":"REG_SZ","sectionKey":"MACHINE/Software/Microsoft/Windows NT/CurrentVersion/Winlogon/AllocateFloppies","section":"Registry Values","category":"Local Policies\\Security Options","displayPath":"Security Settings\\Local Policies\\Security Options","displayName":"Devices: Restrict floppy access to locally logged-on user only","value":1},{"id":"MACHINE/System/CurrentControlSet/Services/Netlogon/Parameters/RequireSignOrSeal:Registry Values","valueType":"REG_DWORD","sectionKey":"MACHINE/System/CurrentControlSet/Services/Netlogon/Parameters/RequireSignOrSeal","section":"Registry Values","category":"Local Policies\\Security Options","displayPath":"Security Settings\\Local Policies\\Security Options","displayName":"Domain member: Digitally encrypt or sign secure channel data (always)","value":1},{"id":"MACHINE/System/CurrentControlSet/Services/Netlogon/Parameters/SealSecureChannel:Registry Values","valueType":"REG_DWORD","sectionKey":"MACHINE/System/CurrentControlSet/Services/Netlogon/Parameters/SealSecureChannel","section":"Registry Values","category":"Local Policies\\Security Options","displayPath":"Security Settings\\Local Policies\\Security Options","displayName":"Domain member: Digitally encrypt secure channel data (when possible)","value":1},{"id":"MACHINE/System/CurrentControlSet/Services/Netlogon/Parameters/SignSecureChannel:Registry Values","valueType":"REG_DWORD","sectionKey":"MACHINE/System/CurrentControlSet/Services/Netlogon/Parameters/SignSecureChannel","section":"Registry Values","category":"Local Policies\\Security Options","displayPath":"Security Settings\\Local Policies\\Security Options","displayName":"Domain member: Digitally sign secure channel data (when possible)","value":1},{"id":"MACHINE/System/CurrentControlSet/Services/Netlogon/Parameters/DisablePasswordChange:Registry Values","valueType":"REG_DWORD","sectionKey":"MACHINE/System/CurrentControlSet/Services/Netlogon/Parameters/DisablePasswordChange","section":"Registry Values","category":"Local Policies\\Security Options","displayPath":"Security Settings\\Local Policies\\Security Options","displayName":"Domain member: Disable machine account password changes","value":0},{"id":"MACHINE/Software/Microsoft/Windows/CurrentVersion/Policies/System/DisableCAD:Registry Values","valueType":"REG_DWORD","sectionKey":"MACHINE/Software/Microsoft/Windows/CurrentVersion/Policies/System/DisableCAD","section":"Registry Values","category":"Local Policies\\Security Options","displayPath":"Security Settings\\Local Policies\\Security Options","displayName":"Interactive logon: Do not require CTRL+ALT+DEL","value":0},{"id":"MACHINE/Software/Microsoft/Windows/CurrentVersion/Policies/System/LegalNoticeText:Registry Values","valueType":"REG_MULTI_SZ","sectionKey":"MACHINE/Software/Microsoft/Windows/CurrentVersion/Policies/System/LegalNoticeText","section":"Registry Values","category":"Local Policies\\Security Options","displayPath":"Security Settings\\Local Policies\\Security Options","displayName":"Interactive logon: Message text for users attempting to log on","value":"This system may contain U.S. Government information, which is restricted to authorized users ONLY. Unauthorized access, use, misuse, or modification of this computer system or of the data contained herein or in transit to/from this system may subject the individual to administrative disciplinary actions, criminal and civil penalties. Users have no expectation of privacy. This system and equipment are subject to monitoring to ensure proper performance of applicable security features or procedures. Such montiroing may result in the acquisition, recording, and analysis of all data being communicated, transmitted, processed, or stored in this system by a user. If monitoring reveals possible evidence of criminal activity, such evidence may be provided to Law Enforcement Personnel. ANYONE USING THIS SYSTEM EXPRESSLY CONSENTS TO SUCH MONITORING."},{"id":"MACHINE/Software/Microsoft/Windows/CurrentVersion/Policies/System/LegalNoticeCaption:Registry Values","valueType":"REG_SZ","sectionKey":"MACHINE/Software/Microsoft/Windows/CurrentVersion/Policies/System/LegalNoticeCaption","section":"Registry Values","category":"Local Policies\\Security Options","displayPath":"Security Settings\\Local Policies\\Security Options","displayName":"Interactive logon: Message title for users attempting to log on","value":"This is an AeroVironment computer system which may contain U.S. Government information."},{"id":"MACHINE/Software/Microsoft/Windows NT/CurrentVersion/Winlogon/CachedLogonsCount:Registry Values","valueType":"REG_SZ","sectionKey":"MACHINE/Software/Microsoft/Windows NT/CurrentVersion/Winlogon/CachedLogonsCount","section":"Registry Values","category":"Local Policies\\Security Options","displayPath":"Security Settings\\Local Policies\\Security Options","displayName":"Interactive logon: Number of previous logons to cache (in case domain controller is not available)","value":"10"},{"id":"MACHINE/Software/Microsoft/Windows NT/CurrentVersion/Winlogon/PasswordExpiryWarning:Registry Values","valueType":"REG_DWORD","sectionKey":"MACHINE/Software/Microsoft/Windows NT/CurrentVersion/Winlogon/PasswordExpiryWarning","section":"Registry Values","category":"Local Policies\\Security Options","displayPath":"Security Settings\\Local Policies\\Security Options","displayName":"Interactive logon: Prompt user to change password before expiration","value":"1"},{"id":"MACHINE/Software/Microsoft/Windows NT/CurrentVersion/Winlogon/ForceUnlockLogon:Registry Values","valueType":"REG_DWORD","sectionKey":"MACHINE/Software/Microsoft/Windows NT/CurrentVersion/Winlogon/ForceUnlockLogon","section":"Registry Values","category":"Local Policies\\Security Options","displayPath":"Security Settings\\Local Policies\\Security Options","displayName":"Interactive logon: Require Domain Controller authentication to unlock workstation","value":0},{"id":"MACHINE/System/CurrentControlSet/Control/Lsa/CrashOnAuditFail:Registry Values","valueType":"REG_DWORD","sectionKey":"MACHINE/System/CurrentControlSet/Control/Lsa/CrashOnAuditFail","section":"Registry Values","category":"Local Policies\\Security Options","displayPath":"Security Settings\\Local Policies\\Security Options","displayName":"Audit: Shut down system immediately if unable to log security audits","value":0},{"id":"MACHINE/System/CurrentControlSet/Control/Lsa/SCENoApplyLegacyAuditPolicy:Registry Values","valueType":"REG_DWORD","sectionKey":"MACHINE/System/CurrentControlSet/Control/Lsa/SCENoApplyLegacyAuditPolicy","section":"Registry Values","category":"Local Policies\\Security Options","displayPath":"Security Settings\\Local Policies\\Security Options","displayName":"Audit: Force audit policy subcategory settings (Windows Vista or later) to override audit policy category settings","value":1},{"id":"MACHINE/Software/Microsoft/Windows/CurrentVersion/Policies/System/UndockWithoutLogon:Registry Values","valueType":"REG_DWORD","sectionKey":"MACHINE/Software/Microsoft/Windows/CurrentVersion/Policies/System/UndockWithoutLogon","section":"Registry Values","category":"Local Policies\\Security Options","displayPath":"Security Settings\\Local Policies\\Security Options","displayName":"Devices: Allow undock without having to log on","value":1},{"id":"MACHINE/System/CurrentControlSet/Services/Netlogon/Parameters/RequireStrongKey:Registry Values","valueType":"REG_DWORD","sectionKey":"MACHINE/System/CurrentControlSet/Services/Netlogon/Parameters/RequireStrongKey","section":"Registry Values","category":"Local Policies\\Security Options","displayPath":"Security Settings\\Local Policies\\Security Options","displayName":"Domain member: Require strong (Windows 2000 or later) session key","value":1},{"id":"MACHINE/Software/Microsoft/Windows/CurrentVersion/Policies/System/DontDisplayLastUserName:Registry Values","valueType":"REG_DWORD","sectionKey":"MACHINE/Software/Microsoft/Windows/CurrentVersion/Policies/System/DontDisplayLastUserName","section":"Registry Values","category":"Local Policies\\Security Options","displayPath":"Security Settings\\Local Policies\\Security Options","displayName":"Interactive logon: Don't display last signed-in","value":0},{"id":"MACHINE/Software/Microsoft/Windows/CurrentVersion/Policies/System/ScForceOption:Registry Values","valueType":"REG_DWORD","sectionKey":"MACHINE/Software/Microsoft/Windows/CurrentVersion/Policies/System/ScForceOption","section":"Registry Values","category":"Local Policies\\Security Options","displayPath":"Security Settings\\Local Policies\\Security Options","displayName":"Interactive logon: Require Windows Hello for Business or smart card","value":0},{"id":"MACHINE/Software/Microsoft/Windows NT/CurrentVersion/Winlogon/ScRemoveOption:Registry Values","valueType":"REG_SZ","sectionKey":"MACHINE/Software/Microsoft/Windows NT/CurrentVersion/Winlogon/ScRemoveOption","section":"Registry Values","category":"Local Policies\\Security Options","displayPath":"Security Settings\\Local Policies\\Security Options","displayName":"Interactive logon: Smart card removal behavior","value":"0"},{"id":"MACHINE/System/CurrentControlSet/Services/LanmanWorkstation/Parameters/RequireSecuritySignature:Registry Values","valueType":"REG_DWORD","sectionKey":"MACHINE/System/CurrentControlSet/Services/LanmanWorkstation/Parameters/RequireSecuritySignature","section":"Registry Values","category":"Local Policies\\Security Options","displayPath":"Security Settings\\Local Policies\\Security Options","displayName":"Microsoft network client: Digitally sign communications (always)","value":1},{"id":"MACHINE/System/CurrentControlSet/Services/LanmanWorkstation/Parameters/EnableSecuritySignature:Registry Values","valueType":"REG_DWORD","sectionKey":"MACHINE/System/CurrentControlSet/Services/LanmanWorkstation/Parameters/EnableSecuritySignature","section":"Registry Values","category":"Local Policies\\Security Options","displayPath":"Security Settings\\Local Policies\\Security Options","displayName":"Microsoft network client: Digitally sign communications (if server agrees)","value":1},{"id":"MACHINE/System/CurrentControlSet/Services/LanmanWorkstation/Parameters/EnablePlainTextPassword:Registry Values","valueType":"REG_DWORD","sectionKey":"MACHINE/System/CurrentControlSet/Services/LanmanWorkstation/Parameters/EnablePlainTextPassword","section":"Registry Values","category":"Local Policies\\Security Options","displayPath":"Security Settings\\Local Policies\\Security Options","displayName":"Microsoft network client: Send unencrypted password to third-party SMB servers","value":0},{"id":"MACHINE/System/CurrentControlSet/Services/LanManServer/Parameters/AutoDisconnect:Registry Values","valueType":"REG_DWORD","sectionKey":"MACHINE/System/CurrentControlSet/Services/LanManServer/Parameters/AutoDisconnect","section":"Registry Values","category":"Local Policies\\Security Options","displayPath":"Security Settings\\Local Policies\\Security Options","displayName":"Microsoft network server: Amount of idle time required before suspending session","value":"15"},{"id":"MACHINE/System/CurrentControlSet/Services/LanManServer/Parameters/RequireSecuritySignature:Registry Values","valueType":"REG_DWORD","sectionKey":"MACHINE/System/CurrentControlSet/Services/LanManServer/Parameters/RequireSecuritySignature","section":"Registry Values","category":"Local Policies\\Security Options","displayPath":"Security Settings\\Local Policies\\Security Options","displayName":"Microsoft network server: Digitally sign communications (always)","value":1},{"id":"MACHINE/System/CurrentControlSet/Services/LanManServer/Parameters/EnableSecuritySignature:Registry Values","valueType":"REG_DWORD","sectionKey":"MACHINE/System/CurrentControlSet/Services/LanManServer/Parameters/EnableSecuritySignature","section":"Registry Values","category":"Local Policies\\Security Options","displayPath":"Security Settings\\Local Policies\\Security Options","displayName":"Microsoft network server: Digitally sign communications (if client agrees)","value":0},{"id":"MACHINE/System/CurrentControlSet/Services/LanManServer/Parameters/EnableForcedLogOff:Registry Values","valueType":"REG_DWORD","sectionKey":"MACHINE/System/CurrentControlSet/Services/LanManServer/Parameters/EnableForcedLogOff","section":"Registry Values","category":"Local Policies\\Security Options","displayPath":"Security Settings\\Local Policies\\Security Options","displayName":"Microsoft network server: Disconnect clients when logon hours expire","value":1},{"id":"LSAAnonymousNameLookup:System Access","valueType":"Boolean","sectionKey":"LSAAnonymousNameLookup","section":"System Access","category":"Local Policies\\Security Options","displayPath":"Security Settings\\Local Policies\\Security Options","displayName":"Network access: Allow anonymous SID/Name translation","value":0},{"id":"MACHINE/System/CurrentControlSet/Control/Lsa/RestrictAnonymousSAM:Registry Values","valueType":"REG_DWORD","sectionKey":"MACHINE/System/CurrentControlSet/Control/Lsa/RestrictAnonymousSAM","section":"Registry Values","category":"Local Policies\\Security Options","displayPath":"Security Settings\\Local Policies\\Security Options","displayName":"Network access: Do not allow anonymous enumeration of SAM accounts","value":1},{"id":"MACHINE/System/CurrentControlSet/Control/Lsa/RestrictAnonymous:Registry Values","valueType":"REG_DWORD","sectionKey":"MACHINE/System/CurrentControlSet/Control/Lsa/RestrictAnonymous","section":"Registry Values","category":"Local Policies\\Security Options","displayPath":"Security Settings\\Local Policies\\Security Options","displayName":"Network access: Do not allow anonymous enumeration of SAM accounts and shares","value":1},{"id":"MACHINE/System/CurrentControlSet/Control/Lsa/DisableDomainCreds:Registry Values","valueType":"REG_DWORD","sectionKey":"MACHINE/System/CurrentControlSet/Control/Lsa/DisableDomainCreds","section":"Registry Values","category":"Local Policies\\Security Options","displayPath":"Security Settings\\Local Policies\\Security Options","displayName":"Network access: Do not allow storage of passwords and credentials for network authentication","value":0},{"id":"MACHINE/System/CurrentControlSet/Control/Lsa/EveryoneIncludesAnonymous:Registry Values","valueType":"REG_DWORD","sectionKey":"MACHINE/System/CurrentControlSet/Control/Lsa/EveryoneIncludesAnonymous","section":"Registry Values","category":"Local Policies\\Security Options","displayPath":"Security Settings\\Local Policies\\Security Options","displayName":"Network access: Let Everyone permissions apply to anonymous users","value":0},{"id":"MACHINE/System/CurrentControlSet/Control/SecurePipeServers/Winreg/AllowedExactPaths/Machine:Registry Values","valueType":"REG_MULTI_SZ","sectionKey":"MACHINE/System/CurrentControlSet/Control/SecurePipeServers/Winreg/AllowedExactPaths/Machine","section":"Registry Values","category":"Local Policies\\Security Options","displayPath":"Security Settings\\Local Policies\\Security Options","displayName":"Network access: Remotely accessible registry paths","value":"System\\CurrentControlSet\\Control\\ProductOptions\nSystem\\CurrentControlSet\\Control\\Server Applications\nSoftware\\Microsoft\\Windows NT\\CurrentVersion"},{"id":"MACHINE/System/CurrentControlSet/Control/SecurePipeServers/Winreg/AllowedPaths/Machine:Registry Values","valueType":"REG_MULTI_SZ","sectionKey":"MACHINE/System/CurrentControlSet/Control/SecurePipeServers/Winreg/AllowedPaths/Machine","section":"Registry Values","category":"Local Policies\\Security Options","displayPath":"Security Settings\\Local Policies\\Security Options","displayName":"Network access: Remotely accessible registry paths and sub-paths","value":"System\\CurrentControlSet\\Control\\Print\\Printers\nSystem\\CurrentControlSet\\Services\\Eventlog\nSoftware\\Microsoft\\OLAP Server\nSoftware\\Microsoft\\Windows NT\\CurrentVersion\\Print\nSoftware\\Microsoft\\Windows NT\\CurrentVersion\\Windows\nSystem\\CurrentControlSet\\Control\\ContentIndex\nSystem\\CurrentControlSet\\Control\\Terminal Server\nSystem\\CurrentControlSet\\Control\\Terminal Server\\UserConfig\nSystem\\CurrentControlSet\\Control\\Terminal Server\\DefaultUserConfiguration\nSoftware\\Microsoft\\Windows NT\\CurrentVersion\\Perflib\nSystem\\CurrentControlSet\\Services\\SysmonLog"},{"id":"MACHINE/System/CurrentControlSet/Services/LanManServer/Parameters/RestrictNullSessAccess:Registry Values","valueType":"REG_DWORD","sectionKey":"MACHINE/System/CurrentControlSet/Services/LanManServer/Parameters/RestrictNullSessAccess","section":"Registry Values","category":"Local Policies\\Security Options","displayPath":"Security Settings\\Local Policies\\Security Options","displayName":"Network access: Restrict anonymous access to Named Pipes and Shares","value":1},{"id":"MACHINE/System/CurrentControlSet/Control/Lsa/ForceGuest:Registry Values","valueType":"REG_DWORD","sectionKey":"MACHINE/System/CurrentControlSet/Control/Lsa/ForceGuest","section":"Registry Values","category":"Local Policies\\Security Options","displayPath":"Security Settings\\Local Policies\\Security Options","displayName":"Network access: Sharing and security model for local accounts","value":"0x00000000"},{"id":"MACHINE/System/CurrentControlSet/Control/Lsa/NoLMHash:Registry Values","valueType":"REG_DWORD","sectionKey":"MACHINE/System/CurrentControlSet/Control/Lsa/NoLMHash","section":"Registry Values","category":"Local Policies\\Security Options","displayPath":"Security Settings\\Local Policies\\Security Options","displayName":"Network security: Do not store LAN Manager hash value on next password change","value":1},{"id":"ForceLogoffWhenHourExpire:System Access","valueType":"Boolean","sectionKey":"ForceLogoffWhenHourExpire","section":"System Access","category":"Local Policies\\Security Options","displayPath":"Security Settings\\Local Policies\\Security Options","displayName":"Network security: Force logoff when logon hours expire","value":0},{"id":"MACHINE/System/CurrentControlSet/Control/Lsa/LmCompatibilityLevel:Registry Values","valueType":"REG_DWORD","sectionKey":"MACHINE/System/CurrentControlSet/Control/Lsa/LmCompatibilityLevel","section":"Registry Values","category":"Local Policies\\Security Options","displayPath":"Security Settings\\Local Policies\\Security Options","displayName":"Network security: LAN Manager authentication level","value":"0x00000005"},{"id":"MACHINE/System/CurrentControlSet/Services/LDAP/LDAPClientIntegrity:Registry Values","valueType":"REG_DWORD","sectionKey":"MACHINE/System/CurrentControlSet/Services/LDAP/LDAPClientIntegrity","section":"Registry Values","category":"Local Policies\\Security Options","displayPath":"Security Settings\\Local Policies\\Security Options","displayName":"Network security: LDAP client signing requirements","value":"0x00000001"},{"id":"MACHINE/System/CurrentControlSet/Control/Lsa/MSV1_0/NTLMMinClientSec:Registry Values","valueType":"REG_DWORD","sectionKey":"MACHINE/System/CurrentControlSet/Control/Lsa/MSV1_0/NTLMMinClientSec","section":"Registry Values","category":"Local Policies\\Security Options","displayPath":"Security Settings\\Local Policies\\Security Options","displayName":"Network security: Minimum session security for NTLM SSP based (including secure RPC) clients","value":["0x20000000"]},{"id":"MACHINE/System/CurrentControlSet/Control/Lsa/MSV1_0/NTLMMinServerSec:Registry Values","valueType":"REG_DWORD","sectionKey":"MACHINE/System/CurrentControlSet/Control/Lsa/MSV1_0/NTLMMinServerSec","section":"Registry Values","category":"Local Policies\\Security Options","displayPath":"Security Settings\\Local Policies\\Security Options","displayName":"Network security: Minimum session security for NTLM SSP based (including secure RPC) servers","value":["0x20000000"]},{"id":"MACHINE/System/CurrentControlSet/Control/Lsa/MSV1_0/AuditReceivingNTLMTraffic:Registry Values","valueType":"REG_DWORD","sectionKey":"MACHINE/System/CurrentControlSet/Control/Lsa/MSV1_0/AuditReceivingNTLMTraffic","section":"Registry Values","category":"Local Policies\\Security Options","displayPath":"Security Settings\\Local Policies\\Security Options","displayName":"Network security: Restrict NTLM: Audit Incoming NTLM Traffic","value":"0x00000002"},{"id":"MACHINE/System/CurrentControlSet/Services/Netlogon/Parameters/AuditNTLMInDomain:Registry Values","valueType":"REG_DWORD","sectionKey":"MACHINE/System/CurrentControlSet/Services/Netlogon/Parameters/AuditNTLMInDomain","section":"Registry Values","category":"Local Policies\\Security Options","displayPath":"Security Settings\\Local Policies\\Security Options","displayName":"Network security: Restrict NTLM: Audit NTLM authentication in this domain","value":"0x00000007"},{"id":"MACHINE/System/CurrentControlSet/Services/Netlogon/Parameters/RestrictNTLMInDomain:Registry Values","valueType":"REG_DWORD","sectionKey":"MACHINE/System/CurrentControlSet/Services/Netlogon/Parameters/RestrictNTLMInDomain","section":"Registry Values","category":"Local Policies\\Security Options","displayPath":"Security Settings\\Local Policies\\Security Options","displayName":"Network security: Restrict NTLM: NTLM authentication in this domain","value":"0x00000007"},{"id":"MACHINE/System/CurrentControlSet/Control/Lsa/MSV1_0/RestrictSendingNTLMTraffic:Registry Values","valueType":"REG_DWORD","sectionKey":"MACHINE/System/CurrentControlSet/Control/Lsa/MSV1_0/RestrictSendingNTLMTraffic","section":"Registry Values","category":"Local Policies\\Security Options","displayPath":"Security Settings\\Local Policies\\Security Options","displayName":"Network security: Restrict NTLM: Outgoing NTLM traffic to remote servers","value":"0x00000002"},{"id":"MACHINE/Software/Microsoft/Windows NT/CurrentVersion/Setup/RecoveryConsole/SecurityLevel:Registry Values","valueType":"REG_DWORD","sectionKey":"MACHINE/Software/Microsoft/Windows NT/CurrentVersion/Setup/RecoveryConsole/SecurityLevel","section":"Registry Values","category":"Local Policies\\Security Options","displayPath":"Security Settings\\Local Policies\\Security Options","displayName":"Recovery console: Allow automatic administrative logon","value":0},{"id":"MACHINE/Software/Microsoft/Windows NT/CurrentVersion/Setup/RecoveryConsole/SetCommand:Registry Values","valueType":"REG_DWORD","sectionKey":"MACHINE/Software/Microsoft/Windows NT/CurrentVersion/Setup/RecoveryConsole/SetCommand","section":"Registry Values","category":"Local Policies\\Security Options","displayPath":"Security Settings\\Local Policies\\Security Options","displayName":"Recovery console: Allow floppy copy and access to all drives and all folders","value":0},{"id":"MACHINE/Software/Microsoft/Windows/CurrentVersion/Policies/System/ShutdownWithoutLogon:Registry Values","valueType":"REG_DWORD","sectionKey":"MACHINE/Software/Microsoft/Windows/CurrentVersion/Policies/System/ShutdownWithoutLogon","section":"Registry Values","category":"Local Policies\\Security Options","displayPath":"Security Settings\\Local Policies\\Security Options","displayName":"Shutdown: Allow system to be shut down without having to log on","value":1},{"id":"MACHINE/System/CurrentControlSet/Control/Session Manager/Memory Management/ClearPageFileAtShutdown:Registry Values","valueType":"REG_DWORD","sectionKey":"MACHINE/System/CurrentControlSet/Control/Session Manager/Memory Management/ClearPageFileAtShutdown","section":"Registry Values","category":"Local Policies\\Security Options","displayPath":"Security Settings\\Local Policies\\Security Options","displayName":"Shutdown: Clear virtual memory pagefile","value":0},{"id":"MACHINE/System/CurrentControlSet/Control/Lsa/FIPSAlgorithmPolicy/Enabled:Registry Values","valueType":"REG_DWORD","sectionKey":"MACHINE/System/CurrentControlSet/Control/Lsa/FIPSAlgorithmPolicy/Enabled","section":"Registry Values","category":"Local Policies\\Security Options","displayPath":"Security Settings\\Local Policies\\Security Options","displayName":"System cryptography: Use FIPS compliant algorithms for encryption, hashing, and signing","value":1},{"id":"MACHINE/System/CurrentControlSet/Control/Session Manager/Kernel/ObCaseInsensitive:Registry Values","valueType":"REG_DWORD","sectionKey":"MACHINE/System/CurrentControlSet/Control/Session Manager/Kernel/ObCaseInsensitive","section":"Registry Values","category":"Local Policies\\Security Options","displayPath":"Security Settings\\Local Policies\\Security Options","displayName":"System objects: Require case insensitivity for non-Windows subsystems","value":1},{"id":"MACHINE/System/CurrentControlSet/Control/Session Manager/ProtectionMode:Registry Values","valueType":"REG_DWORD","sectionKey":"MACHINE/System/CurrentControlSet/Control/Session Manager/ProtectionMode","section":"Registry Values","category":"Local Policies\\Security Options","displayPath":"Security Settings\\Local Policies\\Security Options","displayName":"System objects: Strengthen default permissions of internal system objects (e.g. Symbolic Links)","value":1},{"id":"MACHINE/Software/Policies/Microsoft/Windows/Safer/CodeIdentifiers/AuthenticodeEnabled:Registry Values","valueType":"REG_DWORD","sectionKey":"MACHINE/Software/Policies/Microsoft/Windows/Safer/CodeIdentifiers/AuthenticodeEnabled","section":"Registry Values","category":"Local Policies\\Security Options","displayPath":"Security Settings\\Local Policies\\Security Options","displayName":"System settings: Use Certificate Rules on Windows Executables for Software Restriction Policies","value":0},{"id":"MACHINE/Software/Microsoft/Windows/CurrentVersion/Policies/System/FilterAdministratorToken:Registry Values","valueType":"REG_DWORD","sectionKey":"MACHINE/Software/Microsoft/Windows/CurrentVersion/Policies/System/FilterAdministratorToken","section":"Registry Values","category":"Local Policies\\Security Options","displayPath":"Security Settings\\Local Policies\\Security Options","displayName":"User Account Control: Admin Approval Mode for the Built-in Administrator account","value":1},{"id":"MACHINE/Software/Microsoft/Windows/CurrentVersion/Policies/System/EnableUIADesktopToggle:Registry Values","valueType":"REG_DWORD","sectionKey":"MACHINE/Software/Microsoft/Windows/CurrentVersion/Policies/System/EnableUIADesktopToggle","section":"Registry Values","category":"Local Policies\\Security Options","displayPath":"Security Settings\\Local Policies\\Security Options","displayName":"User Account Control: Allow UIAccess applications to prompt for elevation without using the secure desktop","value":0},{"id":"MACHINE/Software/Microsoft/Windows/CurrentVersion/Policies/System/ConsentPromptBehaviorAdmin:Registry Values","valueType":"REG_DWORD","sectionKey":"MACHINE/Software/Microsoft/Windows/CurrentVersion/Policies/System/ConsentPromptBehaviorAdmin","section":"Registry Values","category":"Local Policies\\Security Options","displayPath":"Security Settings\\Local Policies\\Security Options","displayName":"User Account Control: Behavior of the elevation prompt for administrators in Admin Approval Mode","value":"0x00000005"},{"id":"MACHINE/Software/Microsoft/Windows/CurrentVersion/Policies/System/ConsentPromptBehaviorUser:Registry Values","valueType":"REG_DWORD","sectionKey":"MACHINE/Software/Microsoft/Windows/CurrentVersion/Policies/System/ConsentPromptBehaviorUser","section":"Registry Values","category":"Local Policies\\Security Options","displayPath":"Security Settings\\Local Policies\\Security Options","displayName":"User Account Control: Behavior of the elevation prompt for standard users","value":"0x00000003"},{"id":"MACHINE/Software/Microsoft/Windows/CurrentVersion/Policies/System/EnableInstallerDetection:Registry Values","valueType":"REG_DWORD","sectionKey":"MACHINE/Software/Microsoft/Windows/CurrentVersion/Policies/System/EnableInstallerDetection","section":"Registry Values","category":"Local Policies\\Security Options","displayPath":"Security Settings\\Local Policies\\Security Options","displayName":"User Account Control: Detect application installations and prompt for elevation","value":1},{"id":"MACHINE/Software/Microsoft/Windows/CurrentVersion/Policies/System/ValidateAdminCodeSignatures:Registry Values","valueType":"REG_DWORD","sectionKey":"MACHINE/Software/Microsoft/Windows/CurrentVersion/Policies/System/ValidateAdminCodeSignatures","section":"Registry Values","category":"Local Policies\\Security Options","displayPath":"Security Settings\\Local Policies\\Security Options","displayName":"User Account Control: Only elevate executables that are signed and validated","value":1},{"id":"MACHINE/Software/Microsoft/Windows/CurrentVersion/Policies/System/EnableSecureUIAPaths:Registry Values","valueType":"REG_DWORD","sectionKey":"MACHINE/Software/Microsoft/Windows/CurrentVersion/Policies/System/EnableSecureUIAPaths","section":"Registry Values","category":"Local Policies\\Security Options","displayPath":"Security Settings\\Local Policies\\Security Options","displayName":"User Account Control: Only elevate UIAccess applications that are installed in secure locations","value":1},{"id":"MACHINE/Software/Microsoft/Windows/CurrentVersion/Policies/System/EnableLUA:Registry Values","valueType":"REG_DWORD","sectionKey":"MACHINE/Software/Microsoft/Windows/CurrentVersion/Policies/System/EnableLUA","section":"Registry Values","category":"Local Policies\\Security Options","displayPath":"Security Settings\\Local Policies\\Security Options","displayName":"User Account Control: Run all administrators in Admin Approval Mode","value":1},{"id":"MACHINE/Software/Microsoft/Windows/CurrentVersion/Policies/System/PromptOnSecureDesktop:Registry Values","valueType":"REG_DWORD","sectionKey":"MACHINE/Software/Microsoft/Windows/CurrentVersion/Policies/System/PromptOnSecureDesktop","section":"Registry Values","category":"Local Policies\\Security Options","displayPath":"Security Settings\\Local Policies\\Security Options","displayName":"User Account Control: Switch to the secure desktop when prompting for elevation","value":1},{"id":"MACHINE/Software/Microsoft/Windows/CurrentVersion/Policies/System/EnableVirtualization:Registry Values","valueType":"REG_DWORD","sectionKey":"MACHINE/Software/Microsoft/Windows/CurrentVersion/Policies/System/EnableVirtualization","section":"Registry Values","category":"Local Policies\\Security Options","displayPath":"Security Settings\\Local Policies\\Security Options","displayName":"User Account Control: Virtualize file and registry write failures to per-user locations","value":1},{"id":"SeNetworkLogonRight:Privilege Rights","valueType":"List of SIDs","sectionKey":"SeNetworkLogonRight","section":"Privilege Rights","category":"Local Policies\\User Rights Assignment","displayPath":"Security Settings\\Local Policies\\User Rights Assignment","displayName":"Access this computer from the network","value":["Administrators","Backup Operators"]},{"id":"SeMachineAccountPrivilege:Privilege Rights","valueType":"List of SIDs","sectionKey":"SeMachineAccountPrivilege","section":"Privilege Rights","category":"Local Policies\\User Rights Assignment","displayPath":"Security Settings\\Local Policies\\User Rights Assignment","displayName":"Add workstations to domain","value":["Operators","Network Admins","Domain Admins"]},{"id":"SeIncreaseQuotaPrivilege:Privilege Rights","valueType":"List of SIDs","sectionKey":"SeIncreaseQuotaPrivilege","section":"Privilege Rights","category":"Local Policies\\User Rights Assignment","displayPath":"Security Settings\\Local Policies\\User Rights Assignment","displayName":"Adjust memory quotas for a process","value":["Administrators","LOCAL SERVICE","NETWORK SERVICE"]},{"id":"SeInteractiveLogonRight:Privilege Rights","valueType":"List of SIDs","sectionKey":"SeInteractiveLogonRight","section":"Privilege Rights","category":"Local Policies\\User Rights Assignment","displayPath":"Security Settings\\Local Policies\\User Rights Assignment","displayName":"Allow log on locally","value":["Administrators","Users","Backup Operators"]},{"id":"SeRemoteInteractiveLogonRight:Privilege Rights","valueType":"List of SIDs","sectionKey":"SeRemoteInteractiveLogonRight","section":"Privilege Rights","category":"Local Policies\\User Rights Assignment","displayPath":"Security Settings\\Local Policies\\User Rights Assignment","displayName":"Allow log on through Remote Desktop Services","value":["Administrators"]},{"id":"SeBackupPrivilege:Privilege Rights","valueType":"List of SIDs","sectionKey":"SeBackupPrivilege","section":"Privilege Rights","category":"Local Policies\\User Rights Assignment","displayPath":"Security Settings\\Local Policies\\User Rights Assignment","displayName":"Back up files and directories","value":["Administrators","Backup Operators"]},{"id":"SeChangeNotifyPrivilege:Privilege Rights","valueType":"List of SIDs","sectionKey":"SeChangeNotifyPrivilege","section":"Privilege Rights","category":"Local Policies\\User Rights Assignment","displayPath":"Security Settings\\Local Policies\\User Rights Assignment","displayName":"Bypass traverse checking","value":["Administrators","LOCAL SERVICE","NETWORK SERVICE","Backup Operators","Users"]},{"id":"SeSystemtimePrivilege:Privilege Rights","valueType":"List of SIDs","sectionKey":"SeSystemtimePrivilege","section":"Privilege Rights","category":"Local Policies\\User Rights Assignment","displayPath":"Security Settings\\Local Policies\\User Rights Assignment","displayName":"Change the system time","value":["Administrators","LOCAL SERVICE"]},{"id":"SeTimeZonePrivilege:Privilege Rights","valueType":"List of SIDs","sectionKey":"SeTimeZonePrivilege","section":"Privilege Rights","category":"Local Policies\\User Rights Assignment","displayPath":"Security Settings\\Local Policies\\User Rights Assignment","displayName":"Change the time zone","value":["Administrators","LOCAL SERVICE","Users"]},{"id":"SeCreatePagefilePrivilege:Privilege Rights","valueType":"List of SIDs","sectionKey":"SeCreatePagefilePrivilege","section":"Privilege Rights","category":"Local Policies\\User Rights Assignment","displayPath":"Security Settings\\Local Policies\\User Rights Assignment","displayName":"Create a pagefile","value":["Administrators"]},{"id":"SeCreateGlobalPrivilege:Privilege Rights","valueType":"List of SIDs","sectionKey":"SeCreateGlobalPrivilege","section":"Privilege Rights","category":"Local Policies\\User Rights Assignment","displayPath":"Security Settings\\Local Policies\\User Rights Assignment","displayName":"Create global objects","value":["Administrators","SERVICE","LOCAL SERVICE","NETWORK SERVICE"]},{"id":"SeCreateSymbolicLinkPrivilege:Privilege Rights","valueType":"List of SIDs","sectionKey":"SeCreateSymbolicLinkPrivilege","section":"Privilege Rights","category":"Local Policies\\User Rights Assignment","displayPath":"Security Settings\\Local Policies\\User Rights Assignment","displayName":"Create symbolic links","value":["Administrators","Virtual Machines"]},{"id":"SeDebugPrivilege:Privilege Rights","valueType":"List of SIDs","sectionKey":"SeDebugPrivilege","section":"Privilege Rights","category":"Local Policies\\User Rights Assignment","displayPath":"Security Settings\\Local Policies\\User Rights Assignment","displayName":"Debug programs","value":["Administrators"]},{"id":"SeDenyNetworkLogonRight:Privilege Rights","valueType":"List of SIDs","sectionKey":"SeDenyNetworkLogonRight","section":"Privilege Rights","category":"Local Policies\\User Rights Assignment","displayPath":"Security Settings\\Local Policies\\User Rights Assignment","displayName":"Deny access to this computer from the network","value":["Guest"]},{"id":"SeDenyInteractiveLogonRight:Privilege Rights","valueType":"List of SIDs","sectionKey":"SeDenyInteractiveLogonRight","section":"Privilege Rights","category":"Local Policies\\User Rights Assignment","displayPath":"Security Settings\\Local Policies\\User Rights Assignment","displayName":"Deny log on locally","value":["Service Account Deny Local Login"]},{"id":"SeDenyRemoteInteractiveLogonRight:Privilege Rights","valueType":"List of SIDs","sectionKey":"SeDenyRemoteInteractiveLogonRight","section":"Privilege Rights","category":"Local Policies\\User Rights Assignment","displayPath":"Security Settings\\Local Policies\\User Rights Assignment","displayName":"Deny log on through Remote Desktop Services","value":["Service Account Deny Local Login"]},{"id":"SeRemoteShutdownPrivilege:Privilege Rights","valueType":"List of SIDs","sectionKey":"SeRemoteShutdownPrivilege","section":"Privilege Rights","category":"Local Policies\\User Rights Assignment","displayPath":"Security Settings\\Local Policies\\User Rights Assignment","displayName":"Force shutdown from a remote system","value":["Administrators"]},{"id":"SeAuditPrivilege:Privilege Rights","valueType":"List of SIDs","sectionKey":"SeAuditPrivilege","section":"Privilege Rights","category":"Local Policies\\User Rights Assignment","displayPath":"Security Settings\\Local Policies\\User Rights Assignment","displayName":"Generate security audits","value":["LOCAL SERVICE","NETWORK SERVICE"]},{"id":"SeImpersonatePrivilege:Privilege Rights","valueType":"List of SIDs","sectionKey":"SeImpersonatePrivilege","section":"Privilege Rights","category":"Local Policies\\User Rights Assignment","displayPath":"Security Settings\\Local Policies\\User Rights Assignment","displayName":"Impersonate a client after authentication","value":["Administrators","LOCAL SERVICE","NETWORK SERVICE","SERVICE"]},{"id":"SeIncreaseWorkingSetPrivilege:Privilege Rights","valueType":"List of SIDs","sectionKey":"SeIncreaseWorkingSetPrivilege","section":"Privilege Rights","category":"Local Policies\\User Rights Assignment","displayPath":"Security Settings\\Local Policies\\User Rights Assignment","displayName":"Increase a process working set","value":["Users"]},{"id":"SeIncreaseBasePriorityPrivilege:Privilege Rights","valueType":"List of SIDs","sectionKey":"SeIncreaseBasePriorityPrivilege","section":"Privilege Rights","category":"Local Policies\\User Rights Assignment","displayPath":"Security Settings\\Local Policies\\User Rights Assignment","displayName":"Increase scheduling priority","value":["Administrators","Window Manager Group"]},{"id":"SeLoadDriverPrivilege:Privilege Rights","valueType":"List of SIDs","sectionKey":"SeLoadDriverPrivilege","section":"Privilege Rights","category":"Local Policies\\User Rights Assignment","displayPath":"Security Settings\\Local Policies\\User Rights Assignment","displayName":"Load and unload device drivers","value":["Administrators"]},{"id":"SeBatchLogonRight:Privilege Rights","valueType":"List of SIDs","sectionKey":"SeBatchLogonRight","section":"Privilege Rights","category":"Local Policies\\User Rights Assignment","displayPath":"Security Settings\\Local Policies\\User Rights Assignment","displayName":"Log on as a batch job","value":["Administrators","Backup Operators","Performance Log Users"]},{"id":"SeServiceLogonRight:Privilege Rights","valueType":"List of SIDs","sectionKey":"SeServiceLogonRight","section":"Privilege Rights","category":"Local Policies\\User Rights Assignment","displayPath":"Security Settings\\Local Policies\\User Rights Assignment","displayName":"Log on as a service","value":["ALL SERVICES","VIRTUAL MACHINES"]},{"id":"SeSecurityPrivilege:Privilege Rights","valueType":"List of SIDs","sectionKey":"SeSecurityPrivilege","section":"Privilege Rights","category":"Local Policies\\User Rights Assignment","displayPath":"Security Settings\\Local Policies\\User Rights Assignment","displayName":"Manage auditing and security log","value":["Exchange Servers","Administrators","Varonis","DatAdvantageSVC"]},{"id":"SeSystemEnvironmentPrivilege:Privilege Rights","valueType":"List of SIDs","sectionKey":"SeSystemEnvironmentPrivilege","section":"Privilege Rights","category":"Local Policies\\User Rights Assignment","displayPath":"Security Settings\\Local Policies\\User Rights Assignment","displayName":"Modify firmware environment values","value":["Administrators"]},{"id":"SeDelegateSessionUserImpersonatePrivilege:Privilege Rights","valueType":"List of SIDs","sectionKey":"SeDelegateSessionUserImpersonatePrivilege","section":"Privilege Rights","category":"Local Policies\\User Rights Assignment","displayPath":"Security Settings\\Local Policies\\User Rights Assignment","displayName":"Obtain an impersonation token for another user in the same session","value":["Adminstrators"]},{"id":"SeManageVolumePrivilege:Privilege Rights","valueType":"List of SIDs","sectionKey":"SeManageVolumePrivilege","section":"Privilege Rights","category":"Local Policies\\User Rights Assignment","displayPath":"Security Settings\\Local Policies\\User Rights Assignment","displayName":"Perform volume maintenance tasks","value":["Administrators"]},{"id":"SeProfileSingleProcessPrivilege:Privilege Rights","valueType":"List of SIDs","sectionKey":"SeProfileSingleProcessPrivilege","section":"Privilege Rights","category":"Local Policies\\User Rights Assignment","displayPath":"Security Settings\\Local Policies\\User Rights Assignment","displayName":"Profile single process","value":["administrators"]},{"id":"SeSystemProfilePrivilege:Privilege Rights","valueType":"List of SIDs","sectionKey":"SeSystemProfilePrivilege","section":"Privilege Rights","category":"Local Policies\\User Rights Assignment","displayPath":"Security Settings\\Local Policies\\User Rights Assignment","displayName":"Profile system performance","value":["Administrators","WdiServiceHost"]},{"id":"SeUndockPrivilege:Privilege Rights","valueType":"List of SIDs","sectionKey":"SeUndockPrivilege","section":"Privilege Rights","category":"Local Policies\\User Rights Assignment","displayPath":"Security Settings\\Local Policies\\User Rights Assignment","displayName":"Remove computer from docking station","value":["Administrators","Users"]},{"id":"SeAssignPrimaryTokenPrivilege:Privilege Rights","valueType":"List of SIDs","sectionKey":"SeAssignPrimaryTokenPrivilege","section":"Privilege Rights","category":"Local Policies\\User Rights Assignment","displayPath":"Security Settings\\Local Policies\\User Rights Assignment","displayName":"Replace a process level token","value":["LOCAL SERVICE","NETWORK SERVICE"]},{"id":"SeRestorePrivilege:Privilege Rights","valueType":"List of SIDs","sectionKey":"SeRestorePrivilege","section":"Privilege Rights","category":"Local Policies\\User Rights Assignment","displayPath":"Security Settings\\Local Policies\\User Rights Assignment","displayName":"Restore files and directories","value":["Administrators","Backup Operators"]},{"id":"SeShutdownPrivilege:Privilege Rights","valueType":"List of SIDs","sectionKey":"SeShutdownPrivilege","section":"Privilege Rights","category":"Local Policies\\User Rights Assignment","displayPath":"Security Settings\\Local Policies\\User Rights Assignment","displayName":"Shut down the system","value":["Administrators","Users","Backup Operators"]},{"id":"SeTakeOwnershipPrivilege:Privilege Rights","valueType":"List of SIDs","sectionKey":"SeTakeOwnershipPrivilege","section":"Privilege Rights","category":"Local Policies\\User Rights Assignment","displayPath":"Security Settings\\Local Policies\\User Rights Assignment","displayName":"Take ownership of files or other objects","value":["Administrators"]},{"id":"{0CCE923A-69AE-11D9-BED3-505054503030}","valueType":"Boolean","sectionKey":"{0CCE923A-69AE-11D9-BED3-505054503030}","section":"N/A","category":"Advanced Audit Policy Configuration\\Account Management","displayPath":"Account Management","displayName":"Audit Other Account Management Events","value":["1","2"]},{"id":"{0CCE9238-69AE-11D9-BED3-505054503030}","valueType":"Boolean","sectionKey":"{0CCE9238-69AE-11D9-BED3-505054503030}","section":"N/A","category":"Advanced Audit Policy Configuration\\Account Management","displayPath":"Account Management","displayName":"Audit Distribution Group Management","value":["1","2"]},{"id":"{0CCE9239-69AE-11D9-BED3-505054503030}","valueType":"Boolean","sectionKey":"{0CCE9239-69AE-11D9-BED3-505054503030}","section":"N/A","category":"Advanced Audit Policy Configuration\\Account Management","displayPath":"Account Management","displayName":"Audit Application Group Management","value":["1","2"]},{"id":"{0CCE9237-69AE-11D9-BED3-505054503030}","valueType":"Boolean","sectionKey":"{0CCE9237-69AE-11D9-BED3-505054503030}","section":"N/A","category":"Advanced Audit Policy Configuration\\Account Management","displayPath":"Account Management","displayName":"Audit Security Group Management","value":["1","2"]},{"id":"{0CCE9235-69AE-11D9-BED3-505054503030}","valueType":"Boolean","sectionKey":"{0CCE9235-69AE-11D9-BED3-505054503030}","section":"N/A","category":"Advanced Audit Policy Configuration\\Account Management","displayPath":"Account Management","displayName":"Audit User Account Management","value":["1","2"]},{"id":"{0CCE9236-69AE-11D9-BED3-505054503030}","valueType":"Boolean","sectionKey":"{0CCE9236-69AE-11D9-BED3-505054503030}","section":"N/A","category":"Advanced Audit Policy Configuration\\Account Management","displayPath":"Account Management","displayName":"Audit Computer Account Management","value":["1","2"]},{"id":"{0CCE9223-69AE-11D9-BED3-505054503030}","valueType":"Boolean","sectionKey":"{0CCE9223-69AE-11D9-BED3-505054503030}","section":"N/A","category":"Advanced Audit Policy Configuration\\Object Access","displayPath":"Object Access","displayName":"Audit Handle Manipulation","value":["1","2"]},{"id":"{0cce9244-69ae-11d9-bed3-505054503030}","valueType":"Boolean","sectionKey":"{0cce9244-69ae-11d9-bed3-505054503030}","section":"N/A","category":"Advanced Audit Policy Configuration\\Object Access","displayPath":"Object Access","displayName":"Audit Detailed File Share","value":["1","2"]},{"id":"{0CCE9220-69AE-11D9-BED3-505054503030}","valueType":"Boolean","sectionKey":"{0CCE9220-69AE-11D9-BED3-505054503030}","section":"N/A","category":"Advanced Audit Policy Configuration\\Object Access","displayPath":"Object Access","displayName":"Audit SAM","value":["1","2"]},{"id":"{0CCE9222-69AE-11D9-BED3-505054503030}","valueType":"Boolean","sectionKey":"{0CCE9222-69AE-11D9-BED3-505054503030}","section":"N/A","category":"Advanced Audit Policy Configuration\\Object Access","displayPath":"Object Access","displayName":"Audit Application Generated","value":["1","2"]},{"id":"{0CCE9225-69AE-11D9-BED3-505054503030}","valueType":"Boolean","sectionKey":"{0CCE9225-69AE-11D9-BED3-505054503030}","section":"N/A","category":"Advanced Audit Policy Configuration\\Object Access","displayPath":"Object Access","displayName":"Audit Filtering Platform Packet Drop","value":["1","2"]},{"id":"{0CCE9226-69AE-11D9-BED3-505054503030}","valueType":"Boolean","sectionKey":"{0CCE9226-69AE-11D9-BED3-505054503030}","section":"N/A","category":"Advanced Audit Policy Configuration\\Object Access","displayPath":"Object Access","displayName":"Audit Filtering Platform Connection","value":["1","2"]},{"id":"{0CCE9227-69AE-11D9-BED3-505054503030}","valueType":"Boolean","sectionKey":"{0CCE9227-69AE-11D9-BED3-505054503030}","section":"N/A","category":"Advanced Audit Policy Configuration\\Object Access","displayPath":"Object Access","displayName":"Audit Other Object Access Events","value":["1","2"]},{"id":"{0CCE921F-69AE-11D9-BED3-505054503030}","valueType":"Boolean","sectionKey":"{0CCE921F-69AE-11D9-BED3-505054503030}","section":"N/A","category":"Advanced Audit Policy Configuration\\Object Access","displayPath":"Object Access","displayName":"Audit Kernel Object","value":["1","2"]},{"id":"{0cce9246-69ae-11d9-bed3-505054503030}","valueType":"Boolean","sectionKey":"{0cce9246-69ae-11d9-bed3-505054503030}","section":"N/A","category":"Advanced Audit Policy Configuration\\Object Access","displayPath":"Object Access","displayName":"Audit Central Access Policy Staging","value":["1","2"]},{"id":"{0CCE921D-69AE-11D9-BED3-505054503030}","valueType":"Boolean","sectionKey":"{0CCE921D-69AE-11D9-BED3-505054503030}","section":"N/A","category":"Advanced Audit Policy Configuration\\Object Access","displayPath":"Object Access","displayName":"Audit File System","value":["1","2"]},{"id":"{0CCE9224-69AE-11D9-BED3-505054503030}","valueType":"Boolean","sectionKey":"{0CCE9224-69AE-11D9-BED3-505054503030}","section":"N/A","category":"Advanced Audit Policy Configuration\\Object Access","displayPath":"Object Access","displayName":"Audit File Share","value":["1","2"]},{"id":"{0CCE921E-69AE-11D9-BED3-505054503030}","valueType":"Boolean","sectionKey":"{0CCE921E-69AE-11D9-BED3-505054503030}","section":"N/A","category":"Advanced Audit Policy Configuration\\Object Access","displayPath":"Object Access","displayName":"Audit Registry","value":["1","2"]},{"id":"{0cce9245-69ae-11d9-bed3-505054503030}","valueType":"Boolean","sectionKey":"{0cce9245-69ae-11d9-bed3-505054503030}","section":"N/A","category":"Advanced Audit Policy Configuration\\Object Access","displayPath":"Object Access","displayName":"Audit Removable Storage","value":["1","2"]},{"id":"{0CCE9221-69AE-11D9-BED3-505054503030}","valueType":"Boolean","sectionKey":"{0CCE9221-69AE-11D9-BED3-505054503030}","section":"N/A","category":"Advanced Audit Policy Configuration\\Object Access","displayPath":"Object Access","displayName":"Audit Certification Services","value":["1","2"]},{"id":"{0CCE923E-69AE-11D9-BED3-505054503030}","valueType":"Boolean","sectionKey":"{0CCE923E-69AE-11D9-BED3-505054503030}","section":"N/A","category":"Advanced Audit Policy Configuration\\DS Access","displayPath":"DS Access","displayName":"Audit Detailed Directory Service Replication","value":["1","2"]},{"id":"{0CCE923D-69AE-11D9-BED3-505054503030}","valueType":"Boolean","sectionKey":"{0CCE923D-69AE-11D9-BED3-505054503030}","section":"N/A","category":"Advanced Audit Policy Configuration\\DS Access","displayPath":"DS Access","displayName":"Audit Directory Service Replication","value":["1","2"]},{"id":"{0CCE923B-69AE-11D9-BED3-505054503030}","valueType":"Boolean","sectionKey":"{0CCE923B-69AE-11D9-BED3-505054503030}","section":"N/A","category":"Advanced Audit Policy Configuration\\DS Access","displayPath":"DS Access","displayName":"Audit Directory Service Access","value":["1","2"]},{"id":"{0CCE923C-69AE-11D9-BED3-505054503030}","valueType":"Boolean","sectionKey":"{0CCE923C-69AE-11D9-BED3-505054503030}","section":"N/A","category":"Advanced Audit Policy Configuration\\DS Access","displayPath":"DS Access","displayName":"Audit Directory Service Changes","value":["1","2"]},{"id":"{0CCE923F-69AE-11D9-BED3-505054503030}","valueType":"Boolean","sectionKey":"{0CCE923F-69AE-11D9-BED3-505054503030}","section":"N/A","category":"Advanced Audit Policy Configuration\\Account Logon","displayPath":"Account Logon","displayName":"Audit Credential Validation","value":["1","2"]},{"id":"{0CCE9242-69AE-11D9-BED3-505054503030}","valueType":"Boolean","sectionKey":"{0CCE9242-69AE-11D9-BED3-505054503030}","section":"N/A","category":"Advanced Audit Policy Configuration\\Account Logon","displayPath":"Account Logon","displayName":"Audit Kerberos Authentication Service","value":["1","2"]},{"id":"{0CCE9241-69AE-11D9-BED3-505054503030}","valueType":"Boolean","sectionKey":"{0CCE9241-69AE-11D9-BED3-505054503030}","section":"N/A","category":"Advanced Audit Policy Configuration\\Account Logon","displayPath":"Account Logon","displayName":"Audit Other Account Logon Events","value":["1","2"]},{"id":"{0CCE9240-69AE-11D9-BED3-505054503030}","valueType":"Boolean","sectionKey":"{0CCE9240-69AE-11D9-BED3-505054503030}","section":"N/A","category":"Advanced Audit Policy Configuration\\Account Logon","displayPath":"Account Logon","displayName":"Audit Kerberos Service Ticket Operations","value":["1","2"]},{"id":"{0CCE921B-69AE-11D9-BED3-505054503030}","valueType":"Boolean","sectionKey":"{0CCE921B-69AE-11D9-BED3-505054503030}","section":"N/A","category":"Advanced Audit Policy Configuration\\Logon/Logoff","displayPath":"Logon/Logoff","displayName":"Audit Special Logon","value":["1","2"]},{"id":"{0CCE9247-69AE-11D9-BED3-505054503030}","valueType":"Boolean","sectionKey":"{0CCE9247-69AE-11D9-BED3-505054503030}","section":"N/A","category":"Advanced Audit Policy Configuration\\Logon/Logoff","displayPath":"Logon/Logoff","displayName":"Audit User / Device Claims","value":["1","2"]},{"id":"{0CCE921C-69AE-11D9-BED3-505054503030}","valueType":"Boolean","sectionKey":"{0CCE921C-69AE-11D9-BED3-505054503030}","section":"N/A","category":"Advanced Audit Policy Configuration\\Logon/Logoff","displayPath":"Logon/Logoff","displayName":"Audit Other Logon/Logoff Events","value":["1","2"]},{"id":"{0CCE9218-69AE-11D9-BED3-505054503030}","valueType":"Boolean","sectionKey":"{0CCE9218-69AE-11D9-BED3-505054503030}","section":"N/A","category":"Advanced Audit Policy Configuration\\Logon/Logoff","displayPath":"Logon/Logoff","displayName":"Audit IPsec Main Mode","value":["1","2"]},{"id":"{0CCE9217-69AE-11D9-BED3-505054503030}","valueType":"Boolean","sectionKey":"{0CCE9217-69AE-11D9-BED3-505054503030}","section":"N/A","category":"Advanced Audit Policy Configuration\\Logon/Logoff","displayPath":"Logon/Logoff","displayName":"Audit Account Lockout","value":["1","2"]},{"id":"{0CCE9243-69AE-11D9-BED3-505054503030}","valueType":"Boolean","sectionKey":"{0CCE9243-69AE-11D9-BED3-505054503030}","section":"N/A","category":"Advanced Audit Policy Configuration\\Logon/Logoff","displayPath":"Logon/Logoff","displayName":"Audit Network Policy Server","value":[]},{"id":"{0CCE921A-69AE-11D9-BED3-505054503030}","valueType":"Boolean","sectionKey":"{0CCE921A-69AE-11D9-BED3-505054503030}","section":"N/A","category":"Advanced Audit Policy Configuration\\Logon/Logoff","displayPath":"Logon/Logoff","displayName":"Audit IPsec Extended Mode","value":["1","2"]},{"id":"{0CCE9216-69AE-11D9-BED3-505054503030}","valueType":"Boolean","sectionKey":"{0CCE9216-69AE-11D9-BED3-505054503030}","section":"N/A","category":"Advanced Audit Policy Configuration\\Logon/Logoff","displayPath":"Logon/Logoff","displayName":"Audit Logoff","value":["1","2"]},{"id":"{0CCE9219-69AE-11D9-BED3-505054503030}","valueType":"Boolean","sectionKey":"{0CCE9219-69AE-11D9-BED3-505054503030}","section":"N/A","category":"Advanced Audit Policy Configuration\\Logon/Logoff","displayPath":"Logon/Logoff","displayName":"Audit IPsec Quick Mode","value":["1","2"]},{"id":"{0CCE9249-69AE-11D9-BED3-505054503030}","valueType":"Boolean","sectionKey":"{0CCE9249-69AE-11D9-BED3-505054503030}","section":"N/A","category":"Advanced Audit Policy Configuration\\Logon/Logoff","displayPath":"Logon/Logoff","displayName":"Audit Group Membership","value":["1","2"]},{"id":"{0CCE9215-69AE-11D9-BED3-505054503030}","valueType":"Boolean","sectionKey":"{0CCE9215-69AE-11D9-BED3-505054503030}","section":"N/A","category":"Advanced Audit Policy Configuration\\Logon/Logoff","displayPath":"Logon/Logoff","displayName":"Audit Logon","value":["1","2"]},{"id":"{0CCE9248-69AE-11D9-BED3-505054503030}","valueType":"Boolean","sectionKey":"{0CCE9248-69AE-11D9-BED3-505054503030}","section":"N/A","category":"Advanced Audit Policy Configuration\\Detailed Tracking","displayPath":"Detailed Tracking","displayName":"Audit PNP Activity","value":["1","2"]},{"id":"{0CCE922D-69AE-11D9-BED3-505054503030}","valueType":"Boolean","sectionKey":"{0CCE922D-69AE-11D9-BED3-505054503030}","section":"N/A","category":"Advanced Audit Policy Configuration\\Detailed Tracking","displayPath":"Detailed Tracking","displayName":"Audit DPAPI Activity","value":["1","2"]},{"id":"{0CCE922B-69AE-11D9-BED3-505054503030}","valueType":"Boolean","sectionKey":"{0CCE922B-69AE-11D9-BED3-505054503030}","section":"N/A","category":"Advanced Audit Policy Configuration\\Detailed Tracking","displayPath":"Detailed Tracking","displayName":"Audit Process Creation","value":["1","2"]},{"id":"{0CCE922E-69AE-11D9-BED3-505054503030}","valueType":"Boolean","sectionKey":"{0CCE922E-69AE-11D9-BED3-505054503030}","section":"N/A","category":"Advanced Audit Policy Configuration\\Detailed Tracking","displayPath":"Detailed Tracking","displayName":"Audit RPC Events","value":["1","2"]},{"id":"{0CCE922C-69AE-11D9-BED3-505054503030}","valueType":"Boolean","sectionKey":"{0CCE922C-69AE-11D9-BED3-505054503030}","section":"N/A","category":"Advanced Audit Policy Configuration\\Detailed Tracking","displayPath":"Detailed Tracking","displayName":"Audit Process Termination","value":["1","2"]},{"id":"{0CCE924A-69AE-11D9-BED3-505054503030}","valueType":"Boolean","sectionKey":"{0CCE924A-69AE-11D9-BED3-505054503030}","section":"N/A","category":"Advanced Audit Policy Configuration\\Detailed Tracking","displayPath":"Detailed Tracking","displayName":"Audit Token Right Adjusted","value":["1","2"]},{"id":"{0CCE9210-69AE-11D9-BED3-505054503030}","valueType":"Boolean","sectionKey":"{0CCE9210-69AE-11D9-BED3-505054503030}","section":"N/A","category":"Advanced Audit Policy Configuration\\System","displayPath":"System","displayName":"Audit Security State Change","value":["1","2"]},{"id":"{0CCE9212-69AE-11D9-BED3-505054503030}","valueType":"Boolean","sectionKey":"{0CCE9212-69AE-11D9-BED3-505054503030}","section":"N/A","category":"Advanced Audit Policy Configuration\\System","displayPath":"System","displayName":"Audit System Integrity","value":["1","2"]},{"id":"{0CCE9214-69AE-11D9-BED3-505054503030}","valueType":"Boolean","sectionKey":"{0CCE9214-69AE-11D9-BED3-505054503030}","section":"N/A","category":"Advanced Audit Policy Configuration\\System","displayPath":"System","displayName":"Audit Other System Events","value":["1","2"]},{"id":"{0CCE9211-69AE-11D9-BED3-505054503030}","valueType":"Boolean","sectionKey":"{0CCE9211-69AE-11D9-BED3-505054503030}","section":"N/A","category":"Advanced Audit Policy Configuration\\System","displayPath":"System","displayName":"Audit Security System Extension","value":["1","2"]},{"id":"{0CCE9213-69AE-11D9-BED3-505054503030}","valueType":"Boolean","sectionKey":"{0CCE9213-69AE-11D9-BED3-505054503030}","section":"N/A","category":"Advanced Audit Policy Configuration\\System","displayPath":"System","displayName":"Audit IPsec Driver","value":["1","2"]},{"id":"{0CCE922F-69AE-11D9-BED3-505054503030}","valueType":"Boolean","sectionKey":"{0CCE922F-69AE-11D9-BED3-505054503030}","section":"N/A","category":"Advanced Audit Policy Configuration\\Policy Change","displayPath":"Policy Change","displayName":"Audit Audit Policy Change","value":["1","2"]},{"id":"{0CCE9234-69AE-11D9-BED3-505054503030}","valueType":"Boolean","sectionKey":"{0CCE9234-69AE-11D9-BED3-505054503030}","section":"N/A","category":"Advanced Audit Policy Configuration\\Policy Change","displayPath":"Policy Change","displayName":"Audit Other Policy Change Events","value":["1","2"]},{"id":"{0CCE9231-69AE-11D9-BED3-505054503030}","valueType":"Boolean","sectionKey":"{0CCE9231-69AE-11D9-BED3-505054503030}","section":"N/A","category":"Advanced Audit Policy Configuration\\Policy Change","displayPath":"Policy Change","displayName":"Audit Authorization Policy Change","value":["1","2"]},{"id":"{0CCE9232-69AE-11D9-BED3-505054503030}","valueType":"Boolean","sectionKey":"{0CCE9232-69AE-11D9-BED3-505054503030}","section":"N/A","category":"Advanced Audit Policy Configuration\\Policy Change","displayPath":"Policy Change","displayName":"Audit MPSSVC Rule-Level Policy Change","value":["1","2"]},{"id":"{0CCE9230-69AE-11D9-BED3-505054503030}","valueType":"Boolean","sectionKey":"{0CCE9230-69AE-11D9-BED3-505054503030}","section":"N/A","category":"Advanced Audit Policy Configuration\\Policy Change","displayPath":"Policy Change","displayName":"Audit Authentication Policy Change","value":["1","2"]},{"id":"{0CCE9233-69AE-11D9-BED3-505054503030}","valueType":"Boolean","sectionKey":"{0CCE9233-69AE-11D9-BED3-505054503030}","section":"N/A","category":"Advanced Audit Policy Configuration\\Policy Change","displayPath":"Policy Change","displayName":"Audit Filtering Platform Policy Change","value":["1","2"]}]},"isTemplate":false,"priorityPool":3,"type":{"id":13,"name":"security","initialContentSetName":"Enforce Windows","policyTypeContentSetName":"Enforce Windows Security Settings","operatingSystem":"Windows","policyClass":"machine","endpointType":"cx","readPrivilege":"enforce policy read","writePrivilege":"enforce policy write","contentSetId":105,"policyTypeContentSetId":279},"hasEnforcements":true,"taniumUsername":"Hosa Rishah","taniumUpdatedUsername":"Hosa Rishah","policySource":"standard"}