{"id":3,"created_at":"2024-04-11T20:02:29.563Z","updated_at":"2024-04-25T19:52:12.556Z","deletedAt":null,"taniumUserId":30,"updatedByTaniumUserId":30,"changeType":"updated","contentSetId":105,"name":"CMMC - SC.L2-3.13.13 - Mobile Code Security (Windows)","description":"3.13.13: Control and monitor the use of mobile code","version":12,"priority":3,"typeId":1,"data":{"policyItems":[{"state":"enabled","name":"Control use of the Web Bluetooth API","kvps":[{"key":"Software\\Policies\\Google\\Chrome","valueName":"DefaultWebBluetoothGuardSetting","value":2,"delete":false,"lgpoType":"ENFORCE_REG_DWORD","presentationId":"DefaultWebBluetoothGuardSetting:0"}],"categoryPath":["Google:Cat_Google","chrome:googlechrome","chrome:ContentSettings","DefaultWebBluetoothGuardSetting"],"hasLgpo":true},{"state":"enabled","name":"Configure Edge TyposquattingChecker","kvps":[{"delete":false,"key":"Software\\Policies\\Microsoft\\Edge\\Recommended","valueName":"TyposquattingCheckerEnabled","value":1,"lgpoType":"ENFORCE_REG_DWORD","presentationId":"microsoft_edge:MSEdgeTopLevel/microsoft_edge:microsoft_edge_recommended/microsoft_edge:TyposquattingChecker_recommended/TyposquattingCheckerEnabled_recommended:root"}],"categoryPath":["microsoft_edge:MSEdgeTopLevel","microsoft_edge:microsoft_edge_recommended","microsoft_edge:TyposquattingChecker_recommended","TyposquattingCheckerEnabled_recommended"],"hasLgpo":true},{"state":"enabled","name":"Delete files downloaded as part of kiosk session when Microsoft Edge closes","kvps":[{"delete":false,"key":"Software\\Policies\\Microsoft\\Edge","valueName":"KioskDeleteDownloadsOnExit","value":1,"lgpoType":"ENFORCE_REG_DWORD","presentationId":"microsoft_edge:MSEdgeTopLevel/microsoft_edge:microsoft_edge/microsoft_edge:KioskMode/KioskDeleteDownloadsOnExit:root"}],"categoryPath":["microsoft_edge:MSEdgeTopLevel","microsoft_edge:microsoft_edge","microsoft_edge:KioskMode","KioskDeleteDownloadsOnExit"],"hasLgpo":true},{"state":"disabled","name":"Ignore Application Guard site list configuration and browse Edge normally","kvps":[{"delete":false,"key":"Software\\Policies\\Microsoft\\Edge","valueName":"ApplicationGuardPassiveModeEnabled","value":0,"lgpoType":"ENFORCE_REG_DWORD","presentationId":"microsoft_edge:MSEdgeTopLevel/microsoft_edge:microsoft_edge/microsoft_edge:ApplicationGuard/ApplicationGuardPassiveModeEnabled:root"}],"categoryPath":["microsoft_edge:MSEdgeTopLevel","microsoft_edge:microsoft_edge","microsoft_edge:ApplicationGuard","ApplicationGuardPassiveModeEnabled"],"hasLgpo":true},{"state":"disabled","name":"Allow notifications to set Microsoft Edge as default PDF reader","kvps":[{"delete":false,"key":"Software\\Policies\\Microsoft\\Edge","valueName":"ShowPDFDefaultRecommendationsEnabled","value":0,"lgpoType":"ENFORCE_REG_DWORD","presentationId":"microsoft_edge:MSEdgeTopLevel/microsoft_edge:microsoft_edge/microsoft_edge:ContentSettings/ShowPDFDefaultRecommendationsEnabled:root"}],"categoryPath":["microsoft_edge:MSEdgeTopLevel","microsoft_edge:microsoft_edge","microsoft_edge:ContentSettings","ShowPDFDefaultRecommendationsEnabled"],"comment":"do not need applications choosing how to handle PDFs","hasLgpo":true},{"state":"disabled","name":"Allow intranet zone file URL links from Microsoft Edge to open in Windows File Explorer","kvps":[{"delete":false,"key":"Software\\Policies\\Microsoft\\Edge","valueName":"IntranetFileLinksEnabled","value":0,"lgpoType":"ENFORCE_REG_DWORD","presentationId":"microsoft_edge:MSEdgeTopLevel/microsoft_edge:microsoft_edge/microsoft_edge:ContentSettings/IntranetFileLinksEnabled:root"}],"categoryPath":["microsoft_edge:MSEdgeTopLevel","microsoft_edge:microsoft_edge","microsoft_edge:ContentSettings","IntranetFileLinksEnabled"],"comment":"need to test this further","hasLgpo":true},{"state":"enabled","name":"Suppress JavaScript Dialogs triggered from different origin subframes","kvps":[{"delete":false,"key":"Software\\Policies\\Google\\Chrome","valueName":"SuppressDifferentOriginSubframeDialogs","value":1,"lgpoType":"ENFORCE_REG_DWORD","presentationId":"Google:Cat_Google/chrome:googlechrome/SuppressDifferentOriginSubframeDialogs:root"}],"categoryPath":["Google:Cat_Google","chrome:googlechrome","SuppressDifferentOriginSubframeDialogs"],"comment":"best practice enabled","hasLgpo":true},{"state":"disabled","name":"Allow remote users to interact with elevated windows in remote assistance sessions","kvps":[{"delete":false,"key":"Software\\Policies\\Google\\Chrome","valueName":"RemoteAccessHostAllowUiAccessForRemoteAssistance","value":0,"lgpoType":"ENFORCE_REG_DWORD","presentationId":"Google:Cat_Google/chrome:googlechrome/chrome:RemoteAccess/RemoteAccessHostAllowUiAccessForRemoteAssistance:root"}],"categoryPath":["Google:Cat_Google","chrome:googlechrome","chrome:RemoteAccess","RemoteAccessHostAllowUiAccessForRemoteAssistance"],"comment":"best practice for security","hasLgpo":true},{"state":"disabled","name":"Allow remote access users to transfer files to/from the host","kvps":[{"delete":false,"key":"Software\\Policies\\Google\\Chrome","valueName":"RemoteAccessHostAllowFileTransfer","value":0,"lgpoType":"ENFORCE_REG_DWORD","presentationId":"Google:Cat_Google/chrome:googlechrome/chrome:RemoteAccess/RemoteAccessHostAllowFileTransfer:root"}],"categoryPath":["Google:Cat_Google","chrome:googlechrome","chrome:RemoteAccess","RemoteAccessHostAllowFileTransfer"],"comment":"best practice","hasLgpo":true},{"state":"disabled","name":"Allow remote access connections to this machine","kvps":[{"delete":false,"key":"Software\\Policies\\Google\\Chrome","valueName":"RemoteAccessHostAllowRemoteAccessConnections","value":0,"lgpoType":"ENFORCE_REG_DWORD","presentationId":"Google:Cat_Google/chrome:googlechrome/chrome:RemoteAccess/RemoteAccessHostAllowRemoteAccessConnections:root"}],"categoryPath":["Google:Cat_Google","chrome:googlechrome","chrome:RemoteAccess","RemoteAccessHostAllowRemoteAccessConnections"],"hasLgpo":true},{"state":"disabled","name":"Configure the required domain names for remote access clients","kvps":[{"delete":true,"key":"Software\\Policies\\Google\\Chrome\\RemoteAccessHostClientDomainList","lgpoType":"ENFORCE_REG_SZ","presentationId":"RemoteAccessHostClientDomainListDesc:0"}],"categoryPath":["Google:Cat_Google","chrome:googlechrome","chrome:RemoteAccess","RemoteAccessHostClientDomainList"],"comment":"best practice","hasLgpo":true},{"state":"disabled","name":"Enable firewall traversal from remote access host","kvps":[{"delete":false,"key":"Software\\Policies\\Google\\Chrome","valueName":"RemoteAccessHostFirewallTraversal","value":0,"lgpoType":"ENFORCE_REG_DWORD","presentationId":"Google:Cat_Google/chrome:googlechrome/chrome:RemoteAccess/RemoteAccessHostFirewallTraversal:root"}],"categoryPath":["Google:Cat_Google","chrome:googlechrome","chrome:RemoteAccess","RemoteAccessHostFirewallTraversal"],"comment":"best practice","hasLgpo":true},{"state":"disabled","name":"Configure the required domain names for remote access hosts","kvps":[{"delete":true,"key":"Software\\Policies\\Google\\Chrome\\RemoteAccessHostDomainList","lgpoType":"ENFORCE_REG_SZ","presentationId":"RemoteAccessHostDomainListDesc:0"}],"categoryPath":["Google:Cat_Google","chrome:googlechrome","chrome:RemoteAccess","RemoteAccessHostDomainList"],"hasLgpo":true},{"state":"enabled","name":"Enable Renderer Code Integrity","kvps":[{"delete":false,"key":"Software\\Policies\\Google\\Chrome","valueName":"RendererCodeIntegrityEnabled","value":1,"lgpoType":"ENFORCE_REG_DWORD","presentationId":"Google:Cat_Google/chrome:googlechrome/RendererCodeIntegrityEnabled:root"}],"categoryPath":["Google:Cat_Google","chrome:googlechrome","RendererCodeIntegrityEnabled"],"comment":"best practice","hasLgpo":true},{"state":"enabled","name":"Default geolocation setting","kvps":[{"key":"Software\\Policies\\Google\\Chrome","valueName":"DefaultGeolocationSetting","value":3,"delete":false,"lgpoType":"ENFORCE_REG_DWORD","presentationId":"DefaultGeolocationSetting:0"}],"categoryPath":["Google:Cat_Google","chrome:googlechrome","chrome:ContentSettings","DefaultGeolocationSetting"],"hasLgpo":true},{"state":"enabled","name":"Default legacy SameSite cookie behavior setting","kvps":[{"key":"Software\\Policies\\Google\\Chrome","valueName":"LegacySameSiteCookieBehaviorEnabled","value":2,"delete":false,"lgpoType":"ENFORCE_REG_DWORD","presentationId":"LegacySameSiteCookieBehaviorEnabled:0"}],"categoryPath":["Google:Cat_Google","chrome:googlechrome","chrome:ContentSettings","LegacySameSiteCookieBehaviorEnabled"],"hasLgpo":true},{"state":"enabled","name":"Block WebUSB on these sites","kvps":[{"key":"Software\\Policies\\Google\\Chrome\\WebUsbBlockedForUrls","valueName":"1","value":"*","delete":false,"lgpoType":"ENFORCE_REG_SZ","presentationId":"WebUsbBlockedForUrlsDesc:0"}],"categoryPath":["Google:Cat_Google","chrome:googlechrome","chrome:ContentSettings","WebUsbBlockedForUrls"],"hasLgpo":true},{"state":"enabled","name":"Control use of the WebUSB API","kvps":[{"key":"Software\\Policies\\Google\\Chrome","valueName":"DefaultWebUsbGuardSetting","value":2,"delete":false,"lgpoType":"ENFORCE_REG_DWORD","presentationId":"DefaultWebUsbGuardSetting:0"}],"categoryPath":["Google:Cat_Google","chrome:googlechrome","chrome:ContentSettings","DefaultWebUsbGuardSetting"],"hasLgpo":true},{"state":"enabled","name":"Default notification setting","kvps":[{"key":"Software\\Policies\\Google\\Chrome","valueName":"DefaultNotificationsSetting","value":3,"delete":false,"lgpoType":"ENFORCE_REG_DWORD","presentationId":"DefaultNotificationsSetting:0"}],"categoryPath":["Google:Cat_Google","chrome:googlechrome","chrome:ContentSettings","DefaultNotificationsSetting"],"hasLgpo":true},{"state":"enabled","name":"Control use of the Serial API","kvps":[{"key":"Software\\Policies\\Google\\Chrome","valueName":"DefaultSerialGuardSetting","value":3,"delete":false,"lgpoType":"ENFORCE_REG_DWORD","presentationId":"DefaultSerialGuardSetting:0"}],"categoryPath":["Google:Cat_Google","chrome:googlechrome","chrome:ContentSettings","DefaultSerialGuardSetting"],"hasLgpo":true},{"state":"disabled","name":"Revert to legacy SameSite behavior for cookies on these sites","kvps":[{"delete":true,"key":"Software\\Policies\\Google\\Chrome\\LegacySameSiteCookieBehaviorEnabledForDomainList","lgpoType":"ENFORCE_REG_SZ","presentationId":"LegacySameSiteCookieBehaviorEnabledForDomainListDesc:0"}],"categoryPath":["Google:Cat_Google","chrome:googlechrome","chrome:ContentSettings","LegacySameSiteCookieBehaviorEnabledForDomainList"],"hasLgpo":true},{"state":"enabled","name":"Configure extension installation blocklist","kvps":[{"key":"Software\\Policies\\Google\\Chrome\\ExtensionInstallBlocklist","valueName":"1","value":"*","delete":false,"lgpoType":"ENFORCE_REG_SZ","presentationId":"ExtensionInstallBlocklistDesc:0"}],"categoryPath":["Google:Cat_Google","chrome:googlechrome","chrome:Extensions","ExtensionInstallBlocklist"],"hasLgpo":true},{"state":"enabled","name":"Blocks external extensions from being installed","kvps":[{"delete":false,"key":"Software\\Policies\\Google\\Chrome","valueName":"BlockExternalExtensions","value":1,"lgpoType":"ENFORCE_REG_DWORD","presentationId":"Google:Cat_Google/chrome:googlechrome/chrome:Extensions/BlockExternalExtensions:root"}],"categoryPath":["Google:Cat_Google","chrome:googlechrome","chrome:Extensions","BlockExternalExtensions"],"hasLgpo":true},{"state":"disabled","name":"Enable Google Cast","kvps":[{"delete":false,"key":"Software\\Policies\\Google\\Chrome","valueName":"EnableMediaRouter","value":0,"lgpoType":"ENFORCE_REG_DWORD","presentationId":"Google:Cat_Google/chrome:googlechrome/chrome:GoogleCast/EnableMediaRouter:root"}],"categoryPath":["Google:Cat_Google","chrome:googlechrome","chrome:GoogleCast","EnableMediaRouter"],"hasLgpo":true},{"state":"disabled","name":"Show the Google Cast toolbar icon","kvps":[{"delete":false,"key":"Software\\Policies\\Google\\Chrome","valueName":"ShowCastIconInToolbar","value":0,"lgpoType":"ENFORCE_REG_DWORD","presentationId":"Google:Cat_Google/chrome:googlechrome/chrome:GoogleCast/ShowCastIconInToolbar:root"}],"categoryPath":["Google:Cat_Google","chrome:googlechrome","chrome:GoogleCast","ShowCastIconInToolbar"],"hasLgpo":true},{"state":"disabled","name":"Cross-origin HTTP Authentication prompts","kvps":[{"delete":false,"key":"Software\\Policies\\Google\\Chrome","valueName":"AllowCrossOriginAuthPrompt","value":0,"lgpoType":"ENFORCE_REG_DWORD","presentationId":"Google:Cat_Google/chrome:googlechrome/chrome:HTTPAuthentication/AllowCrossOriginAuthPrompt:root"}],"categoryPath":["Google:Cat_Google","chrome:googlechrome","chrome:HTTPAuthentication","AllowCrossOriginAuthPrompt"],"hasLgpo":true},{"state":"disabled","name":"Allow user-level Native Messaging hosts (installed without admin permissions)","kvps":[{"delete":false,"key":"Software\\Policies\\Google\\Chrome","valueName":"NativeMessagingUserLevelHosts","value":0,"lgpoType":"ENFORCE_REG_DWORD","presentationId":"Google:Cat_Google/chrome:googlechrome/chrome:NativeMessaging/NativeMessagingUserLevelHosts:root"}],"categoryPath":["Google:Cat_Google","chrome:googlechrome","chrome:NativeMessaging","NativeMessagingUserLevelHosts"],"hasLgpo":true},{"state":"disabled","name":"Enable saving passwords to the password manager","kvps":[{"delete":false,"key":"Software\\Policies\\Google\\Chrome","valueName":"PasswordManagerEnabled","value":0,"lgpoType":"ENFORCE_REG_DWORD","presentationId":"Google:Cat_Google/chrome:googlechrome/chrome:PasswordManager/PasswordManagerEnabled:root"}],"categoryPath":["Google:Cat_Google","chrome:googlechrome","chrome:PasswordManager","PasswordManagerEnabled"],"hasLgpo":true},{"state":"enabled","name":"Enable screen saver","kvps":[{"delete":false,"key":"Software\\Policies\\Microsoft\\Windows\\Control Panel\\Desktop","valueName":"ScreenSaveActive","value":"1","lgpoType":"ENFORCE_REG_SZ","presentationId":"windows:ControlPanel/controlpaneldisplay:Personalization/CPL_Personalization_EnableScreenSaver:root"}],"categoryPath":["windows:ControlPanel","controlpaneldisplay:Personalization","CPL_Personalization_EnableScreenSaver"],"hasLgpo":true},{"state":"enabled","name":"Password protect the screen saver","kvps":[{"delete":false,"key":"Software\\Policies\\Microsoft\\Windows\\Control Panel\\Desktop","valueName":"ScreenSaverIsSecure","value":"1","lgpoType":"ENFORCE_REG_SZ","presentationId":"windows:ControlPanel/controlpaneldisplay:Personalization/CPL_Personalization_ScreenSaverIsSecure:root"}],"categoryPath":["windows:ControlPanel","controlpaneldisplay:Personalization","CPL_Personalization_ScreenSaverIsSecure"],"hasLgpo":true},{"state":"enabled","name":"Screen saver timeout","kvps":[{"key":"Software\\Policies\\Microsoft\\Windows\\Control Panel\\Desktop","valueName":"ScreenSaveTimeOut","value":"900","delete":false,"lgpoType":"ENFORCE_REG_SZ","presentationId":"ScreenSaverTimeOutFreqSpin:2"}],"categoryPath":["windows:ControlPanel","controlpaneldisplay:Personalization","CPL_Personalization_ScreenSaverTimeOut"],"hasLgpo":true},{"state":"enabled","name":"Specify path to Safe Senders list","kvps":[{"key":"software\\policies\\microsoft\\office\\16.0\\outlook\\options\\mail","valueName":"junkmailsafesendersfile","value":"C:\\IT\\EmailSafeSenderList.txt","delete":false,"lgpoType":"ENFORCE_REG_SZ","presentationId":"L_SpecifyfullpathandfilenametoSafeSenderslist:0"}],"categoryPath":["L_MSOffice","L_MicrosoftOfficeOutlook","L_OutlookOptions","L_Preferences","L_JunkEmail","L_SpecifypathtoSafeSenderslist"],"hasLgpo":true},{"state":"enabled","name":"Prevent users from syncing personal OneDrive accounts","kvps":[{"delete":false,"key":"SOFTWARE\\Policies\\Microsoft\\OneDrive","valueName":"DisablePersonalSync","value":1,"lgpoType":"ENFORCE_REG_DWORD","presentationId":"OneDriveNGSC:OneDriveNGSC/DisablePersonalSync:root"}],"categoryPath":["OneDriveNGSC:OneDriveNGSC","DisablePersonalSync"],"hasLgpo":true},{"state":"enabled","name":"Remove Default Programs link from the Start menu.","kvps":[{"delete":false,"key":"Software\\Microsoft\\Windows\\CurrentVersion\\Policies\\Explorer","valueName":"NoSMConfigurePrograms","value":1,"lgpoType":"ENFORCE_REG_DWORD","presentationId":"windows:StartMenu/NoSMConfigurePrograms:root"}],"categoryPath":["windows:StartMenu","NoSMConfigurePrograms"],"hasLgpo":true},{"state":"enabled","name":"Remove Games link from Start Menu","kvps":[{"delete":false,"key":"Software\\Microsoft\\Windows\\CurrentVersion\\Policies\\Explorer","valueName":"NoStartMenuMyGames","value":1,"lgpoType":"ENFORCE_REG_DWORD","presentationId":"windows:StartMenu/NoGamesFolderOnStartMenu:root"}],"categoryPath":["windows:StartMenu","NoGamesFolderOnStartMenu"],"hasLgpo":true},{"state":"enabled","name":"Do not display the Welcome Center at user logon","kvps":[{"delete":false,"key":"Software\\Microsoft\\Windows\\CurrentVersion\\Policies\\Explorer","valueName":"RestrictWelcomeCenter","value":1,"lgpoType":"ENFORCE_REG_DWORD","presentationId":"windows:WindowsComponents/windows:WindowsExplorer/RestrictWelcomeCenter:root"}],"categoryPath":["windows:WindowsComponents","windows:WindowsExplorer","RestrictWelcomeCenter"],"hasLgpo":true},{"state":"enabled","name":"Prompt for password on resume from hibernate/suspend","kvps":[{"delete":false,"key":"Software\\Policies\\Microsoft\\Windows\\System\\Power","valueName":"PromptPasswordOnResume","value":1,"lgpoType":"ENFORCE_REG_DWORD","presentationId":"windows:System/power:PowerManagementCat/PW_PromptPasswordOnResume:root"}],"categoryPath":["windows:System","power:PowerManagementCat","PW_PromptPasswordOnResume"],"hasLgpo":true},{"state":"enabled","name":"Disable caching of Auto-Proxy scripts","kvps":[{"delete":false,"key":"Software\\Policies\\Microsoft\\Windows\\CurrentVersion\\Internet Settings","valueName":"EnableAutoProxyResultCache","value":0,"lgpoType":"ENFORCE_REG_DWORD","presentationId":"windows:WindowsComponents/inetres:InternetExplorer/AutoProxyCache:root"}],"categoryPath":["windows:WindowsComponents","inetres:InternetExplorer","AutoProxyCache"],"hasLgpo":true},{"state":"enabled","name":"Disable Internet Connection wizard","kvps":[{"delete":false,"key":"Software\\Policies\\Microsoft\\Internet Explorer\\Control Panel","valueName":"Connwiz Admin Lock","value":1,"lgpoType":"ENFORCE_REG_DWORD","presentationId":"windows:WindowsComponents/inetres:InternetExplorer/RestrictConnectionWizard:root"}],"categoryPath":["windows:WindowsComponents","inetres:InternetExplorer","RestrictConnectionWizard"],"hasLgpo":true},{"state":"enabled","name":"Download unsigned ActiveX controls","kvps":[{"key":"Software\\Policies\\Microsoft\\Windows\\CurrentVersion\\Internet Settings\\Zones\\3","valueName":"1004","value":1,"delete":false,"lgpoType":"ENFORCE_REG_DWORD","presentationId":"IZ_Partname1004:0"}],"categoryPath":["windows:WindowsComponents","inetres:InternetExplorer","inetres:InternetCPL","inetres:IZ_SecurityPage","inetres:IZ_InternetZone","IZ_PolicyDownloadUnsignedActiveX_1"],"hasLgpo":true},{"state":"enabled","name":"Initialize and script ActiveX controls not marked as safe","kvps":[{"key":"Software\\Policies\\Microsoft\\Windows\\CurrentVersion\\Internet Settings\\Zones\\3","valueName":"1201","value":1,"delete":false,"lgpoType":"ENFORCE_REG_DWORD","presentationId":"IZ_Partname1201:0"}],"categoryPath":["windows:WindowsComponents","inetres:InternetExplorer","inetres:InternetCPL","inetres:IZ_SecurityPage","inetres:IZ_InternetZone","IZ_PolicyScriptActiveXNotMarkedSafe_1"],"hasLgpo":true}]},"isTemplate":false,"priorityPool":3,"type":{"id":1,"name":"admxUser","initialContentSetName":"Enforce Windows","policyTypeContentSetName":"Enforce Windows User Administrative Templates","operatingSystem":"Windows","policyClass":"user","endpointType":"cx","readPrivilege":"enforce policy read","writePrivilege":"enforce policy write","contentSetId":105,"policyTypeContentSetId":271},"hasEnforcements":true,"taniumUsername":"Hosa Rishah","taniumUpdatedUsername":"Hosa Rishah","policySource":"standard"}