{"id":14,"created_at":"2024-12-09T20:07:20.715Z","updated_at":"2024-12-09T20:12:27.725Z","deletedAt":null,"taniumUserId":30,"updatedByTaniumUserId":67,"changeType":"updated","contentSetId":105,"name":"Hosa - Chrome Extensions - Code42 AAT","description":"","version":2,"priority":10,"typeId":1,"data":{"policyItems":[{"state":"enabled","name":"Configure the list of force-installed apps and extensions","kvps":[{"key":"Software\\Policies\\Google\\Chrome\\ExtensionInstallForcelist","valueName":"1","value":"hamlakigaoomkpddnpnbjkhdfppbnjjh;https://clients2.google.com/service/update2/crx","delete":false,"lgpoType":"ENFORCE_REG_SZ","presentationId":"ExtensionInstallForcelistDesc:0","replaceValues":true}],"categoryPath":["Google:Cat_Google","chrome:googlechrome","chrome:Extensions","ExtensionInstallForcelist"],"comment":"Testing Code42 Extesion Install","hasLgpo":true},{"state":"enabled","name":"Control which extensions are installed silently","kvps":[{"key":"Software\\Policies\\Microsoft\\Edge\\ExtensionInstallForcelist","valueName":"1","value":"hamlakigaoomkpddnpnbjkhdfppbnjjh;https://clients2.google.com/service/update2/crx","delete":false,"lgpoType":"ENFORCE_REG_SZ","presentationId":"ExtensionInstallForcelistDesc:0","replaceValues":true}],"categoryPath":["microsoft_edge:MSEdgeTopLevel","microsoft_edge:microsoft_edge","microsoft_edge:Extensions","ExtensionInstallForcelist"],"comment":"testing for Code42","hasLgpo":true}]},"isTemplate":false,"priorityPool":3,"type":{"id":1,"name":"admxUser","initialContentSetName":"Enforce Windows","policyTypeContentSetName":"Enforce Windows User Administrative Templates","operatingSystem":"Windows","policyClass":"user","endpointType":"cx","readPrivilege":"enforce policy read","writePrivilege":"enforce policy write","contentSetId":105,"policyTypeContentSetId":271},"hasEnforcements":true,"taniumUsername":"Hosa Rishah","taniumUpdatedUsername":"Harold Hansen","policySource":"standard"}