{
  "id": null,
  "created_at": null,
  "updated_at": null,
  "deletedAt": null,
  "taniumUserId": null,
  "updatedByTaniumUserId": null,
  "changeType": "created",
  "contentSetId": 105,
  "name": "802.x Wireless EAP TLS Chaining",
  "description": "Converted from GPO: 802.x Wireless EAP TLS Chaining ([object Object])",
  "version": 1,
  "priority": 7,
  "typeId": 0,
  "data": {
    "policyItems": [
      {
        "state": "enabled",
        "name": "Registry Setting - [Software\\Policies\\Microsoft\\SystemCertificates\\Disallowed\\CRLs",
        "kvps": [
          {
            "key": "Software\\Policies\\Microsoft\\SystemCertificates\\Disallowed\\Certificates",
            "valueName": "Software\\Policies\\Microsoft\\SystemCertificates\\Disallowed\\CRLs",
            "value": "",
            "delete": false,
            "lgpoType": "ENFORCE_REG_SZ",
            "presentationId": "windows:Registry/windef:UserSettings:Software\\Policies\\Microsoft\\SystemCertificates\\Disallowed\\CRLs"
          }
        ],
        "categoryPath": [
          "windows:Registry",
          "windef:UserSettings"
        ],
        "hasLgpo": true
      },
      {
        "state": "enabled",
        "name": "Registry Setting - [Software\\Policies\\Microsoft\\SystemCertificates\\TrustedPublisher\\Certificates",
        "kvps": [
          {
            "key": "Software\\Policies\\Microsoft\\SystemCertificates\\Disallowed\\CTLs",
            "valueName": "Software\\Policies\\Microsoft\\SystemCertificates\\TrustedPublisher\\Certificates",
            "value": "",
            "delete": false,
            "lgpoType": "ENFORCE_REG_SZ",
            "presentationId": "windows:Registry/windef:UserSettings:Software\\Policies\\Microsoft\\SystemCertificates\\TrustedPublisher\\Certificates"
          }
        ],
        "categoryPath": [
          "windows:Registry",
          "windef:UserSettings"
        ],
        "hasLgpo": true
      },
      {
        "state": "enabled",
        "name": "Registry Setting - [Software\\Policies\\Microsoft\\SystemCertificates\\TrustedPublisher\\CTLs",
        "kvps": [
          {
            "key": "Software\\Policies\\Microsoft\\SystemCertificates\\TrustedPublisher\\CRLs",
            "valueName": "Software\\Policies\\Microsoft\\SystemCertificates\\TrustedPublisher\\CTLs",
            "value": "",
            "delete": false,
            "lgpoType": "ENFORCE_REG_SZ",
            "presentationId": "windows:Registry/windef:UserSettings:Software\\Policies\\Microsoft\\SystemCertificates\\TrustedPublisher\\CTLs"
          }
        ],
        "categoryPath": [
          "windows:Registry",
          "windef:UserSettings"
        ],
        "hasLgpo": true
      },
      {
        "state": "enabled",
        "name": "Registry Setting - [Software\\Policies\\Microsoft\\Windows\\Safer\\CodeIdentifiers",
        "kvps": [
          {
            "key": "Software\\Policies\\Microsoft\\Windows\\Safer\\CodeIdentifiers",
            "valueName": "Software\\Policies\\Microsoft\\Windows\\Safer\\CodeIdentifiers",
            "value": "",
            "delete": false,
            "lgpoType": "ENFORCE_REG_SZ",
            "presentationId": "windows:Registry/windef:UserSettings:Software\\Policies\\Microsoft\\Windows\\Safer\\CodeIdentifiers"
          }
        ],
        "categoryPath": [
          "windows:Registry",
          "windef:UserSettings"
        ],
        "hasLgpo": true
      },
      {
        "state": "enabled",
        "name": "Registry Setting - [Software\\Policies\\Microsoft\\Windows\\Safer\\CodeIdentifiers",
        "kvps": [
          {
            "key": "Software\\Policies\\Microsoft\\Windows\\Safer\\CodeIdentifiers",
            "valueName": "Software\\Policies\\Microsoft\\Windows\\Safer\\CodeIdentifiers",
            "value": "",
            "delete": false,
            "lgpoType": "ENFORCE_REG_SZ",
            "presentationId": "windows:Registry/windef:UserSettings:Software\\Policies\\Microsoft\\Windows\\Safer\\CodeIdentifiers"
          }
        ],
        "categoryPath": [
          "windows:Registry",
          "windef:UserSettings"
        ],
        "hasLgpo": true
      },
      {
        "state": "enabled",
        "name": "Registry Setting - [Software\\Policies\\Microsoft\\Windows\\Safer\\CodeIdentifiers\\262144\\Paths\\{191cd7fa-f240-4a17-8986-94d480a6c8ca}",
        "kvps": [
          {
            "key": "Software\\Policies\\Microsoft\\Windows\\Safer\\CodeIdentifiers\\0\\Paths",
            "valueName": "Software\\Policies\\Microsoft\\Windows\\Safer\\CodeIdentifiers\\262144\\Paths\\{191cd7fa-f240-4a17-8986-94d480a6c8ca}",
            "value": "",
            "delete": false,
            "lgpoType": "ENFORCE_REG_SZ",
            "presentationId": "windows:Registry/windef:UserSettings:Software\\Policies\\Microsoft\\Windows\\Safer\\CodeIdentifiers\\262144\\Paths\\{191cd7fa-f240-4a17-8986-94d480a6c8ca}"
          }
        ],
        "categoryPath": [
          "windows:Registry",
          "windef:UserSettings"
        ],
        "hasLgpo": true
      },
      {
        "state": "enabled",
        "name": "Registry Setting - [Software\\Policies\\Microsoft\\Windows\\Safer\\CodeIdentifiers\\262144\\Paths\\{191cd7fa-f240-4a17-8986-94d480a6c8ca}",
        "kvps": [
          {
            "key": "Software\\Policies\\Microsoft\\Windows\\Safer\\CodeIdentifiers\\262144\\Paths\\{191cd7fa-f240-4a17-8986-94d480a6c8ca}",
            "valueName": "Software\\Policies\\Microsoft\\Windows\\Safer\\CodeIdentifiers\\262144\\Paths\\{191cd7fa-f240-4a17-8986-94d480a6c8ca}",
            "value": "",
            "delete": false,
            "lgpoType": "ENFORCE_REG_SZ",
            "presentationId": "windows:Registry/windef:UserSettings:Software\\Policies\\Microsoft\\Windows\\Safer\\CodeIdentifiers\\262144\\Paths\\{191cd7fa-f240-4a17-8986-94d480a6c8ca}"
          }
        ],
        "categoryPath": [
          "windows:Registry",
          "windef:UserSettings"
        ],
        "hasLgpo": true
      },
      {
        "state": "enabled",
        "name": "Registry Setting - [Software\\Policies\\Microsoft\\Windows\\Safer\\CodeIdentifiers\\262144\\Paths\\{6e6ac4bb-adf4-4981-b39f-6f143395134e}",
        "kvps": [
          {
            "key": "Software\\Policies\\Microsoft\\Windows\\Safer\\CodeIdentifiers\\262144\\Paths\\{191cd7fa-f240-4a17-8986-94d480a6c8ca}",
            "valueName": "Software\\Policies\\Microsoft\\Windows\\Safer\\CodeIdentifiers\\262144\\Paths\\{6e6ac4bb-adf4-4981-b39f-6f143395134e}",
            "value": "",
            "delete": false,
            "lgpoType": "ENFORCE_REG_SZ",
            "presentationId": "windows:Registry/windef:UserSettings:Software\\Policies\\Microsoft\\Windows\\Safer\\CodeIdentifiers\\262144\\Paths\\{6e6ac4bb-adf4-4981-b39f-6f143395134e}"
          }
        ],
        "categoryPath": [
          "windows:Registry",
          "windef:UserSettings"
        ],
        "hasLgpo": true
      },
      {
        "state": "enabled",
        "name": "Registry Setting - [Software\\Policies\\Microsoft\\Windows\\Safer\\CodeIdentifiers\\262144\\Paths\\{6e6ac4bb-adf4-4981-b39f-6f143395134e}",
        "kvps": [
          {
            "key": "Software\\Policies\\Microsoft\\Windows\\Safer\\CodeIdentifiers\\262144\\Paths\\{6e6ac4bb-adf4-4981-b39f-6f143395134e}",
            "valueName": "Software\\Policies\\Microsoft\\Windows\\Safer\\CodeIdentifiers\\262144\\Paths\\{6e6ac4bb-adf4-4981-b39f-6f143395134e}",
            "value": "",
            "delete": false,
            "lgpoType": "ENFORCE_REG_SZ",
            "presentationId": "windows:Registry/windef:UserSettings:Software\\Policies\\Microsoft\\Windows\\Safer\\CodeIdentifiers\\262144\\Paths\\{6e6ac4bb-adf4-4981-b39f-6f143395134e}"
          }
        ],
        "categoryPath": [
          "windows:Registry",
          "windef:UserSettings"
        ],
        "hasLgpo": true
      },
      {
        "state": "enabled",
        "name": "Registry Setting - [Software\\Policies\\Microsoft\\Windows\\Safer\\CodeIdentifiers\\262144\\Paths\\{d2c34ab2-529a-46b2-b293-fc853fce72ea}",
        "kvps": [
          {
            "key": "Software\\Policies\\Microsoft\\Windows\\Safer\\CodeIdentifiers\\262144\\Paths\\{6e6ac4bb-adf4-4981-b39f-6f143395134e}",
            "valueName": "Software\\Policies\\Microsoft\\Windows\\Safer\\CodeIdentifiers\\262144\\Paths\\{d2c34ab2-529a-46b2-b293-fc853fce72ea}",
            "value": "",
            "delete": false,
            "lgpoType": "ENFORCE_REG_SZ",
            "presentationId": "windows:Registry/windef:UserSettings:Software\\Policies\\Microsoft\\Windows\\Safer\\CodeIdentifiers\\262144\\Paths\\{d2c34ab2-529a-46b2-b293-fc853fce72ea}"
          }
        ],
        "categoryPath": [
          "windows:Registry",
          "windef:UserSettings"
        ],
        "hasLgpo": true
      },
      {
        "state": "enabled",
        "name": "Registry Setting - [Software\\Policies\\Microsoft\\Windows\\Safer\\CodeIdentifiers\\262144\\Paths\\{d2c34ab2-529a-46b2-b293-fc853fce72ea}",
        "kvps": [
          {
            "key": "Software\\Policies\\Microsoft\\Windows\\Safer\\CodeIdentifiers\\262144\\Paths\\{d2c34ab2-529a-46b2-b293-fc853fce72ea}",
            "valueName": "Software\\Policies\\Microsoft\\Windows\\Safer\\CodeIdentifiers\\262144\\Paths\\{d2c34ab2-529a-46b2-b293-fc853fce72ea}",
            "value": "",
            "delete": false,
            "lgpoType": "ENFORCE_REG_SZ",
            "presentationId": "windows:Registry/windef:UserSettings:Software\\Policies\\Microsoft\\Windows\\Safer\\CodeIdentifiers\\262144\\Paths\\{d2c34ab2-529a-46b2-b293-fc853fce72ea}"
          }
        ],
        "categoryPath": [
          "windows:Registry",
          "windef:UserSettings"
        ],
        "hasLgpo": true
      }
    ],
    "useManagedDefinitions": false
  },
  "isTemplate": false,
  "priorityPool": 3,
  "type": {
    "id": 0,
    "name": "admxMachine",
    "initialContentSetName": "Enforce Windows",
    "policyTypeContentSetName": "Enforce Windows Machine Administrative Templates",
    "operatingSystem": "Windows",
    "policyClass": "machine",
    "endpointType": "cx",
    "readPrivilege": "enforce policy read",
    "writePrivilege": "enforce policy write",
    "contentSetId": 105,
    "policyTypeContentSetId": 276
  },
  "hasEnforcements": false,
  "taniumUsername": null,
  "taniumUpdatedUsername": null,
  "policySource": "standard"
}