{
  "id": null,
  "created_at": null,
  "updated_at": null,
  "deletedAt": null,
  "taniumUserId": null,
  "updatedByTaniumUserId": null,
  "changeType": "created",
  "contentSetId": 105,
  "name": "Automatic Updates - Remote Users",
  "description": "Converted from GPO: Automatic Updates - Remote Users ({DA24523F-49E9-47AC-AFA9-11644BF5D52F})",
  "version": 1,
  "priority": 7,
  "typeId": 0,
  "data": {
    "policyItems": [
      {
        "state": "enabled",
        "name": "Allow Automatic Updates immediate installation",
        "kvps": [
          {
            "key": "Software\\Policies\\Microsoft\\Windows",
            "valueName": "AllowAutomaticUpdatesimmediateinstallation",
            "value": 1,
            "delete": false,
            "lgpoType": "ENFORCE_REG_DWORD",
            "presentationId": "windows:windowscomponents/windef:windowsupdate/windef:legacypolicies:windows"
          }
        ],
        "categoryPath": [
          "windows:WindowsComponents",
          "windef:WindowsUpdate",
          "windef:LegacyPolicies"
        ],
        "hasLgpo": true
      },
      {
        "state": "disabled",
        "name": "Do not adjust default option to 'Install Updates and Shut Down' in Shut Down Windows dialog box",
        "kvps": [
          {
            "key": "Software\\Policies\\Microsoft\\Windows",
            "valueName": "DonotadjustdefaultoptiontoInstallUpdatesandShutDowninShutDownWindowsdialogbox",
            "value": 1,
            "delete": false,
            "lgpoType": "ENFORCE_REG_DWORD",
            "presentationId": "windows:windowscomponents/windef:windowsupdate/windef:legacypolicies:windows"
          }
        ],
        "categoryPath": [
          "windows:WindowsComponents",
          "windef:WindowsUpdate",
          "windef:LegacyPolicies"
        ],
        "hasLgpo": true
      },
      {
        "state": "disabled",
        "name": "Do not display 'Install Updates and Shut Down' option in Shut Down Windows dialog box",
        "kvps": [
          {
            "key": "Software\\Policies\\Microsoft\\Windows",
            "valueName": "DonotdisplayInstallUpdatesandShutDownoptioninShutDownWindowsdialogbox",
            "value": 1,
            "delete": false,
            "lgpoType": "ENFORCE_REG_DWORD",
            "presentationId": "windows:windowscomponents/windef:windowsupdate/windef:legacypolicies:windows"
          }
        ],
        "categoryPath": [
          "windows:WindowsComponents",
          "windef:WindowsUpdate",
          "windef:LegacyPolicies"
        ],
        "hasLgpo": true
      },
      {
        "state": "enabled",
        "name": "Reschedule Automatic Updates scheduled installations",
        "kvps": [
          {
            "key": "Software\\Policies\\Microsoft\\Windows",
            "valueName": "RescheduleAutomaticUpdatesscheduledinstallations",
            "value": 1,
            "delete": false,
            "lgpoType": "ENFORCE_REG_DWORD",
            "presentationId": "windows:windowscomponents/windef:windowsupdate/windef:legacypolicies:windows"
          }
        ],
        "categoryPath": [
          "windows:WindowsComponents",
          "windef:WindowsUpdate",
          "windef:LegacyPolicies"
        ],
        "hasLgpo": true
      },
      {
        "state": "enabled",
        "name": "Configure Automatic Updates",
        "kvps": [
          {
            "key": "Software\\Policies\\Microsoft\\Windows",
            "valueName": "ConfigureAutomaticUpdates",
            "value": 1,
            "delete": false,
            "lgpoType": "ENFORCE_REG_DWORD",
            "presentationId": "windows:windowscomponents/windef:windowsupdate/windef:manageenduserexperience:windows"
          }
        ],
        "categoryPath": [
          "windows:WindowsComponents",
          "windef:WindowsUpdate",
          "windef:Manageenduserexperience"
        ],
        "hasLgpo": true
      },
      {
        "state": "enabled",
        "name": "Automatic Updates detection frequency",
        "kvps": [
          {
            "key": "Software\\Policies\\Microsoft\\Windows",
            "valueName": "AutomaticUpdatesdetectionfrequency",
            "value": 1,
            "delete": false,
            "lgpoType": "ENFORCE_REG_DWORD",
            "presentationId": "windows:windowscomponents/windef:windowsupdate/windef:manageupdatesofferedfromwindowsserverupdateservice:windows"
          }
        ],
        "categoryPath": [
          "windows:WindowsComponents",
          "windef:WindowsUpdate",
          "windef:ManageupdatesofferedfromWindowsServerUpdateService"
        ],
        "hasLgpo": true
      },
      {
        "state": "enabled",
        "name": "Specify intranet Microsoft update service location",
        "kvps": [
          {
            "key": "Software\\Policies\\Microsoft\\Windows",
            "valueName": "SpecifyintranetMicrosoftupdateservicelocation",
            "value": 1,
            "delete": false,
            "lgpoType": "ENFORCE_REG_DWORD",
            "presentationId": "windows:windowscomponents/windef:windowsupdate/windef:manageupdatesofferedfromwindowsserverupdateservice:windows"
          }
        ],
        "categoryPath": [
          "windows:WindowsComponents",
          "windef:WindowsUpdate",
          "windef:ManageupdatesofferedfromWindowsServerUpdateService"
        ],
        "hasLgpo": true
      },
      {
        "state": "enabled",
        "name": "Windows WindowsUpdate",
        "kvps": [
          {
            "key": "Software\\Policies\\Microsoft\\Windows\\WindowsUpdate",
            "valueName": "Enabled",
            "value": "\u0001",
            "delete": false,
            "lgpoType": "ENFORCE_REG_SZ",
            "presentationId": "windows:registry/windef:machinesettings:windowsupdate"
          }
        ],
        "categoryPath": [
          "windows:Registry",
          "windef:MachineSettings",
          "Windows"
        ],
        "hasLgpo": true
      },
      {
        "state": "enabled",
        "name": "WindowsUpdate AU",
        "kvps": [
          {
            "key": "Software\\Policies\\Microsoft\\Windows\\WindowsUpdate\\AU",
            "valueName": "Enabled",
            "value": "\u0004",
            "delete": false,
            "lgpoType": "ENFORCE_REG_SZ",
            "presentationId": "windows:registry/windef:machinesettings:au"
          }
        ],
        "categoryPath": [
          "windows:Registry",
          "windef:MachineSettings",
          "WindowsUpdate"
        ],
        "hasLgpo": true
      }
    ],
    "useManagedDefinitions": false
  },
  "isTemplate": false,
  "priorityPool": 3,
  "type": {
    "id": 0,
    "name": "admxMachine",
    "initialContentSetName": "Enforce Windows",
    "policyTypeContentSetName": "Enforce Windows Machine Administrative Templates",
    "operatingSystem": "Windows",
    "policyClass": "machine",
    "endpointType": "cx",
    "readPrivilege": "enforce policy read",
    "writePrivilege": "enforce policy write",
    "contentSetId": 105,
    "policyTypeContentSetId": 276
  },
  "hasEnforcements": false,
  "taniumUsername": null,
  "taniumUpdatedUsername": null,
  "policySource": "standard"
}