{
  "id": null,
  "created_at": null,
  "updated_at": null,
  "deletedAt": null,
  "taniumUserId": null,
  "updatedByTaniumUserId": null,
  "changeType": "created",
  "contentSetId": 105,
  "name": "AV-Application-MSEdge - JNLP fix for ERP",
  "description": "Converted from GPO: AV-Application-MSEdge - JNLP fix for ERP ([object Object])",
  "version": 1,
  "priority": 7,
  "typeId": 0,
  "data": {
    "policyItems": [
      {
        "state": "enabled",
        "name": "List of file types that should be automatically opened on download",
        "kvps": [
          {
            "key": "Software\\Policies\\Microsoft\\Windows\\MicrosoftEdge",
            "valueName": "Listoffiletypesthatshouldbeautomaticallyopenedondownload",
            "value": "1",
            "delete": false,
            "lgpoType": "ENFORCE_REG_DWORD",
            "presentationId": "windows:MicrosoftEdge:Listoffiletypesthatshouldbeautomaticallyopenedondownload"
          }
        ],
        "categoryPath": [
          "windows:MicrosoftEdge"
        ],
        "hasLgpo": true
      },
      {
        "state": "enabled",
        "name": "URLs where AutoOpenFileTypes can apply",
        "kvps": [
          {
            "key": "Software\\Policies\\Microsoft\\Windows\\MicrosoftEdge",
            "valueName": "URLswhereAutoOpenFileTypescanapply",
            "value": "1",
            "delete": false,
            "lgpoType": "ENFORCE_REG_DWORD",
            "presentationId": "windows:MicrosoftEdge:URLswhereAutoOpenFileTypescanapply"
          }
        ],
        "categoryPath": [
          "windows:MicrosoftEdge"
        ],
        "hasLgpo": true
      },
      {
        "state": "enabled",
        "name": "Registry Setting - [Software\\Policies\\Microsoft\\Edge\\AutoOpenAllowedForURLs",
        "kvps": [
          {
            "key": "Software\\Policies\\Microsoft\\Edge\\AutoOpenAllowedForURLs",
            "valueName": "Enabled",
            "value": "\u0001",
            "delete": false,
            "lgpoType": "ENFORCE_REG_SZ",
            "presentationId": "windows:Registry/windef:MachineSettings:AutoOpenAllowedForURLs_Enabled"
          }
        ],
        "categoryPath": [
          "windows:Registry",
          "windef:MachineSettings"
        ],
        "hasLgpo": true
      },
      {
        "state": "enabled",
        "name": "Registry Setting - [Software\\Policies\\Microsoft\\Edge\\AutoOpenFileTypes",
        "kvps": [
          {
            "key": "Software\\Policies\\Microsoft\\Edge\\AutoOpenAllowedForURLs",
            "valueName": "AutoOpenFileTypes",
            "value": "\u0001",
            "delete": false,
            "lgpoType": "ENFORCE_REG_SZ",
            "presentationId": "windows:Registry/windef:MachineSettings:AutoOpenAllowedForURLs_Software\\Policies\\Microsoft\\Edge\\AutoOpenFileTypes"
          }
        ],
        "categoryPath": [
          "windows:Registry",
          "windef:MachineSettings"
        ],
        "hasLgpo": true
      }
    ],
    "useManagedDefinitions": false
  },
  "isTemplate": false,
  "priorityPool": 3,
  "type": {
    "id": 0,
    "name": "admxMachine",
    "initialContentSetName": "Enforce Windows",
    "policyTypeContentSetName": "Enforce Windows Machine Administrative Templates",
    "operatingSystem": "Windows",
    "policyClass": "machine",
    "endpointType": "cx",
    "readPrivilege": "enforce policy read",
    "writePrivilege": "enforce policy write",
    "contentSetId": 105,
    "policyTypeContentSetId": 276
  },
  "hasEnforcements": false,
  "taniumUsername": null,
  "taniumUpdatedUsername": null,
  "policySource": "standard"
}