{
  "id": null,
  "created_at": null,
  "updated_at": null,
  "deletedAt": null,
  "taniumUserId": null,
  "updatedByTaniumUserId": null,
  "changeType": "created",
  "contentSetId": 105,
  "name": "AV-Application-Powershell logging",
  "description": "Converted from GPO: AV-Application-Powershell logging ([object Object])",
  "version": 1,
  "priority": 7,
  "typeId": 0,
  "data": {
    "policyItems": [
      {
        "state": "enabled",
        "name": "Turn on Module Logging",
        "kvps": [
          {
            "key": "Software\\Policies\\Microsoft\\Windows",
            "valueName": "TurnonModuleLogging",
            "value": "1",
            "delete": false,
            "lgpoType": "ENFORCE_REG_DWORD",
            "presentationId": "windows:WindowsComponents/windef:WindowsPowerShell:root"
          }
        ],
        "categoryPath": [
          "windows:WindowsComponents",
          "windef:WindowsPowerShell"
        ],
        "hasLgpo": true
      },
      {
        "state": "enabled",
        "name": "Turn on PowerShell Script Block Logging",
        "kvps": [
          {
            "key": "Software\\Policies\\Microsoft\\Windows",
            "valueName": "TurnonPowerShellScriptBlockLogging",
            "value": "1",
            "delete": false,
            "lgpoType": "ENFORCE_REG_DWORD",
            "presentationId": "windows:WindowsComponents/windef:WindowsPowerShell:root"
          }
        ],
        "categoryPath": [
          "windows:WindowsComponents",
          "windef:WindowsPowerShell"
        ],
        "hasLgpo": true
      },
      {
        "state": "enabled",
        "name": "Turn on PowerShell Transcription",
        "kvps": [
          {
            "key": "Software\\Policies\\Microsoft\\Windows",
            "valueName": "TurnonPowerShellTranscription",
            "value": "1",
            "delete": false,
            "lgpoType": "ENFORCE_REG_DWORD",
            "presentationId": "windows:WindowsComponents/windef:WindowsPowerShell:root"
          }
        ],
        "categoryPath": [
          "windows:WindowsComponents",
          "windef:WindowsPowerShell"
        ],
        "hasLgpo": true
      },
      {
        "state": "enabled",
        "name": "Registry Setting - [Software\\Policies\\Microsoft\\Windows\\PowerShell\\ModuleLogging\\ModuleNames",
        "kvps": [
          {
            "key": "Software\\Policies\\Microsoft\\Windows\\PowerShell\\ModuleLogging;EnableModuleLogging;\u0004;\u0004;\u0001",
            "valueName": "[Software\\Policies\\Microsoft\\Windows\\PowerShell\\ModuleLogging\\ModuleNames",
            "value": "\u0001",
            "delete": false,
            "lgpoType": "ENFORCE_REG_SZ",
            "presentationId": "Machine:Software\\Policies\\Microsoft\\Windows\\PowerShell\\ModuleLogging;EnableModuleLogging;\u0004;\u0004;\u0001:[Software\\Policies\\Microsoft\\Windows\\PowerShell\\ModuleLogging\\ModuleNames"
          }
        ],
        "categoryPath": [
          "windows:Registry",
          "windef:MachineSettings"
        ],
        "hasLgpo": true
      },
      {
        "state": "enabled",
        "name": "Registry Setting - [Software\\Policies\\Microsoft\\Windows\\PowerShell\\ScriptBlockLogging",
        "kvps": [
          {
            "key": "Software\\Policies\\Microsoft\\Windows\\PowerShell\\ModuleLogging\\ModuleNames;*;\u0001;\u0004;*",
            "valueName": "[Software\\Policies\\Microsoft\\Windows\\PowerShell\\ScriptBlockLogging",
            "value": "\u0004",
            "delete": false,
            "lgpoType": "ENFORCE_REG_SZ",
            "presentationId": "Machine:Software\\Policies\\Microsoft\\Windows\\PowerShell\\ModuleLogging\\ModuleNames;*;\u0001;\u0004;*:[Software\\Policies\\Microsoft\\Windows\\PowerShell\\ScriptBlockLogging"
          }
        ],
        "categoryPath": [
          "windows:Registry",
          "windef:MachineSettings"
        ],
        "hasLgpo": true
      },
      {
        "state": "enabled",
        "name": "Registry Setting - [Software\\Policies\\Microsoft\\Windows\\PowerShell\\Transcription",
        "kvps": [
          {
            "key": "Software\\Policies\\Microsoft\\Windows\\PowerShell\\ScriptBlockLogging;EnableScriptBlockInvocationLogging;\u0004;\u0004;\u0001",
            "valueName": "[Software\\Policies\\Microsoft\\Windows\\PowerShell\\Transcription",
            "value": "\u0004",
            "delete": false,
            "lgpoType": "ENFORCE_REG_SZ",
            "presentationId": "Machine:Software\\Policies\\Microsoft\\Windows\\PowerShell\\ScriptBlockLogging;EnableScriptBlockInvocationLogging;\u0004;\u0004;\u0001:[Software\\Policies\\Microsoft\\Windows\\PowerShell\\Transcription"
          }
        ],
        "categoryPath": [
          "windows:Registry",
          "windef:MachineSettings"
        ],
        "hasLgpo": true
      },
      {
        "state": "enabled",
        "name": "Registry Setting - [Software\\Policies\\Microsoft\\Windows\\PowerShell\\Transcription",
        "kvps": [
          {
            "key": "Software\\Policies\\Microsoft\\Windows\\PowerShell\\Transcription;OutputDirectory;\u0001;\u0002;",
            "valueName": "[Software\\Policies\\Microsoft\\Windows\\PowerShell\\Transcription",
            "value": "\u0004",
            "delete": false,
            "lgpoType": "ENFORCE_REG_SZ",
            "presentationId": "Machine:Software\\Policies\\Microsoft\\Windows\\PowerShell\\Transcription;OutputDirectory;\u0001;\u0002;:[Software\\Policies\\Microsoft\\Windows\\PowerShell\\Transcription"
          }
        ],
        "categoryPath": [
          "windows:Registry",
          "windef:MachineSettings"
        ],
        "hasLgpo": true
      }
    ],
    "useManagedDefinitions": false
  },
  "isTemplate": false,
  "priorityPool": 3,
  "type": {
    "id": 0,
    "name": "admxMachine",
    "initialContentSetName": "Enforce Windows",
    "policyTypeContentSetName": "Enforce Windows Machine Administrative Templates",
    "operatingSystem": "Windows",
    "policyClass": "machine",
    "endpointType": "cx",
    "readPrivilege": "enforce policy read",
    "writePrivilege": "enforce policy write",
    "contentSetId": 105,
    "policyTypeContentSetId": 276
  },
  "hasEnforcements": false,
  "taniumUsername": null,
  "taniumUpdatedUsername": null,
  "policySource": "standard"
}