{
  "id": null,
  "created_at": null,
  "updated_at": null,
  "deletedAt": null,
  "taniumUserId": null,
  "updatedByTaniumUserId": null,
  "changeType": "created",
  "contentSetId": 105,
  "name": "AV-Application-OracleEBS JavaTrustedSitesLogonScript",
  "description": "Converted from GPO: AV-Application-OracleEBS JavaTrustedSitesLogonScript (C7B330C8-E07E-4591-8A9F-33B3247BD508)",
  "version": 1,
  "priority": 7,
  "typeId": 0,
  "data": {
    "policyItems": [
      {
        "state": "enabled",
        "name": "Configure Logon Script Delay",
        "kvps": [
          {
            "key": "Software\\Policies\\Microsoft\\Windows\\System",
            "valueName": "ConfigureLogonScriptDelay",
            "value": 1,
            "delete": false,
            "lgpoType": "ENFORCE_REG_DWORD",
            "presentationId": "windows:system/windef:grouppolicy:configurelogonscriptdelay"
          }
        ],
        "categoryPath": [
          "windows:System",
          "windef:GroupPolicy"
        ],
        "hasLgpo": true
      },
      {
        "state": "enabled",
        "name": "Windows System",
        "kvps": [
          {
            "key": "Software\\Policies\\Microsoft\\Windows\\System",
            "valueName": "Enabled",
            "value": "\u0004",
            "delete": false,
            "lgpoType": "ENFORCE_REG_SZ",
            "presentationId": "windows:registry/windef:machinesettings:system"
          }
        ],
        "categoryPath": [
          "windows:Registry",
          "windef:MachineSettings",
          "Windows"
        ],
        "hasLgpo": true
      }
    ],
    "useManagedDefinitions": false
  },
  "isTemplate": false,
  "priorityPool": 3,
  "type": {
    "id": 0,
    "name": "admxMachine",
    "initialContentSetName": "Enforce Windows",
    "policyTypeContentSetName": "Enforce Windows Machine Administrative Templates",
    "operatingSystem": "Windows",
    "policyClass": "machine",
    "endpointType": "cx",
    "readPrivilege": "enforce policy read",
    "writePrivilege": "enforce policy write",
    "contentSetId": 105,
    "policyTypeContentSetId": 276
  },
  "hasEnforcements": false,
  "taniumUsername": "jessewyatt",
  "taniumUpdatedUsername": "jessewyatt",
  "policySource": "standard"
}