{
  "id": null,
  "created_at": "2025-02-18T16:52:04.488Z",
  "updated_at": "2025-02-18T16:52:04.488Z",
  "deletedAt": null,
  "taniumUserId": 562,
  "updatedByTaniumUserId": 562,
  "changeType": "created",
  "contentSetId": 105,
  "name": "AV-Application-Security-Beyond Trust Policy",
  "description": "Converted from GPO: AV-Application-Security-Beyond Trust Policy (9B2930DB-2C74-4124-A23F-DE1698E858E6)",
  "version": 1,
  "priority": 157,
  "typeId": 0,
  "data": {
    "policyItems": [
      {
        "state": "enabled",
        "name": "Configure target Subscription Manager",
        "kvps": [
          {
            "key": "Software\\Policies\\Microsoft\\Windows",
            "valueName": "ConfiguretargetSubscriptionManager",
            "value": 1,
            "delete": false,
            "lgpoType": "ENFORCE_REG_DWORD",
            "presentationId": "windows:windowscomponents/windef:eventforwarding:windows"
          }
        ],
        "categoryPath": [
          "windows:WindowsComponents",
          "windef:EventForwarding"
        ],
        "hasLgpo": true
      },
      {
        "state": "enabled",
        "name": "EventForwarding SubscriptionManager",
        "kvps": [
          {
            "key": "Software\\Policies\\Microsoft\\Windows\\EventLog\\EventForwarding\\SubscriptionManager",
            "valueName": "Enabled",
            "value": "\u0001",
            "delete": false,
            "lgpoType": "ENFORCE_REG_SZ",
            "presentationId": "windows:registry/windef:machinesettings:subscriptionmanager"
          }
        ],
        "categoryPath": [
          "windows:Registry",
          "windef:MachineSettings",
          "EventForwarding"
        ],
        "hasLgpo": true
      }
    ],
    "useManagedDefinitions": false
  },
  "isTemplate": false,
  "priorityPool": 3,
  "type": {
    "id": 0,
    "name": "admxMachine",
    "initialContentSetName": "Enforce Windows",
    "policyTypeContentSetName": "Enforce Windows Machine Administrative Templates",
    "operatingSystem": "Windows",
    "policyClass": "machine",
    "endpointType": "cx",
    "readPrivilege": "enforce policy read",
    "writePrivilege": "enforce policy write",
    "contentSetId": 105,
    "policyTypeContentSetId": 276
  },
  "hasEnforcements": false,
  "taniumUsername": "jessewyatt",
  "taniumUpdatedUsername": "jessewyatt",
  "policySource": "standard"
}