{
  "id": null,
  "created_at": null,
  "updated_at": null,
  "deletedAt": null,
  "taniumUserId": null,
  "updatedByTaniumUserId": null,
  "changeType": "created",
  "contentSetId": 105,
  "name": "AV-Browser-Firefox AD auth passthrough",
  "description": "Converted from GPO: AV-Browser-Firefox AD auth passthrough ([object Object])",
  "version": 1,
  "priority": 7,
  "typeId": 0,
  "data": {
    "policyItems": [
      {
        "state": "enabled",
        "name": "Allow Non FQDN",
        "kvps": [
          {
            "key": "Software\\Policies\\Microsoft\\Windows\\Mozilla",
            "valueName": "AllowNonFQDN",
            "value": "1",
            "delete": false,
            "lgpoType": "ENFORCE_REG_DWORD",
            "presentationId": "windows:Mozilla/windef:Firefox/windef:Authentication:root"
          }
        ],
        "categoryPath": [
          "windows:Mozilla",
          "windef:Firefox",
          "windef:Authentication"
        ],
        "hasLgpo": true
      },
      {
        "state": "enabled",
        "name": "Delegated",
        "kvps": [
          {
            "key": "Software\\Policies\\Microsoft\\Windows\\Mozilla",
            "valueName": "Delegated",
            "value": "1",
            "delete": false,
            "lgpoType": "ENFORCE_REG_DWORD",
            "presentationId": "windows:Mozilla/windef:Firefox/windef:Authentication:root"
          }
        ],
        "categoryPath": [
          "windows:Mozilla",
          "windef:Firefox",
          "windef:Authentication"
        ],
        "hasLgpo": true
      },
      {
        "state": "enabled",
        "name": "NTLM",
        "kvps": [
          {
            "key": "Software\\Policies\\Microsoft\\Windows\\Mozilla",
            "valueName": "NTLM",
            "value": "1",
            "delete": false,
            "lgpoType": "ENFORCE_REG_DWORD",
            "presentationId": "windows:Mozilla/windef:Firefox/windef:Authentication:root"
          }
        ],
        "categoryPath": [
          "windows:Mozilla",
          "windef:Firefox",
          "windef:Authentication"
        ],
        "hasLgpo": true
      },
      {
        "state": "enabled",
        "name": "SPNEGO",
        "kvps": [
          {
            "key": "Software\\Policies\\Microsoft\\Windows\\Mozilla",
            "valueName": "SPNEGO",
            "value": "1",
            "delete": false,
            "lgpoType": "ENFORCE_REG_DWORD",
            "presentationId": "windows:Mozilla/windef:Firefox/windef:Authentication:root"
          }
        ],
        "categoryPath": [
          "windows:Mozilla",
          "windef:Firefox",
          "windef:Authentication"
        ],
        "hasLgpo": true
      },
      {
        "state": "enabled",
        "name": "Import Enterprise Roots",
        "kvps": [
          {
            "key": "Software\\Policies\\Microsoft\\Windows\\Mozilla",
            "valueName": "ImportEnterpriseRoots",
            "value": "1",
            "delete": false,
            "lgpoType": "ENFORCE_REG_DWORD",
            "presentationId": "windows:Mozilla/windef:Firefox/windef:Certificates:root"
          }
        ],
        "categoryPath": [
          "windows:Mozilla",
          "windef:Firefox",
          "windef:Certificates"
        ],
        "hasLgpo": true
      },
      {
        "state": "enabled",
        "name": "Registry Setting - [Software\\Policies\\Mozilla\\Firefox\\Authentication\\AllowNonFQDN",
        "kvps": [
          {
            "key": "Software\\Policies\\Mozilla\\Firefox\\Authentication\\AllowNonFQDN",
            "valueName": "Software\\Policies\\Mozilla\\Firefox\\Authentication\\AllowNonFQDN",
            "value": "",
            "delete": false,
            "lgpoType": "ENFORCE_REG_SZ",
            "presentationId": "windows:Registry/windef:MachineSettings:Software\\Policies\\Mozilla\\Firefox\\Authentication\\AllowNonFQDN"
          }
        ],
        "categoryPath": [
          "windows:Registry",
          "windef:MachineSettings"
        ],
        "hasLgpo": true
      },
      {
        "state": "enabled",
        "name": "Registry Setting - [Software\\Policies\\Mozilla\\Firefox\\Authentication\\Delegated",
        "kvps": [
          {
            "key": "Software\\Policies\\Mozilla\\Firefox\\Authentication\\Delegated",
            "valueName": "Software\\Policies\\Mozilla\\Firefox\\Authentication\\Delegated",
            "value": "",
            "delete": false,
            "lgpoType": "ENFORCE_REG_SZ",
            "presentationId": "windows:Registry/windef:MachineSettings:Software\\Policies\\Mozilla\\Firefox\\Authentication\\Delegated"
          }
        ],
        "categoryPath": [
          "windows:Registry",
          "windef:MachineSettings"
        ],
        "hasLgpo": true
      },
      {
        "state": "enabled",
        "name": "Registry Setting - [Software\\Policies\\Mozilla\\Firefox\\Authentication\\Delegated",
        "kvps": [
          {
            "key": "Software\\Policies\\Mozilla\\Firefox\\Authentication\\Delegated",
            "valueName": "Software\\Policies\\Mozilla\\Firefox\\Authentication\\Delegated",
            "value": "",
            "delete": false,
            "lgpoType": "ENFORCE_REG_SZ",
            "presentationId": "windows:Registry/windef:MachineSettings:Software\\Policies\\Mozilla\\Firefox\\Authentication\\Delegated"
          }
        ],
        "categoryPath": [
          "windows:Registry",
          "windef:MachineSettings"
        ],
        "hasLgpo": true
      },
      {
        "state": "enabled",
        "name": "Registry Setting - [Software\\Policies\\Mozilla\\Firefox\\Authentication\\Delegated",
        "kvps": [
          {
            "key": "Software\\Policies\\Mozilla\\Firefox\\Authentication\\Delegated",
            "valueName": "Software\\Policies\\Mozilla\\Firefox\\Authentication\\Delegated",
            "value": "",
            "delete": false,
            "lgpoType": "ENFORCE_REG_SZ",
            "presentationId": "windows:Registry/windef:MachineSettings:Software\\Policies\\Mozilla\\Firefox\\Authentication\\Delegated"
          }
        ],
        "categoryPath": [
          "windows:Registry",
          "windef:MachineSettings"
        ],
        "hasLgpo": true
      },
      {
        "state": "enabled",
        "name": "Registry Setting - [Software\\Policies\\Mozilla\\Firefox\\Authentication\\Delegated",
        "kvps": [
          {
            "key": "Software\\Policies\\Mozilla\\Firefox\\Authentication\\Delegated",
            "valueName": "Software\\Policies\\Mozilla\\Firefox\\Authentication\\Delegated",
            "value": "",
            "delete": false,
            "lgpoType": "ENFORCE_REG_SZ",
            "presentationId": "windows:Registry/windef:MachineSettings:Software\\Policies\\Mozilla\\Firefox\\Authentication\\Delegated"
          }
        ],
        "categoryPath": [
          "windows:Registry",
          "windef:MachineSettings"
        ],
        "hasLgpo": true
      },
      {
        "state": "enabled",
        "name": "Registry Setting - [Software\\Policies\\Mozilla\\Firefox\\Authentication\\Delegated",
        "kvps": [
          {
            "key": "Software\\Policies\\Mozilla\\Firefox\\Authentication\\Delegated",
            "valueName": "Software\\Policies\\Mozilla\\Firefox\\Authentication\\Delegated",
            "value": "",
            "delete": false,
            "lgpoType": "ENFORCE_REG_SZ",
            "presentationId": "windows:Registry/windef:MachineSettings:Software\\Policies\\Mozilla\\Firefox\\Authentication\\Delegated"
          }
        ],
        "categoryPath": [
          "windows:Registry",
          "windef:MachineSettings"
        ],
        "hasLgpo": true
      },
      {
        "state": "enabled",
        "name": "Registry Setting - [Software\\Policies\\Mozilla\\Firefox\\Authentication\\Delegated",
        "kvps": [
          {
            "key": "Software\\Policies\\Mozilla\\Firefox\\Authentication\\Delegated",
            "valueName": "Software\\Policies\\Mozilla\\Firefox\\Authentication\\Delegated",
            "value": "",
            "delete": false,
            "lgpoType": "ENFORCE_REG_SZ",
            "presentationId": "windows:Registry/windef:MachineSettings:Software\\Policies\\Mozilla\\Firefox\\Authentication\\Delegated"
          }
        ],
        "categoryPath": [
          "windows:Registry",
          "windef:MachineSettings"
        ],
        "hasLgpo": true
      },
      {
        "state": "enabled",
        "name": "Registry Setting - [Software\\Policies\\Mozilla\\Firefox\\Authentication\\Delegated",
        "kvps": [
          {
            "key": "Software\\Policies\\Mozilla\\Firefox\\Authentication\\Delegated",
            "valueName": "Software\\Policies\\Mozilla\\Firefox\\Authentication\\Delegated",
            "value": "",
            "delete": false,
            "lgpoType": "ENFORCE_REG_SZ",
            "presentationId": "windows:Registry/windef:MachineSettings:Software\\Policies\\Mozilla\\Firefox\\Authentication\\Delegated"
          }
        ],
        "categoryPath": [
          "windows:Registry",
          "windef:MachineSettings"
        ],
        "hasLgpo": true
      },
      {
        "state": "enabled",
        "name": "Registry Setting - [Software\\Policies\\Mozilla\\Firefox\\Authentication\\NTLM",
        "kvps": [
          {
            "key": "Software\\Policies\\Mozilla\\Firefox\\Authentication\\NTLM",
            "valueName": "Software\\Policies\\Mozilla\\Firefox\\Authentication\\NTLM",
            "value": "",
            "delete": false,
            "lgpoType": "ENFORCE_REG_SZ",
            "presentationId": "windows:Registry/windef:MachineSettings:Software\\Policies\\Mozilla\\Firefox\\Authentication\\NTLM"
          }
        ],
        "categoryPath": [
          "windows:Registry",
          "windef:MachineSettings"
        ],
        "hasLgpo": true
      },
      {
        "state": "enabled",
        "name": "Registry Setting - [Software\\Policies\\Mozilla\\Firefox\\Authentication\\NTLM",
        "kvps": [
          {
            "key": "Software\\Policies\\Mozilla\\Firefox\\Authentication\\NTLM",
            "valueName": "Software\\Policies\\Mozilla\\Firefox\\Authentication\\NTLM",
            "value": "",
            "delete": false,
            "lgpoType": "ENFORCE_REG_SZ",
            "presentationId": "windows:Registry/windef:MachineSettings:Software\\Policies\\Mozilla\\Firefox\\Authentication\\NTLM"
          }
        ],
        "categoryPath": [
          "windows:Registry",
          "windef:MachineSettings"
        ],
        "hasLgpo": true
      },
      {
        "state": "enabled",
        "name": "Registry Setting - [Software\\Policies\\Mozilla\\Firefox\\Authentication\\NTLM",
        "kvps": [
          {
            "key": "Software\\Policies\\Mozilla\\Firefox\\Authentication\\NTLM",
            "valueName": "Software\\Policies\\Mozilla\\Firefox\\Authentication\\NTLM",
            "value": "",
            "delete": false,
            "lgpoType": "ENFORCE_REG_SZ",
            "presentationId": "windows:Registry/windef:MachineSettings:Software\\Policies\\Mozilla\\Firefox\\Authentication\\NTLM"
          }
        ],
        "categoryPath": [
          "windows:Registry",
          "windef:MachineSettings"
        ],
        "hasLgpo": true
      },
      {
        "state": "enabled",
        "name": "Registry Setting - [Software\\Policies\\Mozilla\\Firefox\\Authentication\\NTLM",
        "kvps": [
          {
            "key": "Software\\Policies\\Mozilla\\Firefox\\Authentication\\NTLM",
            "valueName": "Software\\Policies\\Mozilla\\Firefox\\Authentication\\NTLM",
            "value": "",
            "delete": false,
            "lgpoType": "ENFORCE_REG_SZ",
            "presentationId": "windows:Registry/windef:MachineSettings:Software\\Policies\\Mozilla\\Firefox\\Authentication\\NTLM"
          }
        ],
        "categoryPath": [
          "windows:Registry",
          "windef:MachineSettings"
        ],
        "hasLgpo": true
      },
      {
        "state": "enabled",
        "name": "Registry Setting - [Software\\Policies\\Mozilla\\Firefox\\Authentication\\NTLM",
        "kvps": [
          {
            "key": "Software\\Policies\\Mozilla\\Firefox\\Authentication\\NTLM",
            "valueName": "Software\\Policies\\Mozilla\\Firefox\\Authentication\\NTLM",
            "value": "",
            "delete": false,
            "lgpoType": "ENFORCE_REG_SZ",
            "presentationId": "windows:Registry/windef:MachineSettings:Software\\Policies\\Mozilla\\Firefox\\Authentication\\NTLM"
          }
        ],
        "categoryPath": [
          "windows:Registry",
          "windef:MachineSettings"
        ],
        "hasLgpo": true
      },
      {
        "state": "enabled",
        "name": "Registry Setting - [Software\\Policies\\Mozilla\\Firefox\\Authentication\\NTLM",
        "kvps": [
          {
            "key": "Software\\Policies\\Mozilla\\Firefox\\Authentication\\NTLM",
            "valueName": "Software\\Policies\\Mozilla\\Firefox\\Authentication\\NTLM",
            "value": "",
            "delete": false,
            "lgpoType": "ENFORCE_REG_SZ",
            "presentationId": "windows:Registry/windef:MachineSettings:Software\\Policies\\Mozilla\\Firefox\\Authentication\\NTLM"
          }
        ],
        "categoryPath": [
          "windows:Registry",
          "windef:MachineSettings"
        ],
        "hasLgpo": true
      },
      {
        "state": "enabled",
        "name": "Registry Setting - [Software\\Policies\\Mozilla\\Firefox\\Authentication\\NTLM",
        "kvps": [
          {
            "key": "Software\\Policies\\Mozilla\\Firefox\\Authentication\\NTLM",
            "valueName": "Software\\Policies\\Mozilla\\Firefox\\Authentication\\NTLM",
            "value": "",
            "delete": false,
            "lgpoType": "ENFORCE_REG_SZ",
            "presentationId": "windows:Registry/windef:MachineSettings:Software\\Policies\\Mozilla\\Firefox\\Authentication\\NTLM"
          }
        ],
        "categoryPath": [
          "windows:Registry",
          "windef:MachineSettings"
        ],
        "hasLgpo": true
      },
      {
        "state": "enabled",
        "name": "Registry Setting - [Software\\Policies\\Mozilla\\Firefox\\Authentication\\NTLM",
        "kvps": [
          {
            "key": "Software\\Policies\\Mozilla\\Firefox\\Authentication\\NTLM",
            "valueName": "Software\\Policies\\Mozilla\\Firefox\\Authentication\\NTLM",
            "value": "",
            "delete": false,
            "lgpoType": "ENFORCE_REG_SZ",
            "presentationId": "windows:Registry/windef:MachineSettings:Software\\Policies\\Mozilla\\Firefox\\Authentication\\NTLM"
          }
        ],
        "categoryPath": [
          "windows:Registry",
          "windef:MachineSettings"
        ],
        "hasLgpo": true
      },
      {
        "state": "enabled",
        "name": "Registry Setting - [Software\\Policies\\Mozilla\\Firefox\\Authentication\\NTLM",
        "kvps": [
          {
            "key": "Software\\Policies\\Mozilla\\Firefox\\Authentication\\NTLM",
            "valueName": "Software\\Policies\\Mozilla\\Firefox\\Authentication\\NTLM",
            "value": "",
            "delete": false,
            "lgpoType": "ENFORCE_REG_SZ",
            "presentationId": "windows:Registry/windef:MachineSettings:Software\\Policies\\Mozilla\\Firefox\\Authentication\\NTLM"
          }
        ],
        "categoryPath": [
          "windows:Registry",
          "windef:MachineSettings"
        ],
        "hasLgpo": true
      },
      {
        "state": "enabled",
        "name": "Registry Setting - [Software\\Policies\\Mozilla\\Firefox\\Authentication\\NTLM",
        "kvps": [
          {
            "key": "Software\\Policies\\Mozilla\\Firefox\\Authentication\\NTLM",
            "valueName": "Software\\Policies\\Mozilla\\Firefox\\Authentication\\NTLM",
            "value": "",
            "delete": false,
            "lgpoType": "ENFORCE_REG_SZ",
            "presentationId": "windows:Registry/windef:MachineSettings:Software\\Policies\\Mozilla\\Firefox\\Authentication\\NTLM"
          }
        ],
        "categoryPath": [
          "windows:Registry",
          "windef:MachineSettings"
        ],
        "hasLgpo": true
      },
      {
        "state": "enabled",
        "name": "Registry Setting - [Software\\Policies\\Mozilla\\Firefox\\Authentication\\SPNEGO",
        "kvps": [
          {
            "key": "Software\\Policies\\Mozilla\\Firefox\\Authentication\\SPNEGO",
            "valueName": "Software\\Policies\\Mozilla\\Firefox\\Authentication\\SPNEGO",
            "value": "",
            "delete": false,
            "lgpoType": "ENFORCE_REG_SZ",
            "presentationId": "windows:Registry/windef:MachineSettings:Software\\Policies\\Mozilla\\Firefox\\Authentication\\SPNEGO"
          }
        ],
        "categoryPath": [
          "windows:Registry",
          "windef:MachineSettings"
        ],
        "hasLgpo": true
      },
      {
        "state": "enabled",
        "name": "Registry Setting - [Software\\Policies\\Mozilla\\Firefox\\Authentication\\SPNEGO",
        "kvps": [
          {
            "key": "Software\\Policies\\Mozilla\\Firefox\\Authentication\\SPNEGO",
            "valueName": "Software\\Policies\\Mozilla\\Firefox\\Authentication\\SPNEGO",
            "value": "",
            "delete": false,
            "lgpoType": "ENFORCE_REG_SZ",
            "presentationId": "windows:Registry/windef:MachineSettings:Software\\Policies\\Mozilla\\Firefox\\Authentication\\SPNEGO"
          }
        ],
        "categoryPath": [
          "windows:Registry",
          "windef:MachineSettings"
        ],
        "hasLgpo": true
      },
      {
        "state": "enabled",
        "name": "Registry Setting - [Software\\Policies\\Mozilla\\Firefox\\Authentication\\SPNEGO",
        "kvps": [
          {
            "key": "Software\\Policies\\Mozilla\\Firefox\\Authentication\\SPNEGO",
            "valueName": "Software\\Policies\\Mozilla\\Firefox\\Authentication\\SPNEGO",
            "value": "",
            "delete": false,
            "lgpoType": "ENFORCE_REG_SZ",
            "presentationId": "windows:Registry/windef:MachineSettings:Software\\Policies\\Mozilla\\Firefox\\Authentication\\SPNEGO"
          }
        ],
        "categoryPath": [
          "windows:Registry",
          "windef:MachineSettings"
        ],
        "hasLgpo": true
      },
      {
        "state": "enabled",
        "name": "Registry Setting - [Software\\Policies\\Mozilla\\Firefox\\Authentication\\SPNEGO",
        "kvps": [
          {
            "key": "Software\\Policies\\Mozilla\\Firefox\\Authentication\\SPNEGO",
            "valueName": "Software\\Policies\\Mozilla\\Firefox\\Authentication\\SPNEGO",
            "value": "",
            "delete": false,
            "lgpoType": "ENFORCE_REG_SZ",
            "presentationId": "windows:Registry/windef:MachineSettings:Software\\Policies\\Mozilla\\Firefox\\Authentication\\SPNEGO"
          }
        ],
        "categoryPath": [
          "windows:Registry",
          "windef:MachineSettings"
        ],
        "hasLgpo": true
      },
      {
        "state": "enabled",
        "name": "Registry Setting - [Software\\Policies\\Mozilla\\Firefox\\Authentication\\SPNEGO",
        "kvps": [
          {
            "key": "Software\\Policies\\Mozilla\\Firefox\\Authentication\\SPNEGO",
            "valueName": "Software\\Policies\\Mozilla\\Firefox\\Authentication\\SPNEGO",
            "value": "",
            "delete": false,
            "lgpoType": "ENFORCE_REG_SZ",
            "presentationId": "windows:Registry/windef:MachineSettings:Software\\Policies\\Mozilla\\Firefox\\Authentication\\SPNEGO"
          }
        ],
        "categoryPath": [
          "windows:Registry",
          "windef:MachineSettings"
        ],
        "hasLgpo": true
      },
      {
        "state": "enabled",
        "name": "Registry Setting - [Software\\Policies\\Mozilla\\Firefox\\Authentication\\SPNEGO",
        "kvps": [
          {
            "key": "Software\\Policies\\Mozilla\\Firefox\\Authentication\\SPNEGO",
            "valueName": "Software\\Policies\\Mozilla\\Firefox\\Authentication\\SPNEGO",
            "value": "",
            "delete": false,
            "lgpoType": "ENFORCE_REG_SZ",
            "presentationId": "windows:Registry/windef:MachineSettings:Software\\Policies\\Mozilla\\Firefox\\Authentication\\SPNEGO"
          }
        ],
        "categoryPath": [
          "windows:Registry",
          "windef:MachineSettings"
        ],
        "hasLgpo": true
      },
      {
        "state": "enabled",
        "name": "Registry Setting - [Software\\Policies\\Mozilla\\Firefox\\Authentication\\SPNEGO",
        "kvps": [
          {
            "key": "Software\\Policies\\Mozilla\\Firefox\\Authentication\\SPNEGO",
            "valueName": "Software\\Policies\\Mozilla\\Firefox\\Authentication\\SPNEGO",
            "value": "",
            "delete": false,
            "lgpoType": "ENFORCE_REG_SZ",
            "presentationId": "windows:Registry/windef:MachineSettings:Software\\Policies\\Mozilla\\Firefox\\Authentication\\SPNEGO"
          }
        ],
        "categoryPath": [
          "windows:Registry",
          "windef:MachineSettings"
        ],
        "hasLgpo": true
      },
      {
        "state": "enabled",
        "name": "Registry Setting - [Software\\Policies\\Mozilla\\Firefox\\Authentication\\SPNEGO",
        "kvps": [
          {
            "key": "Software\\Policies\\Mozilla\\Firefox\\Authentication\\SPNEGO",
            "valueName": "Software\\Policies\\Mozilla\\Firefox\\Authentication\\SPNEGO",
            "value": "",
            "delete": false,
            "lgpoType": "ENFORCE_REG_SZ",
            "presentationId": "windows:Registry/windef:MachineSettings:Software\\Policies\\Mozilla\\Firefox\\Authentication\\SPNEGO"
          }
        ],
        "categoryPath": [
          "windows:Registry",
          "windef:MachineSettings"
        ],
        "hasLgpo": true
      },
      {
        "state": "enabled",
        "name": "Registry Setting - [Software\\Policies\\Mozilla\\Firefox\\Authentication\\SPNEGO",
        "kvps": [
          {
            "key": "Software\\Policies\\Mozilla\\Firefox\\Authentication\\SPNEGO",
            "valueName": "Software\\Policies\\Mozilla\\Firefox\\Authentication\\SPNEGO",
            "value": "",
            "delete": false,
            "lgpoType": "ENFORCE_REG_SZ",
            "presentationId": "windows:Registry/windef:MachineSettings:Software\\Policies\\Mozilla\\Firefox\\Authentication\\SPNEGO"
          }
        ],
        "categoryPath": [
          "windows:Registry",
          "windef:MachineSettings"
        ],
        "hasLgpo": true
      },
      {
        "state": "enabled",
        "name": "Registry Setting - [Software\\Policies\\Mozilla\\Firefox\\Certificates",
        "kvps": [
          {
            "key": "Software\\Policies\\Mozilla\\Firefox\\Authentication\\SPNEGO",
            "valueName": "Software\\Policies\\Mozilla\\Firefox\\Certificates",
            "value": "",
            "delete": false,
            "lgpoType": "ENFORCE_REG_SZ",
            "presentationId": "windows:Registry/windef:MachineSettings:Software\\Policies\\Mozilla\\Firefox\\Certificates"
          }
        ],
        "categoryPath": [
          "windows:Registry",
          "windef:MachineSettings"
        ],
        "hasLgpo": true
      }
    ],
    "useManagedDefinitions": false
  },
  "isTemplate": false,
  "priorityPool": 3,
  "type": {
    "id": 0,
    "name": "admxMachine",
    "initialContentSetName": "Enforce Windows",
    "policyTypeContentSetName": "Enforce Windows Machine Administrative Templates",
    "operatingSystem": "Windows",
    "policyClass": "machine",
    "endpointType": "cx",
    "readPrivilege": "enforce policy read",
    "writePrivilege": "enforce policy write",
    "contentSetId": 105,
    "policyTypeContentSetId": 276
  },
  "hasEnforcements": false,
  "taniumUsername": null,
  "taniumUpdatedUsername": null,
  "policySource": "standard"
}