{
  "id": null,
  "created_at": null,
  "updated_at": null,
  "deletedAt": null,
  "taniumUserId": null,
  "updatedByTaniumUserId": null,
  "changeType": "created",
  "contentSetId": 105,
  "name": "AV-Browser-Firefox AD auth passthrough",
  "description": "Converted from GPO: AV-Browser-Firefox AD auth passthrough ([object Object])",
  "version": 1,
  "priority": 7,
  "typeId": 0,
  "data": {
    "policyItems": [
      {
        "state": "enabled",
        "name": "Allow Non FQDN",
        "kvps": [
          {
            "key": "Software\\Policies\\Microsoft\\Windows\\Mozilla",
            "valueName": "AllowNonFQDN",
            "value": "1",
            "delete": false,
            "lgpoType": "ENFORCE_REG_DWORD",
            "presentationId": "windows:Mozilla/windef:Firefox/windef:Authentication:root"
          }
        ],
        "categoryPath": [
          "windows:Mozilla",
          "windef:Firefox",
          "windef:Authentication"
        ],
        "hasLgpo": true
      },
      {
        "state": "enabled",
        "name": "Delegated",
        "kvps": [
          {
            "key": "Software\\Policies\\Microsoft\\Windows\\Mozilla",
            "valueName": "Delegated",
            "value": "1",
            "delete": false,
            "lgpoType": "ENFORCE_REG_DWORD",
            "presentationId": "windows:Mozilla/windef:Firefox/windef:Authentication:root"
          }
        ],
        "categoryPath": [
          "windows:Mozilla",
          "windef:Firefox",
          "windef:Authentication"
        ],
        "hasLgpo": true
      },
      {
        "state": "enabled",
        "name": "NTLM",
        "kvps": [
          {
            "key": "Software\\Policies\\Microsoft\\Windows\\Mozilla",
            "valueName": "NTLM",
            "value": "1",
            "delete": false,
            "lgpoType": "ENFORCE_REG_DWORD",
            "presentationId": "windows:Mozilla/windef:Firefox/windef:Authentication:root"
          }
        ],
        "categoryPath": [
          "windows:Mozilla",
          "windef:Firefox",
          "windef:Authentication"
        ],
        "hasLgpo": true
      },
      {
        "state": "enabled",
        "name": "SPNEGO",
        "kvps": [
          {
            "key": "Software\\Policies\\Microsoft\\Windows\\Mozilla",
            "valueName": "SPNEGO",
            "value": "1",
            "delete": false,
            "lgpoType": "ENFORCE_REG_DWORD",
            "presentationId": "windows:Mozilla/windef:Firefox/windef:Authentication:root"
          }
        ],
        "categoryPath": [
          "windows:Mozilla",
          "windef:Firefox",
          "windef:Authentication"
        ],
        "hasLgpo": true
      },
      {
        "state": "enabled",
        "name": "Import Enterprise Roots",
        "kvps": [
          {
            "key": "Software\\Policies\\Microsoft\\Windows\\Mozilla",
            "valueName": "ImportEnterpriseRoots",
            "value": "1",
            "delete": false,
            "lgpoType": "ENFORCE_REG_DWORD",
            "presentationId": "windows:Mozilla/windef:Firefox/windef:Certificates:root"
          }
        ],
        "categoryPath": [
          "windows:Mozilla",
          "windef:Firefox",
          "windef:Certificates"
        ],
        "hasLgpo": true
      },
      {
        "state": "enabled",
        "name": "Registry Setting - [Software\\Policies\\Mozilla\\Firefox\\Authentication\\AllowNonFQDN",
        "kvps": [
          {
            "key": "Software\\Policies\\Mozilla\\Firefox\\Authentication\\AllowNonFQDN;NTLM;\u0004;\u0004;\u0001",
            "valueName": "[Software\\Policies\\Mozilla\\Firefox\\Authentication\\AllowNonFQDN",
            "value": "\u0004",
            "delete": false,
            "lgpoType": "ENFORCE_REG_SZ",
            "presentationId": "Machine:Software\\Policies\\Mozilla\\Firefox\\Authentication\\AllowNonFQDN;NTLM;\u0004;\u0004;\u0001:[Software\\Policies\\Mozilla\\Firefox\\Authentication\\AllowNonFQDN"
          }
        ],
        "categoryPath": [
          "windows:Registry",
          "windef:MachineSettings"
        ],
        "hasLgpo": true
      },
      {
        "state": "enabled",
        "name": "Registry Setting - [Software\\Policies\\Mozilla\\Firefox\\Authentication\\Delegated",
        "kvps": [
          {
            "key": "Software\\Policies\\Mozilla\\Firefox\\Authentication\\Delegated;**delvals.;\u0001;\u0004; ",
            "valueName": "[Software\\Policies\\Mozilla\\Firefox\\Authentication\\Delegated",
            "value": "\u0001",
            "delete": false,
            "lgpoType": "ENFORCE_REG_SZ",
            "presentationId": "Machine:Software\\Policies\\Mozilla\\Firefox\\Authentication\\Delegated;**delvals.;\u0001;\u0004; :[Software\\Policies\\Mozilla\\Firefox\\Authentication\\Delegated"
          }
        ],
        "categoryPath": [
          "windows:Registry",
          "windef:MachineSettings"
        ],
        "hasLgpo": true
      },
      {
        "state": "enabled",
        "name": "Registry Setting - [Software\\Policies\\Mozilla\\Firefox\\Authentication\\Delegated",
        "kvps": [
          {
            "key": "Software\\Policies\\Mozilla\\Firefox\\Authentication\\Delegated;2;\u0001;b;https://oagssoad01.avpclan.aerovironment.com/IWA",
            "valueName": "[Software\\Policies\\Mozilla\\Firefox\\Authentication\\Delegated",
            "value": "\u0001",
            "delete": false,
            "lgpoType": "ENFORCE_REG_SZ",
            "presentationId": "Machine:Software\\Policies\\Mozilla\\Firefox\\Authentication\\Delegated;2;\u0001;b;https://oagssoad01.avpclan.aerovironment.com/IWA:[Software\\Policies\\Mozilla\\Firefox\\Authentication\\Delegated"
          }
        ],
        "categoryPath": [
          "windows:Registry",
          "windef:MachineSettings"
        ],
        "hasLgpo": true
      },
      {
        "state": "enabled",
        "name": "Registry Setting - [Software\\Policies\\Mozilla\\Firefox\\Authentication\\Delegated",
        "kvps": [
          {
            "key": "Software\\Policies\\Mozilla\\Firefox\\Authentication\\Delegated;4;\u0001;:;https://avconnect.avinc.com/",
            "valueName": "[Software\\Policies\\Mozilla\\Firefox\\Authentication\\Delegated",
            "value": "\u0001",
            "delete": false,
            "lgpoType": "ENFORCE_REG_SZ",
            "presentationId": "Machine:Software\\Policies\\Mozilla\\Firefox\\Authentication\\Delegated;4;\u0001;:;https://avconnect.avinc.com/:[Software\\Policies\\Mozilla\\Firefox\\Authentication\\Delegated"
          }
        ],
        "categoryPath": [
          "windows:Registry",
          "windef:MachineSettings"
        ],
        "hasLgpo": true
      },
      {
        "state": "enabled",
        "name": "Registry Setting - [Software\\Policies\\Mozilla\\Firefox\\Authentication\\Delegated",
        "kvps": [
          {
            "key": "Software\\Policies\\Mozilla\\Firefox\\Authentication\\Delegated;6;\u0001;:;https://avmysites.avinc.com/",
            "valueName": "[Software\\Policies\\Mozilla\\Firefox\\Authentication\\Delegated",
            "value": "\u0001",
            "delete": false,
            "lgpoType": "ENFORCE_REG_SZ",
            "presentationId": "Machine:Software\\Policies\\Mozilla\\Firefox\\Authentication\\Delegated;6;\u0001;:;https://avmysites.avinc.com/:[Software\\Policies\\Mozilla\\Firefox\\Authentication\\Delegated"
          }
        ],
        "categoryPath": [
          "windows:Registry",
          "windef:MachineSettings"
        ],
        "hasLgpo": true
      },
      {
        "state": "enabled",
        "name": "Registry Setting - [Software\\Policies\\Mozilla\\Firefox\\Authentication\\Delegated",
        "kvps": [
          {
            "key": "Software\\Policies\\Mozilla\\Firefox\\Authentication\\Delegated;8;\u0001;D;https://qa-invoicemgmt.avinc.com/",
            "valueName": "[Software\\Policies\\Mozilla\\Firefox\\Authentication\\Delegated",
            "value": "\u0001",
            "delete": false,
            "lgpoType": "ENFORCE_REG_SZ",
            "presentationId": "Machine:Software\\Policies\\Mozilla\\Firefox\\Authentication\\Delegated;8;\u0001;D;https://qa-invoicemgmt.avinc.com/:[Software\\Policies\\Mozilla\\Firefox\\Authentication\\Delegated"
          }
        ],
        "categoryPath": [
          "windows:Registry",
          "windef:MachineSettings"
        ],
        "hasLgpo": true
      },
      {
        "state": "enabled",
        "name": "Registry Setting - [Software\\Policies\\Mozilla\\Firefox\\Authentication\\Delegated",
        "kvps": [
          {
            "key": "Software\\Policies\\Mozilla\\Firefox\\Authentication\\Delegated;10;\u0001;\u001a;https://DW04",
            "valueName": "[Software\\Policies\\Mozilla\\Firefox\\Authentication\\Delegated",
            "value": "\u0001",
            "delete": false,
            "lgpoType": "ENFORCE_REG_SZ",
            "presentationId": "Machine:Software\\Policies\\Mozilla\\Firefox\\Authentication\\Delegated;10;\u0001;\u001a;https://DW04:[Software\\Policies\\Mozilla\\Firefox\\Authentication\\Delegated"
          }
        ],
        "categoryPath": [
          "windows:Registry",
          "windef:MachineSettings"
        ],
        "hasLgpo": true
      },
      {
        "state": "enabled",
        "name": "Registry Setting - [Software\\Policies\\Mozilla\\Firefox\\Authentication\\Delegated",
        "kvps": [
          {
            "key": "Software\\Policies\\Mozilla\\Firefox\\Authentication\\Delegated;12;\u0001;@;https://avinc.kerberos.okta.com",
            "valueName": "[Software\\Policies\\Mozilla\\Firefox\\Authentication\\Delegated",
            "value": "\u0001",
            "delete": false,
            "lgpoType": "ENFORCE_REG_SZ",
            "presentationId": "Machine:Software\\Policies\\Mozilla\\Firefox\\Authentication\\Delegated;12;\u0001;@;https://avinc.kerberos.okta.com:[Software\\Policies\\Mozilla\\Firefox\\Authentication\\Delegated"
          }
        ],
        "categoryPath": [
          "windows:Registry",
          "windef:MachineSettings"
        ],
        "hasLgpo": true
      },
      {
        "state": "enabled",
        "name": "Registry Setting - [Software\\Policies\\Mozilla\\Firefox\\Authentication\\NTLM",
        "kvps": [
          {
            "key": "Software\\Policies\\Mozilla\\Firefox\\Authentication\\NTLM;**delvals.;\u0001;\u0004; ",
            "valueName": "[Software\\Policies\\Mozilla\\Firefox\\Authentication\\NTLM",
            "value": "\u0001",
            "delete": false,
            "lgpoType": "ENFORCE_REG_SZ",
            "presentationId": "Machine:Software\\Policies\\Mozilla\\Firefox\\Authentication\\NTLM;**delvals.;\u0001;\u0004; :[Software\\Policies\\Mozilla\\Firefox\\Authentication\\NTLM"
          }
        ],
        "categoryPath": [
          "windows:Registry",
          "windef:MachineSettings"
        ],
        "hasLgpo": true
      },
      {
        "state": "enabled",
        "name": "Registry Setting - [Software\\Policies\\Mozilla\\Firefox\\Authentication\\NTLM",
        "kvps": [
          {
            "key": "Software\\Policies\\Mozilla\\Firefox\\Authentication\\NTLM;2;\u0001;^;https://aerovironment.kerberos.oktapreview.com",
            "valueName": "[Software\\Policies\\Mozilla\\Firefox\\Authentication\\NTLM",
            "value": "\u0001",
            "delete": false,
            "lgpoType": "ENFORCE_REG_SZ",
            "presentationId": "Machine:Software\\Policies\\Mozilla\\Firefox\\Authentication\\NTLM;2;\u0001;^;https://aerovironment.kerberos.oktapreview.com:[Software\\Policies\\Mozilla\\Firefox\\Authentication\\NTLM"
          }
        ],
        "categoryPath": [
          "windows:Registry",
          "windef:MachineSettings"
        ],
        "hasLgpo": true
      },
      {
        "state": "enabled",
        "name": "Registry Setting - [Software\\Policies\\Mozilla\\Firefox\\Authentication\\NTLM",
        "kvps": [
          {
            "key": "Software\\Policies\\Mozilla\\Firefox\\Authentication\\NTLM;4;\u0001;\\;https://avincpreview.kerberos.oktapreview.com",
            "valueName": "[Software\\Policies\\Mozilla\\Firefox\\Authentication\\NTLM",
            "value": "\u0001",
            "delete": false,
            "lgpoType": "ENFORCE_REG_SZ",
            "presentationId": "Machine:Software\\Policies\\Mozilla\\Firefox\\Authentication\\NTLM;4;\u0001;\\;https://avincpreview.kerberos.oktapreview.com:[Software\\Policies\\Mozilla\\Firefox\\Authentication\\NTLM"
          }
        ],
        "categoryPath": [
          "windows:Registry",
          "windef:MachineSettings"
        ],
        "hasLgpo": true
      },
      {
        "state": "enabled",
        "name": "Registry Setting - [Software\\Policies\\Mozilla\\Firefox\\Authentication\\NTLM",
        "kvps": [
          {
            "key": "Software\\Policies\\Mozilla\\Firefox\\Authentication\\NTLM;6;\u0001;L;https://aerovironment.oktapreview.com",
            "valueName": "[Software\\Policies\\Mozilla\\Firefox\\Authentication\\NTLM",
            "value": "\u0001",
            "delete": false,
            "lgpoType": "ENFORCE_REG_SZ",
            "presentationId": "Machine:Software\\Policies\\Mozilla\\Firefox\\Authentication\\NTLM;6;\u0001;L;https://aerovironment.oktapreview.com:[Software\\Policies\\Mozilla\\Firefox\\Authentication\\NTLM"
          }
        ],
        "categoryPath": [
          "windows:Registry",
          "windef:MachineSettings"
        ],
        "hasLgpo": true
      },
      {
        "state": "enabled",
        "name": "Registry Setting - [Software\\Policies\\Mozilla\\Firefox\\Authentication\\NTLM",
        "kvps": [
          {
            "key": "Software\\Policies\\Mozilla\\Firefox\\Authentication\\NTLM;8;\u0001;J;https://avincpreview.oktapreview.com",
            "valueName": "[Software\\Policies\\Mozilla\\Firefox\\Authentication\\NTLM",
            "value": "\u0001",
            "delete": false,
            "lgpoType": "ENFORCE_REG_SZ",
            "presentationId": "Machine:Software\\Policies\\Mozilla\\Firefox\\Authentication\\NTLM;8;\u0001;J;https://avincpreview.oktapreview.com:[Software\\Policies\\Mozilla\\Firefox\\Authentication\\NTLM"
          }
        ],
        "categoryPath": [
          "windows:Registry",
          "windef:MachineSettings"
        ],
        "hasLgpo": true
      },
      {
        "state": "enabled",
        "name": "Registry Setting - [Software\\Policies\\Mozilla\\Firefox\\Authentication\\NTLM",
        "kvps": [
          {
            "key": "Software\\Policies\\Mozilla\\Firefox\\Authentication\\NTLM;10;\u0001;Z;https://oagssoad02.avpclan.aerovironment.com",
            "valueName": "[Software\\Policies\\Mozilla\\Firefox\\Authentication\\NTLM",
            "value": "\u0001",
            "delete": false,
            "lgpoType": "ENFORCE_REG_SZ",
            "presentationId": "Machine:Software\\Policies\\Mozilla\\Firefox\\Authentication\\NTLM;10;\u0001;Z;https://oagssoad02.avpclan.aerovironment.com:[Software\\Policies\\Mozilla\\Firefox\\Authentication\\NTLM"
          }
        ],
        "categoryPath": [
          "windows:Registry",
          "windef:MachineSettings"
        ],
        "hasLgpo": true
      },
      {
        "state": "enabled",
        "name": "Registry Setting - [Software\\Policies\\Mozilla\\Firefox\\Authentication\\NTLM",
        "kvps": [
          {
            "key": "Software\\Policies\\Mozilla\\Firefox\\Authentication\\NTLM;12;\u0001;B;https://qa-invoicemgmt.avinc.com",
            "valueName": "[Software\\Policies\\Mozilla\\Firefox\\Authentication\\NTLM",
            "value": "\u0001",
            "delete": false,
            "lgpoType": "ENFORCE_REG_SZ",
            "presentationId": "Machine:Software\\Policies\\Mozilla\\Firefox\\Authentication\\NTLM;12;\u0001;B;https://qa-invoicemgmt.avinc.com:[Software\\Policies\\Mozilla\\Firefox\\Authentication\\NTLM"
          }
        ],
        "categoryPath": [
          "windows:Registry",
          "windef:MachineSettings"
        ],
        "hasLgpo": true
      },
      {
        "state": "enabled",
        "name": "Registry Setting - [Software\\Policies\\Mozilla\\Firefox\\Authentication\\NTLM",
        "kvps": [
          {
            "key": "Software\\Policies\\Mozilla\\Firefox\\Authentication\\NTLM;14;\u0001;>;https://qa-avmysites.avinc.com",
            "valueName": "[Software\\Policies\\Mozilla\\Firefox\\Authentication\\NTLM",
            "value": "\u0001",
            "delete": false,
            "lgpoType": "ENFORCE_REG_SZ",
            "presentationId": "Machine:Software\\Policies\\Mozilla\\Firefox\\Authentication\\NTLM;14;\u0001;>;https://qa-avmysites.avinc.com:[Software\\Policies\\Mozilla\\Firefox\\Authentication\\NTLM"
          }
        ],
        "categoryPath": [
          "windows:Registry",
          "windef:MachineSettings"
        ],
        "hasLgpo": true
      },
      {
        "state": "enabled",
        "name": "Registry Setting - [Software\\Policies\\Mozilla\\Firefox\\Authentication\\NTLM",
        "kvps": [
          {
            "key": "Software\\Policies\\Mozilla\\Firefox\\Authentication\\NTLM;16;\u0001;>;https://Invoicemgmt.avinc.com/",
            "valueName": "[Software\\Policies\\Mozilla\\Firefox\\Authentication\\NTLM",
            "value": "\u0001",
            "delete": false,
            "lgpoType": "ENFORCE_REG_SZ",
            "presentationId": "Machine:Software\\Policies\\Mozilla\\Firefox\\Authentication\\NTLM;16;\u0001;>;https://Invoicemgmt.avinc.com/:[Software\\Policies\\Mozilla\\Firefox\\Authentication\\NTLM"
          }
        ],
        "categoryPath": [
          "windows:Registry",
          "windef:MachineSettings"
        ],
        "hasLgpo": true
      },
      {
        "state": "enabled",
        "name": "Registry Setting - [Software\\Policies\\Mozilla\\Firefox\\Authentication\\NTLM",
        "kvps": [
          {
            "key": "Software\\Policies\\Mozilla\\Firefox\\Authentication\\NTLM;18;\u0001;\u001c;https://DW04/",
            "valueName": "[Software\\Policies\\Mozilla\\Firefox\\Authentication\\NTLM",
            "value": "\u0001",
            "delete": false,
            "lgpoType": "ENFORCE_REG_SZ",
            "presentationId": "Machine:Software\\Policies\\Mozilla\\Firefox\\Authentication\\NTLM;18;\u0001;\u001c;https://DW04/:[Software\\Policies\\Mozilla\\Firefox\\Authentication\\NTLM"
          }
        ],
        "categoryPath": [
          "windows:Registry",
          "windef:MachineSettings"
        ],
        "hasLgpo": true
      },
      {
        "state": "enabled",
        "name": "Registry Setting - [Software\\Policies\\Mozilla\\Firefox\\Authentication\\SPNEGO",
        "kvps": [
          {
            "key": "Software\\Policies\\Mozilla\\Firefox\\Authentication\\SPNEGO;**delvals.;\u0001;\u0004; ",
            "valueName": "[Software\\Policies\\Mozilla\\Firefox\\Authentication\\SPNEGO",
            "value": "\u0001",
            "delete": false,
            "lgpoType": "ENFORCE_REG_SZ",
            "presentationId": "Machine:Software\\Policies\\Mozilla\\Firefox\\Authentication\\SPNEGO;**delvals.;\u0001;\u0004; :[Software\\Policies\\Mozilla\\Firefox\\Authentication\\SPNEGO"
          }
        ],
        "categoryPath": [
          "windows:Registry",
          "windef:MachineSettings"
        ],
        "hasLgpo": true
      },
      {
        "state": "enabled",
        "name": "Registry Setting - [Software\\Policies\\Mozilla\\Firefox\\Authentication\\SPNEGO",
        "kvps": [
          {
            "key": "Software\\Policies\\Mozilla\\Firefox\\Authentication\\SPNEGO;2;\u0001;^;https://aerovironment.kerberos.oktapreview.com",
            "valueName": "[Software\\Policies\\Mozilla\\Firefox\\Authentication\\SPNEGO",
            "value": "\u0001",
            "delete": false,
            "lgpoType": "ENFORCE_REG_SZ",
            "presentationId": "Machine:Software\\Policies\\Mozilla\\Firefox\\Authentication\\SPNEGO;2;\u0001;^;https://aerovironment.kerberos.oktapreview.com:[Software\\Policies\\Mozilla\\Firefox\\Authentication\\SPNEGO"
          }
        ],
        "categoryPath": [
          "windows:Registry",
          "windef:MachineSettings"
        ],
        "hasLgpo": true
      },
      {
        "state": "enabled",
        "name": "Registry Setting - [Software\\Policies\\Mozilla\\Firefox\\Authentication\\SPNEGO",
        "kvps": [
          {
            "key": "Software\\Policies\\Mozilla\\Firefox\\Authentication\\SPNEGO;4;\u0001;\\;https://avincpreview.kerberos.oktapreview.com",
            "valueName": "[Software\\Policies\\Mozilla\\Firefox\\Authentication\\SPNEGO",
            "value": "\u0001",
            "delete": false,
            "lgpoType": "ENFORCE_REG_SZ",
            "presentationId": "Machine:Software\\Policies\\Mozilla\\Firefox\\Authentication\\SPNEGO;4;\u0001;\\;https://avincpreview.kerberos.oktapreview.com:[Software\\Policies\\Mozilla\\Firefox\\Authentication\\SPNEGO"
          }
        ],
        "categoryPath": [
          "windows:Registry",
          "windef:MachineSettings"
        ],
        "hasLgpo": true
      },
      {
        "state": "enabled",
        "name": "Registry Setting - [Software\\Policies\\Mozilla\\Firefox\\Authentication\\SPNEGO",
        "kvps": [
          {
            "key": "Software\\Policies\\Mozilla\\Firefox\\Authentication\\SPNEGO;6;\u0001;L;https://aerovironment.oktapreview.com",
            "valueName": "[Software\\Policies\\Mozilla\\Firefox\\Authentication\\SPNEGO",
            "value": "\u0001",
            "delete": false,
            "lgpoType": "ENFORCE_REG_SZ",
            "presentationId": "Machine:Software\\Policies\\Mozilla\\Firefox\\Authentication\\SPNEGO;6;\u0001;L;https://aerovironment.oktapreview.com:[Software\\Policies\\Mozilla\\Firefox\\Authentication\\SPNEGO"
          }
        ],
        "categoryPath": [
          "windows:Registry",
          "windef:MachineSettings"
        ],
        "hasLgpo": true
      },
      {
        "state": "enabled",
        "name": "Registry Setting - [Software\\Policies\\Mozilla\\Firefox\\Authentication\\SPNEGO",
        "kvps": [
          {
            "key": "Software\\Policies\\Mozilla\\Firefox\\Authentication\\SPNEGO;8;\u0001;J;https://avincpreview.oktapreview.com",
            "valueName": "[Software\\Policies\\Mozilla\\Firefox\\Authentication\\SPNEGO",
            "value": "\u0001",
            "delete": false,
            "lgpoType": "ENFORCE_REG_SZ",
            "presentationId": "Machine:Software\\Policies\\Mozilla\\Firefox\\Authentication\\SPNEGO;8;\u0001;J;https://avincpreview.oktapreview.com:[Software\\Policies\\Mozilla\\Firefox\\Authentication\\SPNEGO"
          }
        ],
        "categoryPath": [
          "windows:Registry",
          "windef:MachineSettings"
        ],
        "hasLgpo": true
      },
      {
        "state": "enabled",
        "name": "Registry Setting - [Software\\Policies\\Mozilla\\Firefox\\Authentication\\SPNEGO",
        "kvps": [
          {
            "key": "Software\\Policies\\Mozilla\\Firefox\\Authentication\\SPNEGO;10;\u0001;Z;https://oagssoad01.avpclan.aerovironment.com",
            "valueName": "[Software\\Policies\\Mozilla\\Firefox\\Authentication\\SPNEGO",
            "value": "\u0001",
            "delete": false,
            "lgpoType": "ENFORCE_REG_SZ",
            "presentationId": "Machine:Software\\Policies\\Mozilla\\Firefox\\Authentication\\SPNEGO;10;\u0001;Z;https://oagssoad01.avpclan.aerovironment.com:[Software\\Policies\\Mozilla\\Firefox\\Authentication\\SPNEGO"
          }
        ],
        "categoryPath": [
          "windows:Registry",
          "windef:MachineSettings"
        ],
        "hasLgpo": true
      },
      {
        "state": "enabled",
        "name": "Registry Setting - [Software\\Policies\\Mozilla\\Firefox\\Authentication\\SPNEGO",
        "kvps": [
          {
            "key": "Software\\Policies\\Mozilla\\Firefox\\Authentication\\SPNEGO;12;\u0001;:;https://avconnect.avinc.com/",
            "valueName": "[Software\\Policies\\Mozilla\\Firefox\\Authentication\\SPNEGO",
            "value": "\u0001",
            "delete": false,
            "lgpoType": "ENFORCE_REG_SZ",
            "presentationId": "Machine:Software\\Policies\\Mozilla\\Firefox\\Authentication\\SPNEGO;12;\u0001;:;https://avconnect.avinc.com/:[Software\\Policies\\Mozilla\\Firefox\\Authentication\\SPNEGO"
          }
        ],
        "categoryPath": [
          "windows:Registry",
          "windef:MachineSettings"
        ],
        "hasLgpo": true
      },
      {
        "state": "enabled",
        "name": "Registry Setting - [Software\\Policies\\Mozilla\\Firefox\\Authentication\\SPNEGO",
        "kvps": [
          {
            "key": "Software\\Policies\\Mozilla\\Firefox\\Authentication\\SPNEGO;14;\u0001;@;https://qa-avconnect.avinc.com/",
            "valueName": "[Software\\Policies\\Mozilla\\Firefox\\Authentication\\SPNEGO",
            "value": "\u0001",
            "delete": false,
            "lgpoType": "ENFORCE_REG_SZ",
            "presentationId": "Machine:Software\\Policies\\Mozilla\\Firefox\\Authentication\\SPNEGO;14;\u0001;@;https://qa-avconnect.avinc.com/:[Software\\Policies\\Mozilla\\Firefox\\Authentication\\SPNEGO"
          }
        ],
        "categoryPath": [
          "windows:Registry",
          "windef:MachineSettings"
        ],
        "hasLgpo": true
      },
      {
        "state": "enabled",
        "name": "Registry Setting - [Software\\Policies\\Mozilla\\Firefox\\Authentication\\SPNEGO",
        "kvps": [
          {
            "key": "Software\\Policies\\Mozilla\\Firefox\\Authentication\\SPNEGO;16;\u0001;>;https://qa-avmysites.avinc.com",
            "valueName": "[Software\\Policies\\Mozilla\\Firefox\\Authentication\\SPNEGO",
            "value": "\u0001",
            "delete": false,
            "lgpoType": "ENFORCE_REG_SZ",
            "presentationId": "Machine:Software\\Policies\\Mozilla\\Firefox\\Authentication\\SPNEGO;16;\u0001;>;https://qa-avmysites.avinc.com:[Software\\Policies\\Mozilla\\Firefox\\Authentication\\SPNEGO"
          }
        ],
        "categoryPath": [
          "windows:Registry",
          "windef:MachineSettings"
        ],
        "hasLgpo": true
      },
      {
        "state": "enabled",
        "name": "Registry Setting - [Software\\Policies\\Mozilla\\Firefox\\Certificates",
        "kvps": [
          {
            "key": "Software\\Policies\\Mozilla\\Firefox\\Authentication\\SPNEGO;18;\u0001;\u001c;https://DW11/",
            "valueName": "[Software\\Policies\\Mozilla\\Firefox\\Certificates",
            "value": "\u0004",
            "delete": false,
            "lgpoType": "ENFORCE_REG_SZ",
            "presentationId": "Machine:Software\\Policies\\Mozilla\\Firefox\\Authentication\\SPNEGO;18;\u0001;\u001c;https://DW11/:[Software\\Policies\\Mozilla\\Firefox\\Certificates"
          }
        ],
        "categoryPath": [
          "windows:Registry",
          "windef:MachineSettings"
        ],
        "hasLgpo": true
      }
    ],
    "useManagedDefinitions": false
  },
  "isTemplate": false,
  "priorityPool": 3,
  "type": {
    "id": 0,
    "name": "admxMachine",
    "initialContentSetName": "Enforce Windows",
    "policyTypeContentSetName": "Enforce Windows Machine Administrative Templates",
    "operatingSystem": "Windows",
    "policyClass": "machine",
    "endpointType": "cx",
    "readPrivilege": "enforce policy read",
    "writePrivilege": "enforce policy write",
    "contentSetId": 105,
    "policyTypeContentSetId": 276
  },
  "hasEnforcements": false,
  "taniumUsername": null,
  "taniumUpdatedUsername": null,
  "policySource": "standard"
}