{
  "id": null,
  "created_at": null,
  "updated_at": null,
  "deletedAt": null,
  "taniumUserId": null,
  "updatedByTaniumUserId": null,
  "changeType": "created",
  "contentSetId": 105,
  "name": "AV-Browser-All Prevent downloadable auto-execute",
  "description": "Converted from GPO: AV-Browser-All Prevent downloadable auto-execute ([object Object])",
  "version": 1,
  "priority": 7,
  "typeId": 0,
  "data": {
    "policyItems": [
      {
        "state": "enabled",
        "name": "Ask where to save each file before downloading",
        "kvps": [
          {
            "key": "Software\\Policies\\Microsoft\\Windows\\Google",
            "valueName": "Askwheretosaveeachfilebeforedownloading",
            "value": "1",
            "delete": false,
            "lgpoType": "ENFORCE_REG_DWORD",
            "presentationId": "windows:Google/windef:GoogleChrome:root"
          }
        ],
        "categoryPath": [
          "windows:Google",
          "windef:GoogleChrome"
        ],
        "hasLgpo": true
      },
      {
        "state": "enabled",
        "name": "Ask where to save downloaded files",
        "kvps": [
          {
            "key": "Software\\Policies\\Microsoft\\Windows\\MicrosoftEdge",
            "valueName": "Askwheretosavedownloadedfiles",
            "value": "1",
            "delete": false,
            "lgpoType": "ENFORCE_REG_DWORD",
            "presentationId": "windows:MicrosoftEdge:root"
          }
        ],
        "categoryPath": [
          "windows:MicrosoftEdge"
        ],
        "hasLgpo": true
      },
      {
        "state": "enabled",
        "name": "Prompt for download location",
        "kvps": [
          {
            "key": "Software\\Policies\\Microsoft\\Windows\\Mozilla",
            "valueName": "Promptfordownloadlocation",
            "value": "1",
            "delete": false,
            "lgpoType": "ENFORCE_REG_DWORD",
            "presentationId": "windows:Mozilla/windef:Firefox:root"
          }
        ],
        "categoryPath": [
          "windows:Mozilla",
          "windef:Firefox"
        ],
        "hasLgpo": true
      },
      {
        "state": "enabled",
        "name": "Registry Setting - [Software\\Policies\\Microsoft\\Edge",
        "kvps": [
          {
            "key": "Software\\Policies\\Google\\Chrome",
            "valueName": "Software\\Policies\\Microsoft\\Edge",
            "value": "",
            "delete": false,
            "lgpoType": "ENFORCE_REG_SZ",
            "presentationId": "windows:Registry/windef:MachineSettings:Software\\Policies\\Microsoft\\Edge"
          }
        ],
        "categoryPath": [
          "windows:Registry",
          "windef:MachineSettings"
        ],
        "hasLgpo": true
      }
    ],
    "useManagedDefinitions": false
  },
  "isTemplate": false,
  "priorityPool": 3,
  "type": {
    "id": 0,
    "name": "admxMachine",
    "initialContentSetName": "Enforce Windows",
    "policyTypeContentSetName": "Enforce Windows Machine Administrative Templates",
    "operatingSystem": "Windows",
    "policyClass": "machine",
    "endpointType": "cx",
    "readPrivilege": "enforce policy read",
    "writePrivilege": "enforce policy write",
    "contentSetId": 105,
    "policyTypeContentSetId": 276
  },
  "hasEnforcements": false,
  "taniumUsername": null,
  "taniumUpdatedUsername": null,
  "policySource": "standard"
}