{
  "id": null,
  "created_at": null,
  "updated_at": null,
  "deletedAt": null,
  "taniumUserId": null,
  "updatedByTaniumUserId": null,
  "changeType": "created",
  "contentSetId": 105,
  "name": "AV-Browser-Config Enable DSSO",
  "description": "Converted from GPO: AV-Browser-Config Enable DSSO ([object Object])",
  "version": 1,
  "priority": 7,
  "typeId": 0,
  "data": {
    "policyItems": [
      {
        "state": "enabled",
        "name": "Registry Setting - [Software\\Policies\\Microsoft\\Windows\\CurrentVersion\\Internet Settings\\ZoneMapKey",
        "kvps": [
          {
            "key": "Software\\Policies\\Microsoft\\Windows\\CurrentVersion\\Internet Settings;ListBox_Support_ZoneMapKey;\u0004;\u0004;\u0001",
            "valueName": "[Software\\Policies\\Microsoft\\Windows\\CurrentVersion\\Internet Settings\\ZoneMapKey",
            "value": "\u0001",
            "delete": false,
            "lgpoType": "ENFORCE_REG_SZ",
            "presentationId": "Machine:Software\\Policies\\Microsoft\\Windows\\CurrentVersion\\Internet Settings;ListBox_Support_ZoneMapKey;\u0004;\u0004;\u0001:[Software\\Policies\\Microsoft\\Windows\\CurrentVersion\\Internet Settings\\ZoneMapKey"
          }
        ],
        "categoryPath": [
          "windows:Registry",
          "windef:MachineSettings"
        ],
        "hasLgpo": true
      },
      {
        "state": "enabled",
        "name": "Registry Setting - [Software\\Policies\\Microsoft\\Windows\\CurrentVersion\\Internet Settings\\ZoneMapKey",
        "kvps": [
          {
            "key": "Software\\Policies\\Microsoft\\Windows\\CurrentVersion\\Internet Settings\\ZoneMapKey;https://aerovironment.kerberos.oktapreview.com;\u0001;\u0004;1",
            "valueName": "[Software\\Policies\\Microsoft\\Windows\\CurrentVersion\\Internet Settings\\ZoneMapKey",
            "value": "\u0001",
            "delete": false,
            "lgpoType": "ENFORCE_REG_SZ",
            "presentationId": "Machine:Software\\Policies\\Microsoft\\Windows\\CurrentVersion\\Internet Settings\\ZoneMapKey;https://aerovironment.kerberos.oktapreview.com;\u0001;\u0004;1:[Software\\Policies\\Microsoft\\Windows\\CurrentVersion\\Internet Settings\\ZoneMapKey"
          }
        ],
        "categoryPath": [
          "windows:Registry",
          "windef:MachineSettings"
        ],
        "hasLgpo": true
      },
      {
        "state": "enabled",
        "name": "Registry Setting - [Software\\Policies\\Microsoft\\Windows\\CurrentVersion\\Internet Settings\\ZoneMapKey",
        "kvps": [
          {
            "key": "Software\\Policies\\Microsoft\\Windows\\CurrentVersion\\Internet Settings\\ZoneMapKey;https://avincpreview.kerberos.oktapreview.com;\u0001;\u0004;1",
            "valueName": "[Software\\Policies\\Microsoft\\Windows\\CurrentVersion\\Internet Settings\\ZoneMapKey",
            "value": "\u0001",
            "delete": false,
            "lgpoType": "ENFORCE_REG_SZ",
            "presentationId": "Machine:Software\\Policies\\Microsoft\\Windows\\CurrentVersion\\Internet Settings\\ZoneMapKey;https://avincpreview.kerberos.oktapreview.com;\u0001;\u0004;1:[Software\\Policies\\Microsoft\\Windows\\CurrentVersion\\Internet Settings\\ZoneMapKey"
          }
        ],
        "categoryPath": [
          "windows:Registry",
          "windef:MachineSettings"
        ],
        "hasLgpo": true
      },
      {
        "state": "enabled",
        "name": "Registry Setting - [Software\\Policies\\Microsoft\\Windows\\CurrentVersion\\Internet Settings\\ZoneMapKey",
        "kvps": [
          {
            "key": "Software\\Policies\\Microsoft\\Windows\\CurrentVersion\\Internet Settings\\ZoneMapKey;https://aerovironment.oktapreview.com;\u0001;\u0004;2",
            "valueName": "[Software\\Policies\\Microsoft\\Windows\\CurrentVersion\\Internet Settings\\ZoneMapKey",
            "value": "\u0001",
            "delete": false,
            "lgpoType": "ENFORCE_REG_SZ",
            "presentationId": "Machine:Software\\Policies\\Microsoft\\Windows\\CurrentVersion\\Internet Settings\\ZoneMapKey;https://aerovironment.oktapreview.com;\u0001;\u0004;2:[Software\\Policies\\Microsoft\\Windows\\CurrentVersion\\Internet Settings\\ZoneMapKey"
          }
        ],
        "categoryPath": [
          "windows:Registry",
          "windef:MachineSettings"
        ],
        "hasLgpo": true
      },
      {
        "state": "enabled",
        "name": "Registry Setting - [Software\\Policies\\Mozilla\\Firefox\\Authentication\\AllowNonFQDN",
        "kvps": [
          {
            "key": "Software\\Policies\\Microsoft\\Windows\\CurrentVersion\\Internet Settings\\ZoneMapKey;https://avincpreview.oktapreview.com;\u0001;\u0004;2",
            "valueName": "[Software\\Policies\\Mozilla\\Firefox\\Authentication\\AllowNonFQDN",
            "value": "\u0004",
            "delete": false,
            "lgpoType": "ENFORCE_REG_SZ",
            "presentationId": "Machine:Software\\Policies\\Microsoft\\Windows\\CurrentVersion\\Internet Settings\\ZoneMapKey;https://avincpreview.oktapreview.com;\u0001;\u0004;2:[Software\\Policies\\Mozilla\\Firefox\\Authentication\\AllowNonFQDN"
          }
        ],
        "categoryPath": [
          "windows:Registry",
          "windef:MachineSettings"
        ],
        "hasLgpo": true
      },
      {
        "state": "enabled",
        "name": "Registry Setting - [Software\\Policies\\Mozilla\\Firefox\\Authentication\\Delegated",
        "kvps": [
          {
            "key": "Software\\Policies\\Mozilla\\Firefox\\Authentication\\AllowNonFQDN;SPNEGO;\u0004;\u0004;\u0001",
            "valueName": "[Software\\Policies\\Mozilla\\Firefox\\Authentication\\Delegated",
            "value": "\u0001",
            "delete": false,
            "lgpoType": "ENFORCE_REG_SZ",
            "presentationId": "Machine:Software\\Policies\\Mozilla\\Firefox\\Authentication\\AllowNonFQDN;SPNEGO;\u0004;\u0004;\u0001:[Software\\Policies\\Mozilla\\Firefox\\Authentication\\Delegated"
          }
        ],
        "categoryPath": [
          "windows:Registry",
          "windef:MachineSettings"
        ],
        "hasLgpo": true
      },
      {
        "state": "enabled",
        "name": "Registry Setting - [Software\\Policies\\Mozilla\\Firefox\\Authentication\\Delegated",
        "kvps": [
          {
            "key": "Software\\Policies\\Mozilla\\Firefox\\Authentication\\Delegated;1;\u0001;b;https://oktassodev.avpclan.aerovironment.com/IWA",
            "valueName": "[Software\\Policies\\Mozilla\\Firefox\\Authentication\\Delegated",
            "value": "\u0001",
            "delete": false,
            "lgpoType": "ENFORCE_REG_SZ",
            "presentationId": "Machine:Software\\Policies\\Mozilla\\Firefox\\Authentication\\Delegated;1;\u0001;b;https://oktassodev.avpclan.aerovironment.com/IWA:[Software\\Policies\\Mozilla\\Firefox\\Authentication\\Delegated"
          }
        ],
        "categoryPath": [
          "windows:Registry",
          "windef:MachineSettings"
        ],
        "hasLgpo": true
      },
      {
        "state": "enabled",
        "name": "Registry Setting - [Software\\Policies\\Mozilla\\Firefox\\Authentication\\Delegated",
        "kvps": [
          {
            "key": "Software\\Policies\\Mozilla\\Firefox\\Authentication\\Delegated;3;\u0001;b;https://oagssoad02.avpclan.aerovironment.com/IWA",
            "valueName": "[Software\\Policies\\Mozilla\\Firefox\\Authentication\\Delegated",
            "value": "\u0001",
            "delete": false,
            "lgpoType": "ENFORCE_REG_SZ",
            "presentationId": "Machine:Software\\Policies\\Mozilla\\Firefox\\Authentication\\Delegated;3;\u0001;b;https://oagssoad02.avpclan.aerovironment.com/IWA:[Software\\Policies\\Mozilla\\Firefox\\Authentication\\Delegated"
          }
        ],
        "categoryPath": [
          "windows:Registry",
          "windef:MachineSettings"
        ],
        "hasLgpo": true
      },
      {
        "state": "enabled",
        "name": "Registry Setting - [Software\\Policies\\Mozilla\\Firefox\\Authentication\\Delegated",
        "kvps": [
          {
            "key": "Software\\Policies\\Mozilla\\Firefox\\Authentication\\Delegated;5;\u0001;>;https://Invoicemgmt.avinc.com/",
            "valueName": "[Software\\Policies\\Mozilla\\Firefox\\Authentication\\Delegated",
            "value": "\u0001",
            "delete": false,
            "lgpoType": "ENFORCE_REG_SZ",
            "presentationId": "Machine:Software\\Policies\\Mozilla\\Firefox\\Authentication\\Delegated;5;\u0001;>;https://Invoicemgmt.avinc.com/:[Software\\Policies\\Mozilla\\Firefox\\Authentication\\Delegated"
          }
        ],
        "categoryPath": [
          "windows:Registry",
          "windef:MachineSettings"
        ],
        "hasLgpo": true
      },
      {
        "state": "enabled",
        "name": "Registry Setting - [Software\\Policies\\Mozilla\\Firefox\\Authentication\\Delegated",
        "kvps": [
          {
            "key": "Software\\Policies\\Mozilla\\Firefox\\Authentication\\Delegated;7;\u0001;:;https://avmysites.avinc.com/",
            "valueName": "[Software\\Policies\\Mozilla\\Firefox\\Authentication\\Delegated",
            "value": "\u0001",
            "delete": false,
            "lgpoType": "ENFORCE_REG_SZ",
            "presentationId": "Machine:Software\\Policies\\Mozilla\\Firefox\\Authentication\\Delegated;7;\u0001;:;https://avmysites.avinc.com/:[Software\\Policies\\Mozilla\\Firefox\\Authentication\\Delegated"
          }
        ],
        "categoryPath": [
          "windows:Registry",
          "windef:MachineSettings"
        ],
        "hasLgpo": true
      },
      {
        "state": "enabled",
        "name": "Registry Setting - [Software\\Policies\\Mozilla\\Firefox\\Authentication\\Delegated",
        "kvps": [
          {
            "key": "Software\\Policies\\Mozilla\\Firefox\\Authentication\\Delegated;9;\u0001;D;https://qa-invoicemgmt.avinc.com/",
            "valueName": "[Software\\Policies\\Mozilla\\Firefox\\Authentication\\Delegated",
            "value": "\u0001",
            "delete": false,
            "lgpoType": "ENFORCE_REG_SZ",
            "presentationId": "Machine:Software\\Policies\\Mozilla\\Firefox\\Authentication\\Delegated;9;\u0001;D;https://qa-invoicemgmt.avinc.com/:[Software\\Policies\\Mozilla\\Firefox\\Authentication\\Delegated"
          }
        ],
        "categoryPath": [
          "windows:Registry",
          "windef:MachineSettings"
        ],
        "hasLgpo": true
      },
      {
        "state": "enabled",
        "name": "Registry Setting - [Software\\Policies\\Mozilla\\Firefox\\Authentication\\Delegated",
        "kvps": [
          {
            "key": "Software\\Policies\\Mozilla\\Firefox\\Authentication\\Delegated;11;\u0001;@;https://avinc.kerberos.okta.com",
            "valueName": "[Software\\Policies\\Mozilla\\Firefox\\Authentication\\Delegated",
            "value": "\u0001",
            "delete": false,
            "lgpoType": "ENFORCE_REG_SZ",
            "presentationId": "Machine:Software\\Policies\\Mozilla\\Firefox\\Authentication\\Delegated;11;\u0001;@;https://avinc.kerberos.okta.com:[Software\\Policies\\Mozilla\\Firefox\\Authentication\\Delegated"
          }
        ],
        "categoryPath": [
          "windows:Registry",
          "windef:MachineSettings"
        ],
        "hasLgpo": true
      },
      {
        "state": "enabled",
        "name": "Registry Setting - [Software\\Policies\\Mozilla\\Firefox\\Authentication\\Delegated",
        "kvps": [
          {
            "key": "Software\\Policies\\Mozilla\\Firefox\\Authentication\\Delegated;13;\u0001;F;https://avincext.kerberos.okta.com",
            "valueName": "[Software\\Policies\\Mozilla\\Firefox\\Authentication\\Delegated",
            "value": "\u0001",
            "delete": false,
            "lgpoType": "ENFORCE_REG_SZ",
            "presentationId": "Machine:Software\\Policies\\Mozilla\\Firefox\\Authentication\\Delegated;13;\u0001;F;https://avincext.kerberos.okta.com:[Software\\Policies\\Mozilla\\Firefox\\Authentication\\Delegated"
          }
        ],
        "categoryPath": [
          "windows:Registry",
          "windef:MachineSettings"
        ],
        "hasLgpo": true
      },
      {
        "state": "enabled",
        "name": "Registry Setting - [Software\\Policies\\Mozilla\\Firefox\\Authentication\\Delegated",
        "kvps": [
          {
            "key": "Software\\Policies\\Mozilla\\Firefox\\Authentication\\Delegated;15;\u0001;.;https://avinc.okta.com",
            "valueName": "[Software\\Policies\\Mozilla\\Firefox\\Authentication\\Delegated",
            "value": "\u0001",
            "delete": false,
            "lgpoType": "ENFORCE_REG_SZ",
            "presentationId": "Machine:Software\\Policies\\Mozilla\\Firefox\\Authentication\\Delegated;15;\u0001;.;https://avinc.okta.com:[Software\\Policies\\Mozilla\\Firefox\\Authentication\\Delegated"
          }
        ],
        "categoryPath": [
          "windows:Registry",
          "windef:MachineSettings"
        ],
        "hasLgpo": true
      },
      {
        "state": "enabled",
        "name": "Registry Setting - [Software\\Policies\\Mozilla\\Firefox\\Authentication\\Delegated",
        "kvps": [
          {
            "key": "Software\\Policies\\Mozilla\\Firefox\\Authentication\\Delegated;17;\u0001;4;https://avincext.okta.com",
            "valueName": "[Software\\Policies\\Mozilla\\Firefox\\Authentication\\Delegated",
            "value": "\u0001",
            "delete": false,
            "lgpoType": "ENFORCE_REG_SZ",
            "presentationId": "Machine:Software\\Policies\\Mozilla\\Firefox\\Authentication\\Delegated;17;\u0001;4;https://avincext.okta.com:[Software\\Policies\\Mozilla\\Firefox\\Authentication\\Delegated"
          }
        ],
        "categoryPath": [
          "windows:Registry",
          "windef:MachineSettings"
        ],
        "hasLgpo": true
      },
      {
        "state": "enabled",
        "name": "Registry Setting - [Software\\Policies\\Mozilla\\Firefox\\Authentication\\NTLM",
        "kvps": [
          {
            "key": "Software\\Policies\\Mozilla\\Firefox\\Authentication\\NTLM;**delvals.;\u0001;\u0004; ",
            "valueName": "[Software\\Policies\\Mozilla\\Firefox\\Authentication\\NTLM",
            "value": "\u0001",
            "delete": false,
            "lgpoType": "ENFORCE_REG_SZ",
            "presentationId": "Machine:Software\\Policies\\Mozilla\\Firefox\\Authentication\\NTLM;**delvals.;\u0001;\u0004; :[Software\\Policies\\Mozilla\\Firefox\\Authentication\\NTLM"
          }
        ],
        "categoryPath": [
          "windows:Registry",
          "windef:MachineSettings"
        ],
        "hasLgpo": true
      },
      {
        "state": "enabled",
        "name": "Registry Setting - [Software\\Policies\\Mozilla\\Firefox\\Authentication\\NTLM",
        "kvps": [
          {
            "key": "Software\\Policies\\Mozilla\\Firefox\\Authentication\\NTLM;2;\u0001;^;https://aerovironment.kerberos.oktapreview.com",
            "valueName": "[Software\\Policies\\Mozilla\\Firefox\\Authentication\\NTLM",
            "value": "\u0001",
            "delete": false,
            "lgpoType": "ENFORCE_REG_SZ",
            "presentationId": "Machine:Software\\Policies\\Mozilla\\Firefox\\Authentication\\NTLM;2;\u0001;^;https://aerovironment.kerberos.oktapreview.com:[Software\\Policies\\Mozilla\\Firefox\\Authentication\\NTLM"
          }
        ],
        "categoryPath": [
          "windows:Registry",
          "windef:MachineSettings"
        ],
        "hasLgpo": true
      },
      {
        "state": "enabled",
        "name": "Registry Setting - [Software\\Policies\\Mozilla\\Firefox\\Authentication\\NTLM",
        "kvps": [
          {
            "key": "Software\\Policies\\Mozilla\\Firefox\\Authentication\\NTLM;4;\u0001;\\;https://avincpreview.kerberos.oktapreview.com",
            "valueName": "[Software\\Policies\\Mozilla\\Firefox\\Authentication\\NTLM",
            "value": "\u0001",
            "delete": false,
            "lgpoType": "ENFORCE_REG_SZ",
            "presentationId": "Machine:Software\\Policies\\Mozilla\\Firefox\\Authentication\\NTLM;4;\u0001;\\;https://avincpreview.kerberos.oktapreview.com:[Software\\Policies\\Mozilla\\Firefox\\Authentication\\NTLM"
          }
        ],
        "categoryPath": [
          "windows:Registry",
          "windef:MachineSettings"
        ],
        "hasLgpo": true
      },
      {
        "state": "enabled",
        "name": "Registry Setting - [Software\\Policies\\Mozilla\\Firefox\\Authentication\\NTLM",
        "kvps": [
          {
            "key": "Software\\Policies\\Mozilla\\Firefox\\Authentication\\NTLM;6;\u0001;L;https://aerovironment.oktapreview.com",
            "valueName": "[Software\\Policies\\Mozilla\\Firefox\\Authentication\\NTLM",
            "value": "\u0001",
            "delete": false,
            "lgpoType": "ENFORCE_REG_SZ",
            "presentationId": "Machine:Software\\Policies\\Mozilla\\Firefox\\Authentication\\NTLM;6;\u0001;L;https://aerovironment.oktapreview.com:[Software\\Policies\\Mozilla\\Firefox\\Authentication\\NTLM"
          }
        ],
        "categoryPath": [
          "windows:Registry",
          "windef:MachineSettings"
        ],
        "hasLgpo": true
      },
      {
        "state": "enabled",
        "name": "Registry Setting - [Software\\Policies\\Mozilla\\Firefox\\Authentication\\NTLM",
        "kvps": [
          {
            "key": "Software\\Policies\\Mozilla\\Firefox\\Authentication\\NTLM;8;\u0001;J;https://avincpreview.oktapreview.com",
            "valueName": "[Software\\Policies\\Mozilla\\Firefox\\Authentication\\NTLM",
            "value": "\u0001",
            "delete": false,
            "lgpoType": "ENFORCE_REG_SZ",
            "presentationId": "Machine:Software\\Policies\\Mozilla\\Firefox\\Authentication\\NTLM;8;\u0001;J;https://avincpreview.oktapreview.com:[Software\\Policies\\Mozilla\\Firefox\\Authentication\\NTLM"
          }
        ],
        "categoryPath": [
          "windows:Registry",
          "windef:MachineSettings"
        ],
        "hasLgpo": true
      },
      {
        "state": "enabled",
        "name": "Registry Setting - [Software\\Policies\\Mozilla\\Firefox\\Authentication\\NTLM",
        "kvps": [
          {
            "key": "Software\\Policies\\Mozilla\\Firefox\\Authentication\\NTLM;10;\u0001;Z;https://oagssoad02.avpclan.aerovironment.com",
            "valueName": "[Software\\Policies\\Mozilla\\Firefox\\Authentication\\NTLM",
            "value": "\u0001",
            "delete": false,
            "lgpoType": "ENFORCE_REG_SZ",
            "presentationId": "Machine:Software\\Policies\\Mozilla\\Firefox\\Authentication\\NTLM;10;\u0001;Z;https://oagssoad02.avpclan.aerovironment.com:[Software\\Policies\\Mozilla\\Firefox\\Authentication\\NTLM"
          }
        ],
        "categoryPath": [
          "windows:Registry",
          "windef:MachineSettings"
        ],
        "hasLgpo": true
      },
      {
        "state": "enabled",
        "name": "Registry Setting - [Software\\Policies\\Mozilla\\Firefox\\Authentication\\NTLM",
        "kvps": [
          {
            "key": "Software\\Policies\\Mozilla\\Firefox\\Authentication\\NTLM;12;\u0001;B;https://qa-invoicemgmt.avinc.com",
            "valueName": "[Software\\Policies\\Mozilla\\Firefox\\Authentication\\NTLM",
            "value": "\u0001",
            "delete": false,
            "lgpoType": "ENFORCE_REG_SZ",
            "presentationId": "Machine:Software\\Policies\\Mozilla\\Firefox\\Authentication\\NTLM;12;\u0001;B;https://qa-invoicemgmt.avinc.com:[Software\\Policies\\Mozilla\\Firefox\\Authentication\\NTLM"
          }
        ],
        "categoryPath": [
          "windows:Registry",
          "windef:MachineSettings"
        ],
        "hasLgpo": true
      },
      {
        "state": "enabled",
        "name": "Registry Setting - [Software\\Policies\\Mozilla\\Firefox\\Authentication\\NTLM",
        "kvps": [
          {
            "key": "Software\\Policies\\Mozilla\\Firefox\\Authentication\\NTLM;14;\u0001;>;https://qa-avmysites.avinc.com",
            "valueName": "[Software\\Policies\\Mozilla\\Firefox\\Authentication\\NTLM",
            "value": "\u0001",
            "delete": false,
            "lgpoType": "ENFORCE_REG_SZ",
            "presentationId": "Machine:Software\\Policies\\Mozilla\\Firefox\\Authentication\\NTLM;14;\u0001;>;https://qa-avmysites.avinc.com:[Software\\Policies\\Mozilla\\Firefox\\Authentication\\NTLM"
          }
        ],
        "categoryPath": [
          "windows:Registry",
          "windef:MachineSettings"
        ],
        "hasLgpo": true
      },
      {
        "state": "enabled",
        "name": "Registry Setting - [Software\\Policies\\Mozilla\\Firefox\\Authentication\\NTLM",
        "kvps": [
          {
            "key": "Software\\Policies\\Mozilla\\Firefox\\Authentication\\NTLM;16;\u0001;>;https://Invoicemgmt.avinc.com/",
            "valueName": "[Software\\Policies\\Mozilla\\Firefox\\Authentication\\NTLM",
            "value": "\u0001",
            "delete": false,
            "lgpoType": "ENFORCE_REG_SZ",
            "presentationId": "Machine:Software\\Policies\\Mozilla\\Firefox\\Authentication\\NTLM;16;\u0001;>;https://Invoicemgmt.avinc.com/:[Software\\Policies\\Mozilla\\Firefox\\Authentication\\NTLM"
          }
        ],
        "categoryPath": [
          "windows:Registry",
          "windef:MachineSettings"
        ],
        "hasLgpo": true
      },
      {
        "state": "enabled",
        "name": "Registry Setting - [Software\\Policies\\Mozilla\\Firefox\\Authentication\\SPNEGO",
        "kvps": [
          {
            "key": "Software\\Policies\\Mozilla\\Firefox\\Authentication\\NTLM;18;\u0001;\u001c;https://DW11/",
            "valueName": "[Software\\Policies\\Mozilla\\Firefox\\Authentication\\SPNEGO",
            "value": "\u0001",
            "delete": false,
            "lgpoType": "ENFORCE_REG_SZ",
            "presentationId": "Machine:Software\\Policies\\Mozilla\\Firefox\\Authentication\\NTLM;18;\u0001;\u001c;https://DW11/:[Software\\Policies\\Mozilla\\Firefox\\Authentication\\SPNEGO"
          }
        ],
        "categoryPath": [
          "windows:Registry",
          "windef:MachineSettings"
        ],
        "hasLgpo": true
      },
      {
        "state": "enabled",
        "name": "Registry Setting - [Software\\Policies\\Mozilla\\Firefox\\Authentication\\SPNEGO",
        "kvps": [
          {
            "key": "Software\\Policies\\Mozilla\\Firefox\\Authentication\\SPNEGO;1;\u0001;@;https://avinc.kerberos.okta.com",
            "valueName": "[Software\\Policies\\Mozilla\\Firefox\\Authentication\\SPNEGO",
            "value": "\u0001",
            "delete": false,
            "lgpoType": "ENFORCE_REG_SZ",
            "presentationId": "Machine:Software\\Policies\\Mozilla\\Firefox\\Authentication\\SPNEGO;1;\u0001;@;https://avinc.kerberos.okta.com:[Software\\Policies\\Mozilla\\Firefox\\Authentication\\SPNEGO"
          }
        ],
        "categoryPath": [
          "windows:Registry",
          "windef:MachineSettings"
        ],
        "hasLgpo": true
      },
      {
        "state": "enabled",
        "name": "Registry Setting - [Software\\Policies\\Mozilla\\Firefox\\Authentication\\SPNEGO",
        "kvps": [
          {
            "key": "Software\\Policies\\Mozilla\\Firefox\\Authentication\\SPNEGO;3;\u0001;F;https://avincext.kerberos.okta.com",
            "valueName": "[Software\\Policies\\Mozilla\\Firefox\\Authentication\\SPNEGO",
            "value": "\u0001",
            "delete": false,
            "lgpoType": "ENFORCE_REG_SZ",
            "presentationId": "Machine:Software\\Policies\\Mozilla\\Firefox\\Authentication\\SPNEGO;3;\u0001;F;https://avincext.kerberos.okta.com:[Software\\Policies\\Mozilla\\Firefox\\Authentication\\SPNEGO"
          }
        ],
        "categoryPath": [
          "windows:Registry",
          "windef:MachineSettings"
        ],
        "hasLgpo": true
      },
      {
        "state": "enabled",
        "name": "Registry Setting - [Software\\Policies\\Mozilla\\Firefox\\Authentication\\SPNEGO",
        "kvps": [
          {
            "key": "Software\\Policies\\Mozilla\\Firefox\\Authentication\\SPNEGO;5;\u0001;.;https://avinc.okta.com",
            "valueName": "[Software\\Policies\\Mozilla\\Firefox\\Authentication\\SPNEGO",
            "value": "\u0001",
            "delete": false,
            "lgpoType": "ENFORCE_REG_SZ",
            "presentationId": "Machine:Software\\Policies\\Mozilla\\Firefox\\Authentication\\SPNEGO;5;\u0001;.;https://avinc.okta.com:[Software\\Policies\\Mozilla\\Firefox\\Authentication\\SPNEGO"
          }
        ],
        "categoryPath": [
          "windows:Registry",
          "windef:MachineSettings"
        ],
        "hasLgpo": true
      },
      {
        "state": "enabled",
        "name": "Registry Setting - [Software\\Policies\\Mozilla\\Firefox\\Authentication\\SPNEGO",
        "kvps": [
          {
            "key": "Software\\Policies\\Mozilla\\Firefox\\Authentication\\SPNEGO;7;\u0001;4;https://avincext.okta.com",
            "valueName": "[Software\\Policies\\Mozilla\\Firefox\\Authentication\\SPNEGO",
            "value": "\u0001",
            "delete": false,
            "lgpoType": "ENFORCE_REG_SZ",
            "presentationId": "Machine:Software\\Policies\\Mozilla\\Firefox\\Authentication\\SPNEGO;7;\u0001;4;https://avincext.okta.com:[Software\\Policies\\Mozilla\\Firefox\\Authentication\\SPNEGO"
          }
        ],
        "categoryPath": [
          "windows:Registry",
          "windef:MachineSettings"
        ],
        "hasLgpo": true
      },
      {
        "state": "enabled",
        "name": "Registry Setting - [Software\\Policies\\Mozilla\\Firefox\\Authentication\\SPNEGO",
        "kvps": [
          {
            "key": "Software\\Policies\\Mozilla\\Firefox\\Authentication\\SPNEGO;9;\u0001;Z;https://oktassodev.avpclan.aerovironment.com",
            "valueName": "[Software\\Policies\\Mozilla\\Firefox\\Authentication\\SPNEGO",
            "value": "\u0001",
            "delete": false,
            "lgpoType": "ENFORCE_REG_SZ",
            "presentationId": "Machine:Software\\Policies\\Mozilla\\Firefox\\Authentication\\SPNEGO;9;\u0001;Z;https://oktassodev.avpclan.aerovironment.com:[Software\\Policies\\Mozilla\\Firefox\\Authentication\\SPNEGO"
          }
        ],
        "categoryPath": [
          "windows:Registry",
          "windef:MachineSettings"
        ],
        "hasLgpo": true
      },
      {
        "state": "enabled",
        "name": "Registry Setting - [Software\\Policies\\Mozilla\\Firefox\\Authentication\\SPNEGO",
        "kvps": [
          {
            "key": "Software\\Policies\\Mozilla\\Firefox\\Authentication\\SPNEGO;11;\u0001;Z;https://oagssoad02.avpclan.aerovironment.com",
            "valueName": "[Software\\Policies\\Mozilla\\Firefox\\Authentication\\SPNEGO",
            "value": "\u0001",
            "delete": false,
            "lgpoType": "ENFORCE_REG_SZ",
            "presentationId": "Machine:Software\\Policies\\Mozilla\\Firefox\\Authentication\\SPNEGO;11;\u0001;Z;https://oagssoad02.avpclan.aerovironment.com:[Software\\Policies\\Mozilla\\Firefox\\Authentication\\SPNEGO"
          }
        ],
        "categoryPath": [
          "windows:Registry",
          "windef:MachineSettings"
        ],
        "hasLgpo": true
      },
      {
        "state": "enabled",
        "name": "Registry Setting - [Software\\Policies\\Mozilla\\Firefox\\Authentication\\SPNEGO",
        "kvps": [
          {
            "key": "Software\\Policies\\Mozilla\\Firefox\\Authentication\\SPNEGO;13;\u0001;>;https://Invoicemgmt.avinc.com/",
            "valueName": "[Software\\Policies\\Mozilla\\Firefox\\Authentication\\SPNEGO",
            "value": "\u0001",
            "delete": false,
            "lgpoType": "ENFORCE_REG_SZ",
            "presentationId": "Machine:Software\\Policies\\Mozilla\\Firefox\\Authentication\\SPNEGO;13;\u0001;>;https://Invoicemgmt.avinc.com/:[Software\\Policies\\Mozilla\\Firefox\\Authentication\\SPNEGO"
          }
        ],
        "categoryPath": [
          "windows:Registry",
          "windef:MachineSettings"
        ],
        "hasLgpo": true
      },
      {
        "state": "enabled",
        "name": "Registry Setting - [Software\\Policies\\Mozilla\\Firefox\\Authentication\\SPNEGO",
        "kvps": [
          {
            "key": "Software\\Policies\\Mozilla\\Firefox\\Authentication\\SPNEGO;15;\u0001;B;https://qa-invoicemgmt.avinc.com",
            "valueName": "[Software\\Policies\\Mozilla\\Firefox\\Authentication\\SPNEGO",
            "value": "\u0001",
            "delete": false,
            "lgpoType": "ENFORCE_REG_SZ",
            "presentationId": "Machine:Software\\Policies\\Mozilla\\Firefox\\Authentication\\SPNEGO;15;\u0001;B;https://qa-invoicemgmt.avinc.com:[Software\\Policies\\Mozilla\\Firefox\\Authentication\\SPNEGO"
          }
        ],
        "categoryPath": [
          "windows:Registry",
          "windef:MachineSettings"
        ],
        "hasLgpo": true
      },
      {
        "state": "enabled",
        "name": "Registry Setting - [Software\\Policies\\Mozilla\\Firefox\\Authentication\\SPNEGO",
        "kvps": [
          {
            "key": "Software\\Policies\\Mozilla\\Firefox\\Authentication\\SPNEGO;17;\u0001;\u001c;https://DW04/",
            "valueName": "[Software\\Policies\\Mozilla\\Firefox\\Authentication\\SPNEGO",
            "value": "\u0001",
            "delete": false,
            "lgpoType": "ENFORCE_REG_SZ",
            "presentationId": "Machine:Software\\Policies\\Mozilla\\Firefox\\Authentication\\SPNEGO;17;\u0001;\u001c;https://DW04/:[Software\\Policies\\Mozilla\\Firefox\\Authentication\\SPNEGO"
          }
        ],
        "categoryPath": [
          "windows:Registry",
          "windef:MachineSettings"
        ],
        "hasLgpo": true
      },
      {
        "state": "enabled",
        "name": "Registry Setting - [Software\\Policies\\Microsoft\\Edge\\CookiesAllowedForUrls",
        "kvps": [
          {
            "key": "Software\\Policies\\Microsoft\\Edge;AuthServerAllowlist;\u0001;�\u0001;avinc.kerberos.okta.com,avinc.okta.com,aerovironment.kerberos.oktapreview.com,aerovironment.oktapreview.com,avincext.kerberos.okta.com,avincext.okta.com,avincpreview.oktapreview.com,avincpreview.com,msreports*,msreportsdev*,*aerovironment.com,*avinc.com",
            "valueName": "[Software\\Policies\\Microsoft\\Edge\\CookiesAllowedForUrls",
            "value": "\u0001",
            "delete": false,
            "lgpoType": "ENFORCE_REG_SZ",
            "presentationId": "User:Software\\Policies\\Microsoft\\Edge;AuthServerAllowlist;\u0001;�\u0001;avinc.kerberos.okta.com,avinc.okta.com,aerovironment.kerberos.oktapreview.com,aerovironment.oktapreview.com,avincext.kerberos.okta.com,avincext.okta.com,avincpreview.oktapreview.com,avincpreview.com,msreports*,msreportsdev*,*aerovironment.com,*avinc.com:[Software\\Policies\\Microsoft\\Edge\\CookiesAllowedForUrls"
          }
        ],
        "categoryPath": [
          "windows:Registry",
          "windef:UserSettings"
        ],
        "hasLgpo": true
      },
      {
        "state": "enabled",
        "name": "Registry Setting - [Software\\Policies\\Microsoft\\Edge\\CookiesAllowedForUrls",
        "kvps": [
          {
            "key": "Software\\Policies\\Microsoft\\Edge\\CookiesAllowedForUrls;1;\u0001;0;avinc.kerberos.okta.com",
            "valueName": "[Software\\Policies\\Microsoft\\Edge\\CookiesAllowedForUrls",
            "value": "\u0001",
            "delete": false,
            "lgpoType": "ENFORCE_REG_SZ",
            "presentationId": "User:Software\\Policies\\Microsoft\\Edge\\CookiesAllowedForUrls;1;\u0001;0;avinc.kerberos.okta.com:[Software\\Policies\\Microsoft\\Edge\\CookiesAllowedForUrls"
          }
        ],
        "categoryPath": [
          "windows:Registry",
          "windef:UserSettings"
        ],
        "hasLgpo": true
      },
      {
        "state": "enabled",
        "name": "Registry Setting - [Software\\Policies\\Microsoft\\Edge\\CookiesAllowedForUrls",
        "kvps": [
          {
            "key": "Software\\Policies\\Microsoft\\Edge\\CookiesAllowedForUrls;3;\u0001;N;aerovironment.kerberos.oktapreview.com",
            "valueName": "[Software\\Policies\\Microsoft\\Edge\\CookiesAllowedForUrls",
            "value": "\u0001",
            "delete": false,
            "lgpoType": "ENFORCE_REG_SZ",
            "presentationId": "User:Software\\Policies\\Microsoft\\Edge\\CookiesAllowedForUrls;3;\u0001;N;aerovironment.kerberos.oktapreview.com:[Software\\Policies\\Microsoft\\Edge\\CookiesAllowedForUrls"
          }
        ],
        "categoryPath": [
          "windows:Registry",
          "windef:UserSettings"
        ],
        "hasLgpo": true
      },
      {
        "state": "enabled",
        "name": "Registry Setting - [Software\\Policies\\Microsoft\\Edge\\CookiesAllowedForUrls",
        "kvps": [
          {
            "key": "Software\\Policies\\Microsoft\\Edge\\CookiesAllowedForUrls;5;\u0001;6;avincext.kerberos.okta.com",
            "valueName": "[Software\\Policies\\Microsoft\\Edge\\CookiesAllowedForUrls",
            "value": "\u0001",
            "delete": false,
            "lgpoType": "ENFORCE_REG_SZ",
            "presentationId": "User:Software\\Policies\\Microsoft\\Edge\\CookiesAllowedForUrls;5;\u0001;6;avincext.kerberos.okta.com:[Software\\Policies\\Microsoft\\Edge\\CookiesAllowedForUrls"
          }
        ],
        "categoryPath": [
          "windows:Registry",
          "windef:UserSettings"
        ],
        "hasLgpo": true
      },
      {
        "state": "enabled",
        "name": "Registry Setting - [Software\\Policies\\Microsoft\\Edge\\CookiesAllowedForUrls",
        "kvps": [
          {
            "key": "Software\\Policies\\Microsoft\\Edge\\CookiesAllowedForUrls;7;\u0001;:;avincpreview.oktapreview.com",
            "valueName": "[Software\\Policies\\Microsoft\\Edge\\CookiesAllowedForUrls",
            "value": "\u0001",
            "delete": false,
            "lgpoType": "ENFORCE_REG_SZ",
            "presentationId": "User:Software\\Policies\\Microsoft\\Edge\\CookiesAllowedForUrls;7;\u0001;:;avincpreview.oktapreview.com:[Software\\Policies\\Microsoft\\Edge\\CookiesAllowedForUrls"
          }
        ],
        "categoryPath": [
          "windows:Registry",
          "windef:UserSettings"
        ],
        "hasLgpo": true
      },
      {
        "state": "enabled",
        "name": "Registry Setting - [Software\\Policies\\Microsoft\\Edge\\CookiesAllowedForUrls",
        "kvps": [
          {
            "key": "Software\\Policies\\Microsoft\\Edge\\CookiesAllowedForUrls;9;\u0001;\u0016;msreports*",
            "valueName": "[Software\\Policies\\Microsoft\\Edge\\CookiesAllowedForUrls",
            "value": "\u0001",
            "delete": false,
            "lgpoType": "ENFORCE_REG_SZ",
            "presentationId": "User:Software\\Policies\\Microsoft\\Edge\\CookiesAllowedForUrls;9;\u0001;\u0016;msreports*:[Software\\Policies\\Microsoft\\Edge\\CookiesAllowedForUrls"
          }
        ],
        "categoryPath": [
          "windows:Registry",
          "windef:UserSettings"
        ],
        "hasLgpo": true
      },
      {
        "state": "enabled",
        "name": "Registry Setting - [Software\\Policies\\Microsoft\\Edge\\CookiesAllowedForUrls",
        "kvps": [
          {
            "key": "Software\\Policies\\Microsoft\\Edge\\CookiesAllowedForUrls;11;\u0001;&;*aerovironment.com",
            "valueName": "[Software\\Policies\\Microsoft\\Edge\\CookiesAllowedForUrls",
            "value": "\u0001",
            "delete": false,
            "lgpoType": "ENFORCE_REG_SZ",
            "presentationId": "User:Software\\Policies\\Microsoft\\Edge\\CookiesAllowedForUrls;11;\u0001;&;*aerovironment.com:[Software\\Policies\\Microsoft\\Edge\\CookiesAllowedForUrls"
          }
        ],
        "categoryPath": [
          "windows:Registry",
          "windef:UserSettings"
        ],
        "hasLgpo": true
      }
    ],
    "useManagedDefinitions": false
  },
  "isTemplate": false,
  "priorityPool": 3,
  "type": {
    "id": 0,
    "name": "admxMachine",
    "initialContentSetName": "Enforce Windows",
    "policyTypeContentSetName": "Enforce Windows Machine Administrative Templates",
    "operatingSystem": "Windows",
    "policyClass": "machine",
    "endpointType": "cx",
    "readPrivilege": "enforce policy read",
    "writePrivilege": "enforce policy write",
    "contentSetId": 105,
    "policyTypeContentSetId": 276
  },
  "hasEnforcements": false,
  "taniumUsername": null,
  "taniumUpdatedUsername": null,
  "policySource": "standard"
}