{
  "id": null,
  "created_at": null,
  "updated_at": null,
  "deletedAt": null,
  "taniumUserId": null,
  "updatedByTaniumUserId": null,
  "changeType": "created",
  "contentSetId": 105,
  "name": "AV-Computer-Config Screen Saver 15 min",
  "description": "Converted from GPO: AV-Computer-Config Screen Saver 15 min ({287B1FB0-3591-42BF-983E-4AF3216B0941})",
  "version": 1,
  "priority": 7,
  "typeId": 0,
  "data": {
    "policyItems": [
      {
        "state": "enabled",
        "name": "Enable screen saver",
        "kvps": [
          {
            "key": "Software\\Policies\\Microsoft\\Windows\\ControlPanel",
            "valueName": "screensaver",
            "value": 1,
            "delete": false,
            "lgpoType": "ENFORCE_REG_DWORD",
            "presentationId": "windows:controlpanel/windef:personalization:screensaver"
          }
        ],
        "categoryPath": [
          "windows:ControlPanel",
          "windef:Personalization"
        ],
        "hasLgpo": true
      },
      {
        "state": "enabled",
        "name": "Password protect the screen saver",
        "kvps": [
          {
            "key": "Software\\Policies\\Microsoft\\Windows\\ControlPanel",
            "valueName": "Passwordprotectthescreensaver",
            "value": 1,
            "delete": false,
            "lgpoType": "ENFORCE_REG_DWORD",
            "presentationId": "windows:controlpanel/windef:personalization:controlpanel"
          }
        ],
        "categoryPath": [
          "windows:ControlPanel",
          "windef:Personalization"
        ],
        "hasLgpo": true
      },
      {
        "state": "enabled",
        "name": "Screen saver timeout",
        "kvps": [
          {
            "key": "Software\\Policies\\Microsoft\\Windows\\ControlPanel",
            "valueName": "Screensavertimeout",
            "value": 1,
            "delete": false,
            "lgpoType": "ENFORCE_REG_DWORD",
            "presentationId": "windows:controlpanel/windef:personalization:controlpanel"
          }
        ],
        "categoryPath": [
          "windows:ControlPanel",
          "windef:Personalization"
        ],
        "hasLgpo": true
      },
      {
        "state": "enabled",
        "name": "Control Panel Desktop",
        "kvps": [
          {
            "key": "Software\\Policies\\Microsoft\\Windows\\Control Panel\\Desktop",
            "valueName": "Enabled",
            "value": "\u0001",
            "delete": false,
            "lgpoType": "ENFORCE_REG_SZ",
            "presentationId": "windows:registry/windef:usersettings:desktop"
          }
        ],
        "categoryPath": [
          "windows:Registry",
          "windef:UserSettings",
          "Control Panel"
        ],
        "hasLgpo": true
      }
    ],
    "useManagedDefinitions": false
  },
  "isTemplate": false,
  "priorityPool": 3,
  "type": {
    "id": 0,
    "name": "admxMachine",
    "initialContentSetName": "Enforce Windows",
    "policyTypeContentSetName": "Enforce Windows Machine Administrative Templates",
    "operatingSystem": "Windows",
    "policyClass": "machine",
    "endpointType": "cx",
    "readPrivilege": "enforce policy read",
    "writePrivilege": "enforce policy write",
    "contentSetId": 105,
    "policyTypeContentSetId": 276
  },
  "hasEnforcements": false,
  "taniumUsername": null,
  "taniumUpdatedUsername": null,
  "policySource": "standard"
}