{
  "id": null,
  "created_at": null,
  "updated_at": null,
  "deletedAt": null,
  "taniumUserId": null,
  "updatedByTaniumUserId": null,
  "changeType": "created",
  "contentSetId": 105,
  "name": "AV-Computer-Config Autoenroll Client Certificates",
  "description": "Converted from GPO: AV-Computer-Config Autoenroll Client Certificates ([object Object])",
  "version": 1,
  "priority": 7,
  "typeId": 0,
  "data": {
    "policyItems": [
      {
        "state": "enabled",
        "name": "Cryptography AutoEnrollment",
        "kvps": [
          {
            "key": "Software\\Policies\\Microsoft\\Cryptography\\AutoEnrollment",
            "valueName": "Enabled",
            "value": "\u0004",
            "delete": false,
            "lgpoType": "ENFORCE_REG_SZ",
            "presentationId": "windows:registry/windef:machinesettings:autoenrollment"
          }
        ],
        "categoryPath": [
          "windows:Registry",
          "windef:MachineSettings",
          "Cryptography"
        ],
        "hasLgpo": true
      },
      {
        "state": "enabled",
        "name": "ACRS Certificates",
        "kvps": [
          {
            "key": "Software\\Policies\\Microsoft\\Cryptography\\AutoEnrollment",
            "valueName": "Certificates",
            "value": "",
            "delete": false,
            "lgpoType": "ENFORCE_REG_SZ",
            "presentationId": "windows:registry/windef:machinesettings:autoenrollment"
          }
        ],
        "categoryPath": [
          "windows:Registry",
          "windef:MachineSettings",
          "Cryptography"
        ],
        "hasLgpo": true
      },
      {
        "state": "enabled",
        "name": "ACRS CTLs",
        "kvps": [
          {
            "key": "Software\\Policies\\Microsoft\\SystemCertificates\\ACRS\\CTLs",
            "valueName": "Enabled",
            "value": 1,
            "delete": false,
            "lgpoType": "ENFORCE_REG_DWORD",
            "presentationId": "windows:registry/windef:usersettings:acrs:ctls"
          }
        ],
        "categoryPath": [
          "windows:Registry",
          "windef:MachineSettings",
          "ACRS"
        ],
        "hasLgpo": true
      },
      {
        "state": "enabled",
        "name": "CA CRLs",
        "kvps": [
          {
            "key": "Software\\Policies\\Microsoft\\SystemCertificates\\CA\\CRLs",
            "valueName": "Enabled",
            "value": 1,
            "delete": false,
            "lgpoType": "ENFORCE_REG_DWORD",
            "presentationId": "windows:registry/windef:usersettings:ca:crls"
          }
        ],
        "categoryPath": [
          "windows:Registry",
          "windef:MachineSettings",
          "CA"
        ],
        "hasLgpo": true
      },
      {
        "state": "enabled",
        "name": "Disallowed Certificates",
        "kvps": [
          {
            "key": "Software\\Policies\\Microsoft\\SystemCertificates\\Disallowed\\Certificates",
            "valueName": "Enabled",
            "value": 1,
            "delete": false,
            "lgpoType": "ENFORCE_REG_DWORD",
            "presentationId": "windows:registry/windef:usersettings:disallowed:certificates"
          }
        ],
        "categoryPath": [
          "windows:Registry",
          "windef:MachineSettings",
          "Disallowed"
        ],
        "hasLgpo": true
      },
      {
        "state": "enabled",
        "name": "Disallowed CTLs",
        "kvps": [
          {
            "key": "Software\\Policies\\Microsoft\\SystemCertificates\\Disallowed\\CTLs",
            "valueName": "Enabled",
            "value": 1,
            "delete": false,
            "lgpoType": "ENFORCE_REG_DWORD",
            "presentationId": "windows:registry/windef:usersettings:disallowed:ctls"
          }
        ],
        "categoryPath": [
          "windows:Registry",
          "windef:MachineSettings",
          "Disallowed"
        ],
        "hasLgpo": true
      },
      {
        "state": "enabled",
        "name": "DPNGRA CRLs",
        "kvps": [
          {
            "key": "Software\\Policies\\Microsoft\\SystemCertificates\\DPNGRA\\CRLs",
            "valueName": "Enabled",
            "value": 1,
            "delete": false,
            "lgpoType": "ENFORCE_REG_DWORD",
            "presentationId": "windows:registry/windef:usersettings:dpngra:crls"
          }
        ],
        "categoryPath": [
          "windows:Registry",
          "windef:MachineSettings",
          "DPNGRA"
        ],
        "hasLgpo": true
      },
      {
        "state": "enabled",
        "name": "FVE Certificates",
        "kvps": [
          {
            "key": "Software\\Policies\\Microsoft\\SystemCertificates\\DPNGRA\\Certificates",
            "valueName": "Enabled",
            "value": 1,
            "delete": false,
            "lgpoType": "ENFORCE_REG_DWORD",
            "presentationId": "windows:registry/windef:usersettings:dpngra:certificates"
          }
        ],
        "categoryPath": [
          "windows:Registry",
          "windef:MachineSettings",
          "DPNGRA"
        ],
        "hasLgpo": true
      },
      {
        "state": "enabled",
        "name": "FVE CTLs",
        "kvps": [
          {
            "key": "Software\\Policies\\Microsoft\\SystemCertificates\\FVE\\CTLs",
            "valueName": "Enabled",
            "value": 1,
            "delete": false,
            "lgpoType": "ENFORCE_REG_DWORD",
            "presentationId": "windows:registry/windef:usersettings:fve:ctls"
          }
        ],
        "categoryPath": [
          "windows:Registry",
          "windef:MachineSettings",
          "FVE"
        ],
        "hasLgpo": true
      },
      {
        "state": "enabled",
        "name": "FVE_NKP CRLs",
        "kvps": [
          {
            "key": "Software\\Policies\\Microsoft\\SystemCertificates\\FVE_NKP\\CRLs",
            "valueName": "Enabled",
            "value": 1,
            "delete": false,
            "lgpoType": "ENFORCE_REG_DWORD",
            "presentationId": "windows:registry/windef:usersettings:fve_nkp:crls"
          }
        ],
        "categoryPath": [
          "windows:Registry",
          "windef:MachineSettings",
          "FVE_NKP"
        ],
        "hasLgpo": true
      },
      {
        "state": "enabled",
        "name": "Root Certificates",
        "kvps": [
          {
            "key": "Software\\Policies\\Microsoft\\SystemCertificates\\FVE_NKP\\Certificates",
            "valueName": "Enabled",
            "value": 1,
            "delete": false,
            "lgpoType": "ENFORCE_REG_DWORD",
            "presentationId": "windows:registry/windef:usersettings:fve_nkp:certificates"
          }
        ],
        "categoryPath": [
          "windows:Registry",
          "windef:MachineSettings",
          "FVE_NKP"
        ],
        "hasLgpo": true
      },
      {
        "state": "enabled",
        "name": "Root CTLs",
        "kvps": [
          {
            "key": "Software\\Policies\\Microsoft\\SystemCertificates\\Root\\CTLs",
            "valueName": "Enabled",
            "value": 1,
            "delete": false,
            "lgpoType": "ENFORCE_REG_DWORD",
            "presentationId": "windows:registry/windef:usersettings:root:ctls"
          }
        ],
        "categoryPath": [
          "windows:Registry",
          "windef:MachineSettings",
          "Root"
        ],
        "hasLgpo": true
      },
      {
        "state": "enabled",
        "name": "Trust CRLs",
        "kvps": [
          {
            "key": "Software\\Policies\\Microsoft\\SystemCertificates\\Trust\\CRLs",
            "valueName": "Enabled",
            "value": 1,
            "delete": false,
            "lgpoType": "ENFORCE_REG_DWORD",
            "presentationId": "windows:registry/windef:usersettings:trust:crls"
          }
        ],
        "categoryPath": [
          "windows:Registry",
          "windef:MachineSettings",
          "Trust"
        ],
        "hasLgpo": true
      },
      {
        "state": "enabled",
        "name": "TrustedPeople Certificates",
        "kvps": [
          {
            "key": "Software\\Policies\\Microsoft\\SystemCertificates\\Trust\\Certificates",
            "valueName": "Enabled",
            "value": 1,
            "delete": false,
            "lgpoType": "ENFORCE_REG_DWORD",
            "presentationId": "windows:registry/windef:usersettings:trust:certificates"
          }
        ],
        "categoryPath": [
          "windows:Registry",
          "windef:MachineSettings",
          "Trust"
        ],
        "hasLgpo": true
      },
      {
        "state": "enabled",
        "name": "TrustedPeople CTLs",
        "kvps": [
          {
            "key": "Software\\Policies\\Microsoft\\SystemCertificates\\TrustedPeople\\CTLs",
            "valueName": "Enabled",
            "value": 1,
            "delete": false,
            "lgpoType": "ENFORCE_REG_DWORD",
            "presentationId": "windows:registry/windef:usersettings:trustedpeople:ctls"
          }
        ],
        "categoryPath": [
          "windows:Registry",
          "windef:MachineSettings",
          "TrustedPeople"
        ],
        "hasLgpo": true
      },
      {
        "state": "enabled",
        "name": "TrustedPublisher CRLs",
        "kvps": [
          {
            "key": "Software\\Policies\\Microsoft\\SystemCertificates\\TrustedPublisher\\CRLs",
            "valueName": "Enabled",
            "value": 1,
            "delete": false,
            "lgpoType": "ENFORCE_REG_DWORD",
            "presentationId": "windows:registry/windef:usersettings:trustedpublisher:crls"
          }
        ],
        "categoryPath": [
          "windows:Registry",
          "windef:MachineSettings",
          "TrustedPublisher"
        ],
        "hasLgpo": true
      },
      {
        "state": "enabled",
        "name": "Trust CTLs",
        "kvps": [
          {
            "key": "Software\\Policies\\Microsoft\\SystemCertificates\\Trust\\CTLs",
            "valueName": "Enabled",
            "value": 1,
            "delete": false,
            "lgpoType": "ENFORCE_REG_DWORD",
            "presentationId": "windows:registry/windef:usersettings:trust:ctls"
          }
        ],
        "categoryPath": [
          "windows:Registry",
          "windef:UserSettings",
          "Trust"
        ],
        "hasLgpo": true
      },
      {
        "state": "enabled",
        "name": "TrustedPeople CRLs",
        "kvps": [
          {
            "key": "Software\\Policies\\Microsoft\\SystemCertificates\\TrustedPeople\\CRLs",
            "valueName": "Enabled",
            "value": 1,
            "delete": false,
            "lgpoType": "ENFORCE_REG_DWORD",
            "presentationId": "windows:registry/windef:usersettings:trustedpeople:crls"
          }
        ],
        "categoryPath": [
          "windows:Registry",
          "windef:UserSettings",
          "TrustedPeople"
        ],
        "hasLgpo": true
      },
      {
        "state": "enabled",
        "name": "ACRS Certificates",
        "kvps": [
          {
            "key": "Software\\Policies\\Microsoft\\SystemCertificates\\ACRS\\Certificates",
            "valueName": "Enabled",
            "value": 1,
            "delete": false,
            "lgpoType": "ENFORCE_REG_DWORD",
            "presentationId": "windows:registry/windef:usersettings:acrs:certificates"
          }
        ],
        "categoryPath": [
          "windows:Registry",
          "windef:UserSettings",
          "ACRS"
        ],
        "hasLgpo": true
      },
      {
        "state": "enabled",
        "name": "ACRS CRLs",
        "kvps": [
          {
            "key": "Software\\Policies\\Microsoft\\SystemCertificates\\ACRS\\CRLs",
            "valueName": "Enabled",
            "value": 1,
            "delete": false,
            "lgpoType": "ENFORCE_REG_DWORD",
            "presentationId": "windows:registry/windef:usersettings:acrs:crls"
          }
        ],
        "categoryPath": [
          "windows:Registry",
          "windef:UserSettings",
          "ACRS"
        ],
        "hasLgpo": true
      },
      {
        "state": "enabled",
        "name": "CA Certificates",
        "kvps": [
          {
            "key": "Software\\Policies\\Microsoft\\SystemCertificates\\CA\\Certificates",
            "valueName": "Enabled",
            "value": 1,
            "delete": false,
            "lgpoType": "ENFORCE_REG_DWORD",
            "presentationId": "windows:registry/windef:usersettings:ca:certificates"
          }
        ],
        "categoryPath": [
          "windows:Registry",
          "windef:UserSettings",
          "CA"
        ],
        "hasLgpo": true
      },
      {
        "state": "enabled",
        "name": "CA CTLs",
        "kvps": [
          {
            "key": "Software\\Policies\\Microsoft\\SystemCertificates\\CA\\CTLs",
            "valueName": "Enabled",
            "value": 1,
            "delete": false,
            "lgpoType": "ENFORCE_REG_DWORD",
            "presentationId": "windows:registry/windef:usersettings:ca:ctls"
          }
        ],
        "categoryPath": [
          "windows:Registry",
          "windef:UserSettings",
          "CA"
        ],
        "hasLgpo": true
      },
      {
        "state": "enabled",
        "name": "Disallowed CRLs",
        "kvps": [
          {
            "key": "Software\\Policies\\Microsoft\\SystemCertificates\\Disallowed\\CRLs",
            "valueName": "Enabled",
            "value": 1,
            "delete": false,
            "lgpoType": "ENFORCE_REG_DWORD",
            "presentationId": "windows:registry/windef:usersettings:disallowed:crls"
          }
        ],
        "categoryPath": [
          "windows:Registry",
          "windef:UserSettings",
          "Disallowed"
        ],
        "hasLgpo": true
      },
      {
        "state": "enabled",
        "name": "DPNGRA CTLs",
        "kvps": [
          {
            "key": "Software\\Policies\\Microsoft\\SystemCertificates\\DPNGRA\\CTLs",
            "valueName": "Enabled",
            "value": 1,
            "delete": false,
            "lgpoType": "ENFORCE_REG_DWORD",
            "presentationId": "windows:registry/windef:usersettings:dpngra:ctls"
          }
        ],
        "categoryPath": [
          "windows:Registry",
          "windef:UserSettings",
          "DPNGRA"
        ],
        "hasLgpo": true
      },
      {
        "state": "enabled",
        "name": "FVE Certificates",
        "kvps": [
          {
            "key": "Software\\Policies\\Microsoft\\SystemCertificates\\FVE\\Certificates",
            "valueName": "Enabled",
            "value": 1,
            "delete": false,
            "lgpoType": "ENFORCE_REG_DWORD",
            "presentationId": "windows:registry/windef:usersettings:fve:certificates"
          }
        ],
        "categoryPath": [
          "windows:Registry",
          "windef:UserSettings",
          "FVE"
        ],
        "hasLgpo": true
      },
      {
        "state": "enabled",
        "name": "FVE CRLs",
        "kvps": [
          {
            "key": "Software\\Policies\\Microsoft\\SystemCertificates\\FVE\\CRLs",
            "valueName": "Enabled",
            "value": 1,
            "delete": false,
            "lgpoType": "ENFORCE_REG_DWORD",
            "presentationId": "windows:registry/windef:usersettings:fve:crls"
          }
        ],
        "categoryPath": [
          "windows:Registry",
          "windef:UserSettings",
          "FVE"
        ],
        "hasLgpo": true
      },
      {
        "state": "enabled",
        "name": "FVE_NKP CTLs",
        "kvps": [
          {
            "key": "Software\\Policies\\Microsoft\\SystemCertificates\\FVE_NKP\\CTLs",
            "valueName": "Enabled",
            "value": 1,
            "delete": false,
            "lgpoType": "ENFORCE_REG_DWORD",
            "presentationId": "windows:registry/windef:usersettings:fve_nkp:ctls"
          }
        ],
        "categoryPath": [
          "windows:Registry",
          "windef:UserSettings",
          "FVE_NKP"
        ],
        "hasLgpo": true
      },
      {
        "state": "enabled",
        "name": "Root Certificates",
        "kvps": [
          {
            "key": "Software\\Policies\\Microsoft\\SystemCertificates\\Root\\Certificates",
            "valueName": "Enabled",
            "value": 1,
            "delete": false,
            "lgpoType": "ENFORCE_REG_DWORD",
            "presentationId": "windows:registry/windef:usersettings:root:certificates"
          }
        ],
        "categoryPath": [
          "windows:Registry",
          "windef:UserSettings",
          "Root"
        ],
        "hasLgpo": true
      },
      {
        "state": "enabled",
        "name": "Root CRLs",
        "kvps": [
          {
            "key": "Software\\Policies\\Microsoft\\SystemCertificates\\Root\\CRLs",
            "valueName": "Enabled",
            "value": 1,
            "delete": false,
            "lgpoType": "ENFORCE_REG_DWORD",
            "presentationId": "windows:registry/windef:usersettings:root:crls"
          }
        ],
        "categoryPath": [
          "windows:Registry",
          "windef:UserSettings",
          "Root"
        ],
        "hasLgpo": true
      },
      {
        "state": "enabled",
        "name": "TrustedPeople Certificates",
        "kvps": [
          {
            "key": "Software\\Policies\\Microsoft\\SystemCertificates\\TrustedPeople\\Certificates",
            "valueName": "Enabled",
            "value": 1,
            "delete": false,
            "lgpoType": "ENFORCE_REG_DWORD",
            "presentationId": "windows:registry/windef:usersettings:trustedpeople:certificates"
          }
        ],
        "categoryPath": [
          "windows:Registry",
          "windef:UserSettings",
          "TrustedPeople"
        ],
        "hasLgpo": true
      },
      {
        "state": "enabled",
        "name": "TrustedPublisher Certificates",
        "kvps": [
          {
            "key": "Software\\Policies\\Microsoft\\SystemCertificates\\TrustedPublisher\\Certificates",
            "valueName": "Enabled",
            "value": 1,
            "delete": false,
            "lgpoType": "ENFORCE_REG_DWORD",
            "presentationId": "windows:registry/windef:usersettings:trustedpublisher:certificates"
          }
        ],
        "categoryPath": [
          "windows:Registry",
          "windef:UserSettings",
          "TrustedPublisher"
        ],
        "hasLgpo": true
      },
      {
        "state": "enabled",
        "name": "TrustedPublisher CTLs",
        "kvps": [
          {
            "key": "Software\\Policies\\Microsoft\\SystemCertificates\\TrustedPublisher\\CTLs",
            "valueName": "Enabled",
            "value": 1,
            "delete": false,
            "lgpoType": "ENFORCE_REG_DWORD",
            "presentationId": "windows:registry/windef:usersettings:trustedpublisher:ctls"
          }
        ],
        "categoryPath": [
          "windows:Registry",
          "windef:UserSettings",
          "TrustedPublisher"
        ],
        "hasLgpo": true
      }
    ],
    "useManagedDefinitions": false
  },
  "isTemplate": false,
  "priorityPool": 3,
  "type": {
    "id": 0,
    "name": "admxMachine",
    "initialContentSetName": "Enforce Windows",
    "policyTypeContentSetName": "Enforce Windows Machine Administrative Templates",
    "operatingSystem": "Windows",
    "policyClass": "machine",
    "endpointType": "cx",
    "readPrivilege": "enforce policy read",
    "writePrivilege": "enforce policy write",
    "contentSetId": 105,
    "policyTypeContentSetId": 276
  },
  "hasEnforcements": false,
  "taniumUsername": null,
  "taniumUpdatedUsername": null,
  "policySource": "standard"
}