{
  "id": null,
  "created_at": null,
  "updated_at": null,
  "deletedAt": null,
  "taniumUserId": null,
  "updatedByTaniumUserId": null,
  "changeType": "created",
  "contentSetId": 105,
  "name": "AV-Computer-Config Win11 Power Settings",
  "description": "Converted from GPO: AV-Computer-Config Win11 Power Settings ([object Object])",
  "version": 1,
  "priority": 7,
  "typeId": 0,
  "data": {
    "policyItems": [
      {
        "state": "enabled",
        "name": "Allow network connectivity during connected-standby (on battery)",
        "kvps": [
          {
            "key": "Software\\Policies\\Microsoft\\Windows\\System",
            "valueName": "Allownetworkconnectivityduringconnectedstandbyonbattery",
            "value": "1",
            "delete": false,
            "lgpoType": "ENFORCE_REG_DWORD",
            "presentationId": "windows:System/windef:PowerManagement/windef:SleepSettings:root"
          }
        ],
        "categoryPath": [
          "windows:System",
          "windef:PowerManagement",
          "windef:SleepSettings"
        ],
        "hasLgpo": true
      },
      {
        "state": "enabled",
        "name": "Allow network connectivity during connected-standby (plugged in)",
        "kvps": [
          {
            "key": "Software\\Policies\\Microsoft\\Windows\\System",
            "valueName": "Allownetworkconnectivityduringconnectedstandbypluggedin",
            "value": "1",
            "delete": false,
            "lgpoType": "ENFORCE_REG_DWORD",
            "presentationId": "windows:System/windef:PowerManagement/windef:SleepSettings:root"
          }
        ],
        "categoryPath": [
          "windows:System",
          "windef:PowerManagement",
          "windef:SleepSettings"
        ],
        "hasLgpo": true
      },
      {
        "state": "enabled",
        "name": "Registry Setting - [Software\\Policies\\Microsoft\\Power\\PowerSettings\\f15576e8-98b7-4186-b944-eafa664402d9",
        "kvps": [
          {
            "key": "Software\\Policies\\Microsoft\\Power\\PowerSettings\\f15576e8-98b7-4186-b944-eafa664402d9;DCSettingIndex;\u0004;\u0004;\u0001",
            "valueName": "[Software\\Policies\\Microsoft\\Power\\PowerSettings\\f15576e8-98b7-4186-b944-eafa664402d9",
            "value": "\u0004",
            "delete": false,
            "lgpoType": "ENFORCE_REG_SZ",
            "presentationId": "Machine:Software\\Policies\\Microsoft\\Power\\PowerSettings\\f15576e8-98b7-4186-b944-eafa664402d9;DCSettingIndex;\u0004;\u0004;\u0001:[Software\\Policies\\Microsoft\\Power\\PowerSettings\\f15576e8-98b7-4186-b944-eafa664402d9"
          }
        ],
        "categoryPath": [
          "windows:Registry",
          "windef:MachineSettings"
        ],
        "hasLgpo": true
      }
    ],
    "useManagedDefinitions": false
  },
  "isTemplate": false,
  "priorityPool": 3,
  "type": {
    "id": 0,
    "name": "admxMachine",
    "initialContentSetName": "Enforce Windows",
    "policyTypeContentSetName": "Enforce Windows Machine Administrative Templates",
    "operatingSystem": "Windows",
    "policyClass": "machine",
    "endpointType": "cx",
    "readPrivilege": "enforce policy read",
    "writePrivilege": "enforce policy write",
    "contentSetId": 105,
    "policyTypeContentSetId": 276
  },
  "hasEnforcements": false,
  "taniumUsername": null,
  "taniumUpdatedUsername": null,
  "policySource": "standard"
}