{
  "id": null,
  "created_at": null,
  "updated_at": null,
  "deletedAt": null,
  "taniumUserId": null,
  "updatedByTaniumUserId": null,
  "changeType": "created",
  "contentSetId": 105,
  "name": "AV-Computer-Config Autoenroll Client Certificates",
  "description": "Converted from GPO: AV-Computer-Config Autoenroll Client Certificates ([object Object])",
  "version": 1,
  "priority": 7,
  "typeId": 0,
  "data": {
    "policyItems": [
      {
        "state": "enabled",
        "name": "Registry Setting - [Software\\Policies\\Microsoft\\Cryptography\\AutoEnrollment",
        "kvps": [
          {
            "key": "Software\\Policies\\Microsoft\\Cryptography\\AutoEnrollment;AEPolicy;\u0004;\u0004;\u0007",
            "valueName": "[Software\\Policies\\Microsoft\\Cryptography\\AutoEnrollment",
            "value": "\u0004",
            "delete": false,
            "lgpoType": "ENFORCE_REG_SZ",
            "presentationId": "Machine:Software\\Policies\\Microsoft\\Cryptography\\AutoEnrollment;AEPolicy;\u0004;\u0004;\u0007:[Software\\Policies\\Microsoft\\Cryptography\\AutoEnrollment"
          }
        ],
        "categoryPath": [
          "windows:Registry",
          "windef:MachineSettings"
        ],
        "hasLgpo": true
      },
      {
        "state": "enabled",
        "name": "Registry Setting - [Software\\Policies\\Microsoft\\SystemCertificates\\ACRS\\Certificates",
        "kvps": [
          {
            "key": "Software\\Policies\\Microsoft\\Cryptography\\AutoEnrollment;OfflineExpirationStoreNames;\u0001;\u0006;MY",
            "valueName": "[Software\\Policies\\Microsoft\\SystemCertificates\\ACRS\\Certificates",
            "value": "",
            "delete": false,
            "lgpoType": "ENFORCE_REG_SZ",
            "presentationId": "Machine:Software\\Policies\\Microsoft\\Cryptography\\AutoEnrollment;OfflineExpirationStoreNames;\u0001;\u0006;MY:[Software\\Policies\\Microsoft\\SystemCertificates\\ACRS\\Certificates"
          }
        ],
        "categoryPath": [
          "windows:Registry",
          "windef:MachineSettings"
        ],
        "hasLgpo": true
      },
      {
        "state": "enabled",
        "name": "Registry Setting - [Software\\Policies\\Microsoft\\SystemCertificates\\ACRS\\CTLs",
        "kvps": [
          {
            "key": "Software\\Policies\\Microsoft\\SystemCertificates\\ACRS\\CRLs;;;;",
            "valueName": "[Software\\Policies\\Microsoft\\SystemCertificates\\ACRS\\CTLs",
            "value": "",
            "delete": false,
            "lgpoType": "ENFORCE_REG_SZ",
            "presentationId": "Machine:Software\\Policies\\Microsoft\\SystemCertificates\\ACRS\\CRLs;;;;:[Software\\Policies\\Microsoft\\SystemCertificates\\ACRS\\CTLs"
          }
        ],
        "categoryPath": [
          "windows:Registry",
          "windef:MachineSettings"
        ],
        "hasLgpo": true
      },
      {
        "state": "enabled",
        "name": "Registry Setting - [Software\\Policies\\Microsoft\\SystemCertificates\\CA\\CRLs",
        "kvps": [
          {
            "key": "Software\\Policies\\Microsoft\\SystemCertificates\\CA\\Certificates;;;;",
            "valueName": "[Software\\Policies\\Microsoft\\SystemCertificates\\CA\\CRLs",
            "value": "",
            "delete": false,
            "lgpoType": "ENFORCE_REG_SZ",
            "presentationId": "Machine:Software\\Policies\\Microsoft\\SystemCertificates\\CA\\Certificates;;;;:[Software\\Policies\\Microsoft\\SystemCertificates\\CA\\CRLs"
          }
        ],
        "categoryPath": [
          "windows:Registry",
          "windef:MachineSettings"
        ],
        "hasLgpo": true
      },
      {
        "state": "enabled",
        "name": "Registry Setting - [Software\\Policies\\Microsoft\\SystemCertificates\\Disallowed\\Certificates",
        "kvps": [
          {
            "key": "Software\\Policies\\Microsoft\\SystemCertificates\\CA\\CTLs;;;;",
            "valueName": "[Software\\Policies\\Microsoft\\SystemCertificates\\Disallowed\\Certificates",
            "value": "",
            "delete": false,
            "lgpoType": "ENFORCE_REG_SZ",
            "presentationId": "Machine:Software\\Policies\\Microsoft\\SystemCertificates\\CA\\CTLs;;;;:[Software\\Policies\\Microsoft\\SystemCertificates\\Disallowed\\Certificates"
          }
        ],
        "categoryPath": [
          "windows:Registry",
          "windef:MachineSettings"
        ],
        "hasLgpo": true
      },
      {
        "state": "enabled",
        "name": "Registry Setting - [Software\\Policies\\Microsoft\\SystemCertificates\\Disallowed\\CTLs",
        "kvps": [
          {
            "key": "Software\\Policies\\Microsoft\\SystemCertificates\\Disallowed\\CRLs;;;;",
            "valueName": "[Software\\Policies\\Microsoft\\SystemCertificates\\Disallowed\\CTLs",
            "value": "",
            "delete": false,
            "lgpoType": "ENFORCE_REG_SZ",
            "presentationId": "Machine:Software\\Policies\\Microsoft\\SystemCertificates\\Disallowed\\CRLs;;;;:[Software\\Policies\\Microsoft\\SystemCertificates\\Disallowed\\CTLs"
          }
        ],
        "categoryPath": [
          "windows:Registry",
          "windef:MachineSettings"
        ],
        "hasLgpo": true
      },
      {
        "state": "enabled",
        "name": "Registry Setting - [Software\\Policies\\Microsoft\\SystemCertificates\\DPNGRA\\CRLs",
        "kvps": [
          {
            "key": "Software\\Policies\\Microsoft\\SystemCertificates\\DPNGRA\\Certificates;;;;",
            "valueName": "[Software\\Policies\\Microsoft\\SystemCertificates\\DPNGRA\\CRLs",
            "value": "",
            "delete": false,
            "lgpoType": "ENFORCE_REG_SZ",
            "presentationId": "Machine:Software\\Policies\\Microsoft\\SystemCertificates\\DPNGRA\\Certificates;;;;:[Software\\Policies\\Microsoft\\SystemCertificates\\DPNGRA\\CRLs"
          }
        ],
        "categoryPath": [
          "windows:Registry",
          "windef:MachineSettings"
        ],
        "hasLgpo": true
      },
      {
        "state": "enabled",
        "name": "Registry Setting - [Software\\Policies\\Microsoft\\SystemCertificates\\FVE\\Certificates",
        "kvps": [
          {
            "key": "Software\\Policies\\Microsoft\\SystemCertificates\\DPNGRA\\CTLs;;;;",
            "valueName": "[Software\\Policies\\Microsoft\\SystemCertificates\\FVE\\Certificates",
            "value": "",
            "delete": false,
            "lgpoType": "ENFORCE_REG_SZ",
            "presentationId": "Machine:Software\\Policies\\Microsoft\\SystemCertificates\\DPNGRA\\CTLs;;;;:[Software\\Policies\\Microsoft\\SystemCertificates\\FVE\\Certificates"
          }
        ],
        "categoryPath": [
          "windows:Registry",
          "windef:MachineSettings"
        ],
        "hasLgpo": true
      },
      {
        "state": "enabled",
        "name": "Registry Setting - [Software\\Policies\\Microsoft\\SystemCertificates\\FVE\\CTLs",
        "kvps": [
          {
            "key": "Software\\Policies\\Microsoft\\SystemCertificates\\FVE\\CRLs;;;;",
            "valueName": "[Software\\Policies\\Microsoft\\SystemCertificates\\FVE\\CTLs",
            "value": "",
            "delete": false,
            "lgpoType": "ENFORCE_REG_SZ",
            "presentationId": "Machine:Software\\Policies\\Microsoft\\SystemCertificates\\FVE\\CRLs;;;;:[Software\\Policies\\Microsoft\\SystemCertificates\\FVE\\CTLs"
          }
        ],
        "categoryPath": [
          "windows:Registry",
          "windef:MachineSettings"
        ],
        "hasLgpo": true
      },
      {
        "state": "enabled",
        "name": "Registry Setting - [Software\\Policies\\Microsoft\\SystemCertificates\\FVE_NKP\\CRLs",
        "kvps": [
          {
            "key": "Software\\Policies\\Microsoft\\SystemCertificates\\FVE_NKP\\Certificates;;;;",
            "valueName": "[Software\\Policies\\Microsoft\\SystemCertificates\\FVE_NKP\\CRLs",
            "value": "",
            "delete": false,
            "lgpoType": "ENFORCE_REG_SZ",
            "presentationId": "Machine:Software\\Policies\\Microsoft\\SystemCertificates\\FVE_NKP\\Certificates;;;;:[Software\\Policies\\Microsoft\\SystemCertificates\\FVE_NKP\\CRLs"
          }
        ],
        "categoryPath": [
          "windows:Registry",
          "windef:MachineSettings"
        ],
        "hasLgpo": true
      },
      {
        "state": "enabled",
        "name": "Registry Setting - [Software\\Policies\\Microsoft\\SystemCertificates\\Root\\Certificates",
        "kvps": [
          {
            "key": "Software\\Policies\\Microsoft\\SystemCertificates\\FVE_NKP\\CTLs;;;;",
            "valueName": "[Software\\Policies\\Microsoft\\SystemCertificates\\Root\\Certificates",
            "value": "",
            "delete": false,
            "lgpoType": "ENFORCE_REG_SZ",
            "presentationId": "Machine:Software\\Policies\\Microsoft\\SystemCertificates\\FVE_NKP\\CTLs;;;;:[Software\\Policies\\Microsoft\\SystemCertificates\\Root\\Certificates"
          }
        ],
        "categoryPath": [
          "windows:Registry",
          "windef:MachineSettings"
        ],
        "hasLgpo": true
      },
      {
        "state": "enabled",
        "name": "Registry Setting - [Software\\Policies\\Microsoft\\SystemCertificates\\Root\\CTLs",
        "kvps": [
          {
            "key": "Software\\Policies\\Microsoft\\SystemCertificates\\Root\\CRLs;;;;",
            "valueName": "[Software\\Policies\\Microsoft\\SystemCertificates\\Root\\CTLs",
            "value": "",
            "delete": false,
            "lgpoType": "ENFORCE_REG_SZ",
            "presentationId": "Machine:Software\\Policies\\Microsoft\\SystemCertificates\\Root\\CRLs;;;;:[Software\\Policies\\Microsoft\\SystemCertificates\\Root\\CTLs"
          }
        ],
        "categoryPath": [
          "windows:Registry",
          "windef:MachineSettings"
        ],
        "hasLgpo": true
      },
      {
        "state": "enabled",
        "name": "Registry Setting - [Software\\Policies\\Microsoft\\SystemCertificates\\Trust\\CRLs",
        "kvps": [
          {
            "key": "Software\\Policies\\Microsoft\\SystemCertificates\\Trust\\Certificates;;;;",
            "valueName": "[Software\\Policies\\Microsoft\\SystemCertificates\\Trust\\CRLs",
            "value": "",
            "delete": false,
            "lgpoType": "ENFORCE_REG_SZ",
            "presentationId": "Machine:Software\\Policies\\Microsoft\\SystemCertificates\\Trust\\Certificates;;;;:[Software\\Policies\\Microsoft\\SystemCertificates\\Trust\\CRLs"
          }
        ],
        "categoryPath": [
          "windows:Registry",
          "windef:MachineSettings"
        ],
        "hasLgpo": true
      },
      {
        "state": "enabled",
        "name": "Registry Setting - [Software\\Policies\\Microsoft\\SystemCertificates\\TrustedPeople\\Certificates",
        "kvps": [
          {
            "key": "Software\\Policies\\Microsoft\\SystemCertificates\\Trust\\CTLs;;;;",
            "valueName": "[Software\\Policies\\Microsoft\\SystemCertificates\\TrustedPeople\\Certificates",
            "value": "",
            "delete": false,
            "lgpoType": "ENFORCE_REG_SZ",
            "presentationId": "Machine:Software\\Policies\\Microsoft\\SystemCertificates\\Trust\\CTLs;;;;:[Software\\Policies\\Microsoft\\SystemCertificates\\TrustedPeople\\Certificates"
          }
        ],
        "categoryPath": [
          "windows:Registry",
          "windef:MachineSettings"
        ],
        "hasLgpo": true
      },
      {
        "state": "enabled",
        "name": "Registry Setting - [Software\\Policies\\Microsoft\\SystemCertificates\\TrustedPeople\\CTLs",
        "kvps": [
          {
            "key": "Software\\Policies\\Microsoft\\SystemCertificates\\TrustedPeople\\CRLs;;;;",
            "valueName": "[Software\\Policies\\Microsoft\\SystemCertificates\\TrustedPeople\\CTLs",
            "value": "",
            "delete": false,
            "lgpoType": "ENFORCE_REG_SZ",
            "presentationId": "Machine:Software\\Policies\\Microsoft\\SystemCertificates\\TrustedPeople\\CRLs;;;;:[Software\\Policies\\Microsoft\\SystemCertificates\\TrustedPeople\\CTLs"
          }
        ],
        "categoryPath": [
          "windows:Registry",
          "windef:MachineSettings"
        ],
        "hasLgpo": true
      },
      {
        "state": "enabled",
        "name": "Registry Setting - [Software\\Policies\\Microsoft\\SystemCertificates\\TrustedPublisher\\CRLs",
        "kvps": [
          {
            "key": "Software\\Policies\\Microsoft\\SystemCertificates\\TrustedPublisher\\Certificates;;;;",
            "valueName": "[Software\\Policies\\Microsoft\\SystemCertificates\\TrustedPublisher\\CRLs",
            "value": "",
            "delete": false,
            "lgpoType": "ENFORCE_REG_SZ",
            "presentationId": "Machine:Software\\Policies\\Microsoft\\SystemCertificates\\TrustedPublisher\\Certificates;;;;:[Software\\Policies\\Microsoft\\SystemCertificates\\TrustedPublisher\\CRLs"
          }
        ],
        "categoryPath": [
          "windows:Registry",
          "windef:MachineSettings"
        ],
        "hasLgpo": true
      },
      {
        "state": "enabled",
        "name": "Registry Setting - [Software\\Policies\\Microsoft\\SystemCertificates\\Trust\\Certificates",
        "kvps": [
          {
            "key": "Software\\Policies\\Microsoft\\Cryptography\\AutoEnrollment;;;;",
            "valueName": "[Software\\Policies\\Microsoft\\SystemCertificates\\Trust\\Certificates",
            "value": "",
            "delete": false,
            "lgpoType": "ENFORCE_REG_SZ",
            "presentationId": "User:Software\\Policies\\Microsoft\\Cryptography\\AutoEnrollment;;;;:[Software\\Policies\\Microsoft\\SystemCertificates\\Trust\\Certificates"
          }
        ],
        "categoryPath": [
          "windows:Registry",
          "windef:UserSettings"
        ],
        "hasLgpo": true
      },
      {
        "state": "enabled",
        "name": "Registry Setting - [Software\\Policies\\Microsoft\\SystemCertificates\\Trust\\CTLs",
        "kvps": [
          {
            "key": "Software\\Policies\\Microsoft\\SystemCertificates\\Trust\\CRLs;;;;",
            "valueName": "[Software\\Policies\\Microsoft\\SystemCertificates\\Trust\\CTLs",
            "value": "",
            "delete": false,
            "lgpoType": "ENFORCE_REG_SZ",
            "presentationId": "User:Software\\Policies\\Microsoft\\SystemCertificates\\Trust\\CRLs;;;;:[Software\\Policies\\Microsoft\\SystemCertificates\\Trust\\CTLs"
          }
        ],
        "categoryPath": [
          "windows:Registry",
          "windef:UserSettings"
        ],
        "hasLgpo": true
      },
      {
        "state": "enabled",
        "name": "Registry Setting - [Software\\Policies\\Microsoft\\SystemCertificates\\TrustedPeople\\CRLs",
        "kvps": [
          {
            "key": "Software\\Policies\\Microsoft\\SystemCertificates\\TrustedPeople\\Certificates;;;;",
            "valueName": "[Software\\Policies\\Microsoft\\SystemCertificates\\TrustedPeople\\CRLs",
            "value": "",
            "delete": false,
            "lgpoType": "ENFORCE_REG_SZ",
            "presentationId": "User:Software\\Policies\\Microsoft\\SystemCertificates\\TrustedPeople\\Certificates;;;;:[Software\\Policies\\Microsoft\\SystemCertificates\\TrustedPeople\\CRLs"
          }
        ],
        "categoryPath": [
          "windows:Registry",
          "windef:UserSettings"
        ],
        "hasLgpo": true
      },
      {
        "state": "enabled",
        "name": "Registry Setting - [Software\\Policies\\Microsoft\\Windows\\Safer",
        "kvps": [
          {
            "key": "Software\\Policies\\Microsoft\\SystemCertificates\\TrustedPeople\\CTLs;;;;",
            "valueName": "[Software\\Policies\\Microsoft\\Windows\\Safer",
            "value": "",
            "delete": false,
            "lgpoType": "ENFORCE_REG_SZ",
            "presentationId": "User:Software\\Policies\\Microsoft\\SystemCertificates\\TrustedPeople\\CTLs;;;;:[Software\\Policies\\Microsoft\\Windows\\Safer"
          }
        ],
        "categoryPath": [
          "windows:Registry",
          "windef:UserSettings"
        ],
        "hasLgpo": true
      }
    ],
    "useManagedDefinitions": false
  },
  "isTemplate": false,
  "priorityPool": 3,
  "type": {
    "id": 0,
    "name": "admxMachine",
    "initialContentSetName": "Enforce Windows",
    "policyTypeContentSetName": "Enforce Windows Machine Administrative Templates",
    "operatingSystem": "Windows",
    "policyClass": "machine",
    "endpointType": "cx",
    "readPrivilege": "enforce policy read",
    "writePrivilege": "enforce policy write",
    "contentSetId": 105,
    "policyTypeContentSetId": 276
  },
  "hasEnforcements": false,
  "taniumUsername": null,
  "taniumUpdatedUsername": null,
  "policySource": "standard"
}