{
  "id": null,
  "created_at": null,
  "updated_at": null,
  "deletedAt": null,
  "taniumUserId": null,
  "updatedByTaniumUserId": null,
  "changeType": "created",
  "contentSetId": 105,
  "name": "AV-Computer-Config-NTP secondary time fix",
  "description": "Converted from GPO: AV-Computer-Config-NTP secondary time fix (E528FC97-B68F-485B-995C-34273694CEC1)",
  "version": 1,
  "priority": 7,
  "typeId": 0,
  "data": {
    "policyItems": [
      {
        "state": "enabled",
        "name": "Configure Windows NTP Client",
        "kvps": [
          {
            "key": "Software\\Policies\\Microsoft\\Windows\\System",
            "valueName": "ConfigureWindowsNTPClient",
            "value": 1,
            "delete": false,
            "lgpoType": "ENFORCE_REG_DWORD",
            "presentationId": "windows:system/windef:windowstimeservice/windef:timeproviders:system"
          }
        ],
        "categoryPath": [
          "windows:System",
          "windef:WindowsTimeService",
          "windef:TimeProviders"
        ],
        "hasLgpo": true
      },
      {
        "state": "enabled",
        "name": "W32time Parameters",
        "kvps": [
          {
            "key": "Software\\Policies\\Microsoft\\W32time\\Parameters",
            "valueName": "Enabled",
            "value": "\u0001",
            "delete": false,
            "lgpoType": "ENFORCE_REG_SZ",
            "presentationId": "windows:registry/windef:machinesettings:parameters"
          }
        ],
        "categoryPath": [
          "windows:Registry",
          "windef:MachineSettings",
          "W32time"
        ],
        "hasLgpo": true
      },
      {
        "state": "enabled",
        "name": "TimeProviders NtpClient",
        "kvps": [
          {
            "key": "Software\\Policies\\Microsoft\\W32time\\TimeProviders\\NtpClient",
            "valueName": "Enabled",
            "value": "\u0004",
            "delete": false,
            "lgpoType": "ENFORCE_REG_SZ",
            "presentationId": "windows:registry/windef:machinesettings:ntpclient"
          }
        ],
        "categoryPath": [
          "windows:Registry",
          "windef:MachineSettings",
          "TimeProviders"
        ],
        "hasLgpo": true
      }
    ],
    "useManagedDefinitions": false
  },
  "isTemplate": false,
  "priorityPool": 3,
  "type": {
    "id": 0,
    "name": "admxMachine",
    "initialContentSetName": "Enforce Windows",
    "policyTypeContentSetName": "Enforce Windows Machine Administrative Templates",
    "operatingSystem": "Windows",
    "policyClass": "machine",
    "endpointType": "cx",
    "readPrivilege": "enforce policy read",
    "writePrivilege": "enforce policy write",
    "contentSetId": 105,
    "policyTypeContentSetId": 276
  },
  "hasEnforcements": false,
  "taniumUsername": "jessewyatt",
  "taniumUpdatedUsername": "jessewyatt",
  "policySource": "standard"
}