{
  "id": null,
  "created_at": null,
  "updated_at": null,
  "deletedAt": null,
  "taniumUserId": null,
  "updatedByTaniumUserId": null,
  "changeType": "created",
  "contentSetId": 105,
  "name": "AV-Domain Default-Security AdministrativeTemplates",
  "description": "Converted from GPO: AV-Domain Default-Security AdministrativeTemplates ([object Object])",
  "version": 1,
  "priority": 7,
  "typeId": 0,
  "data": {
    "policyItems": [
      {
        "state": "enabled",
        "name": "Registry Setting - [Software\\policies\\Microsoft\\Windows\\CloudContent",
        "kvps": [
          {
            "key": "Software\\policies\\Microsoft\\Windows\\AdvertisingInfo",
            "valueName": "CloudContent",
            "value": "\u0004",
            "delete": false,
            "lgpoType": "ENFORCE_REG_SZ",
            "presentationId": "windows:Registry/windef:MachineSettings:AdvertisingInfo_Software\\policies\\Microsoft\\Windows\\CloudContent"
          }
        ],
        "categoryPath": [
          "windows:Registry",
          "windef:MachineSettings"
        ],
        "hasLgpo": true
      },
      {
        "state": "enabled",
        "name": "Registry Setting - [Software\\policies\\Microsoft\\Windows\\DataCollection",
        "kvps": [
          {
            "key": "Software\\policies\\Microsoft\\Windows\\CurrentVersion\\Internet Settings\\Zones\\1",
            "valueName": "DataCollection",
            "value": "\u0004",
            "delete": false,
            "lgpoType": "ENFORCE_REG_SZ",
            "presentationId": "windows:Registry/windef:MachineSettings:1_Software\\policies\\Microsoft\\Windows\\DataCollection"
          }
        ],
        "categoryPath": [
          "windows:Registry",
          "windef:MachineSettings"
        ],
        "hasLgpo": true
      },
      {
        "state": "enabled",
        "name": "Registry Setting - [Software\\policies\\Microsoft\\Windows\\Windows Search",
        "kvps": [
          {
            "key": "Software\\policies\\Microsoft\\Windows\\DeliveryOptimization",
            "valueName": "Windows Search",
            "value": "\u0004",
            "delete": false,
            "lgpoType": "ENFORCE_REG_SZ",
            "presentationId": "windows:Registry/windef:MachineSettings:DeliveryOptimization_Software\\policies\\Microsoft\\Windows\\Windows Search"
          }
        ],
        "categoryPath": [
          "windows:Registry",
          "windef:MachineSettings"
        ],
        "hasLgpo": true
      },
      {
        "state": "enabled",
        "name": "Registry Setting - [Software\\policies\\Microsoft\\Windows\\WindowsUpdate",
        "kvps": [
          {
            "key": "Software\\policies\\Microsoft\\Windows\\Windows Search",
            "valueName": "WindowsUpdate",
            "value": "\u0004",
            "delete": false,
            "lgpoType": "ENFORCE_REG_SZ",
            "presentationId": "windows:Registry/windef:MachineSettings:Windows Search_Software\\policies\\Microsoft\\Windows\\WindowsUpdate"
          }
        ],
        "categoryPath": [
          "windows:Registry",
          "windef:MachineSettings"
        ],
        "hasLgpo": true
      },
      {
        "state": "enabled",
        "name": "Registry Setting - [Software\\policies\\Microsoft\\Windows\\WindowsUpdate\\AU",
        "kvps": [
          {
            "key": "Software\\policies\\Microsoft\\Windows\\WindowsUpdate\\AU",
            "valueName": "Enabled",
            "value": "\u0004",
            "delete": false,
            "lgpoType": "ENFORCE_REG_SZ",
            "presentationId": "windows:Registry/windef:MachineSettings:AU_Enabled"
          }
        ],
        "categoryPath": [
          "windows:Registry",
          "windef:MachineSettings"
        ],
        "hasLgpo": true
      },
      {
        "state": "enabled",
        "name": "Registry Setting - [Software\\policies\\Microsoft\\Windows Mail",
        "kvps": [
          {
            "key": "Software\\policies\\Microsoft\\Windows\\WindowsUpdate\\AU",
            "valueName": "Windows Mail",
            "value": "\u0004",
            "delete": false,
            "lgpoType": "ENFORCE_REG_SZ",
            "presentationId": "windows:Registry/windef:MachineSettings:AU_Software\\policies\\Microsoft\\Windows Mail"
          }
        ],
        "categoryPath": [
          "windows:Registry",
          "windef:MachineSettings"
        ],
        "hasLgpo": true
      },
      {
        "state": "enabled",
        "name": "Registry Setting - [Software\\policies\\Microsoft\\Windows NT\\Terminal Services",
        "kvps": [
          {
            "key": "Software\\policies\\Microsoft\\Windows NT\\Terminal Services",
            "valueName": "Enabled",
            "value": "\u0004",
            "delete": false,
            "lgpoType": "ENFORCE_REG_SZ",
            "presentationId": "windows:Registry/windef:MachineSettings:Terminal Services_Enabled"
          }
        ],
        "categoryPath": [
          "windows:Registry",
          "windef:MachineSettings"
        ],
        "hasLgpo": true
      },
      {
        "state": "enabled",
        "name": "Registry Setting - [Software\\policies\\Microsoft\\Windows NT\\Terminal Services\\RAUnsolicit",
        "kvps": [
          {
            "key": "Software\\policies\\Microsoft\\Windows NT\\Terminal Services\\RAUnsolicit",
            "valueName": "Enabled",
            "value": "\u0001",
            "delete": false,
            "lgpoType": "ENFORCE_REG_SZ",
            "presentationId": "windows:Registry/windef:MachineSettings:RAUnsolicit_Enabled"
          }
        ],
        "categoryPath": [
          "windows:Registry",
          "windef:MachineSettings"
        ],
        "hasLgpo": true
      },
      {
        "state": "enabled",
        "name": "Registry Setting - [Software\\Policies\\Microsoft\\Windows\\System\\Power",
        "kvps": [
          {
            "key": "Software\\Microsoft\\Windows\\CurrentVersion\\Policies\\Explorer",
            "valueName": "Power",
            "value": "\u0004",
            "delete": false,
            "lgpoType": "ENFORCE_REG_SZ",
            "presentationId": "windows:Registry/windef:UserSettings:Explorer_Software\\Policies\\Microsoft\\Windows\\System\\Power"
          }
        ],
        "categoryPath": [
          "windows:Registry",
          "windef:UserSettings"
        ],
        "hasLgpo": true
      }
    ],
    "useManagedDefinitions": false
  },
  "isTemplate": false,
  "priorityPool": 3,
  "type": {
    "id": 0,
    "name": "admxMachine",
    "initialContentSetName": "Enforce Windows",
    "policyTypeContentSetName": "Enforce Windows Machine Administrative Templates",
    "operatingSystem": "Windows",
    "policyClass": "machine",
    "endpointType": "cx",
    "readPrivilege": "enforce policy read",
    "writePrivilege": "enforce policy write",
    "contentSetId": 105,
    "policyTypeContentSetId": 276
  },
  "hasEnforcements": false,
  "taniumUsername": null,
  "taniumUpdatedUsername": null,
  "policySource": "standard"
}