{
  "id": null,
  "created_at": null,
  "updated_at": null,
  "deletedAt": null,
  "taniumUserId": null,
  "updatedByTaniumUserId": null,
  "changeType": "created",
  "contentSetId": 105,
  "name": "AV-Domain Default-Servers",
  "description": "Converted from GPO: AV-Domain Default-Servers ([object Object])",
  "version": 1,
  "priority": 7,
  "typeId": 0,
  "data": {
    "policyItems": [
      {
        "state": "enabled",
        "name": "Registry Setting - [SOFTWARE\\Policies\\Microsoft\\Windows\\WindowsUpdate",
        "kvps": [
          {
            "key": "SOFTWARE\\Policies\\Microsoft\\Windows\\WindowsUpdate;ElevateNonAdmins;\u0004;\u0004;",
            "valueName": "[SOFTWARE\\Policies\\Microsoft\\Windows\\WindowsUpdate",
            "value": "\u0004",
            "delete": false,
            "lgpoType": "ENFORCE_REG_SZ",
            "presentationId": "Machine:SOFTWARE\\Policies\\Microsoft\\Windows\\WindowsUpdate;ElevateNonAdmins;\u0004;\u0004;:[SOFTWARE\\Policies\\Microsoft\\Windows\\WindowsUpdate"
          }
        ],
        "categoryPath": [
          "windows:Registry",
          "windef:MachineSettings"
        ],
        "hasLgpo": true
      },
      {
        "state": "enabled",
        "name": "Registry Setting - [SOFTWARE\\Policies\\Microsoft\\Windows\\WindowsUpdate\\AU",
        "kvps": [
          {
            "key": "SOFTWARE\\Policies\\Microsoft\\Windows\\WindowsUpdate;TargetGroup;\u0001;\u0010;Servers",
            "valueName": "[SOFTWARE\\Policies\\Microsoft\\Windows\\WindowsUpdate\\AU",
            "value": "\u0004",
            "delete": false,
            "lgpoType": "ENFORCE_REG_SZ",
            "presentationId": "Machine:SOFTWARE\\Policies\\Microsoft\\Windows\\WindowsUpdate;TargetGroup;\u0001;\u0010;Servers:[SOFTWARE\\Policies\\Microsoft\\Windows\\WindowsUpdate\\AU"
          }
        ],
        "categoryPath": [
          "windows:Registry",
          "windef:MachineSettings"
        ],
        "hasLgpo": true
      },
      {
        "state": "enabled",
        "name": "Registry Setting - [SOFTWARE\\Policies\\Microsoft\\Windows\\WindowsUpdate\\AU",
        "kvps": [
          {
            "key": "SOFTWARE\\Policies\\Microsoft\\Windows\\WindowsUpdate\\AU;NoAutoRebootWithLoggedOnUsers;\u0004;\u0004;\u0001",
            "valueName": "[SOFTWARE\\Policies\\Microsoft\\Windows\\WindowsUpdate\\AU",
            "value": "\u0004",
            "delete": false,
            "lgpoType": "ENFORCE_REG_SZ",
            "presentationId": "Machine:SOFTWARE\\Policies\\Microsoft\\Windows\\WindowsUpdate\\AU;NoAutoRebootWithLoggedOnUsers;\u0004;\u0004;\u0001:[SOFTWARE\\Policies\\Microsoft\\Windows\\WindowsUpdate\\AU"
          }
        ],
        "categoryPath": [
          "windows:Registry",
          "windef:MachineSettings"
        ],
        "hasLgpo": true
      },
      {
        "state": "enabled",
        "name": "Registry Setting - [SOFTWARE\\Policies\\Microsoft\\Windows\\WindowsUpdate\\AU",
        "kvps": [
          {
            "key": "SOFTWARE\\Policies\\Microsoft\\Windows\\WindowsUpdate\\AU;**del.RebootRelaunchTimeout;\u0001;\u0004; ",
            "valueName": "[SOFTWARE\\Policies\\Microsoft\\Windows\\WindowsUpdate\\AU",
            "value": "\u0004",
            "delete": false,
            "lgpoType": "ENFORCE_REG_SZ",
            "presentationId": "Machine:SOFTWARE\\Policies\\Microsoft\\Windows\\WindowsUpdate\\AU;**del.RebootRelaunchTimeout;\u0001;\u0004; :[SOFTWARE\\Policies\\Microsoft\\Windows\\WindowsUpdate\\AU"
          }
        ],
        "categoryPath": [
          "windows:Registry",
          "windef:MachineSettings"
        ],
        "hasLgpo": true
      },
      {
        "state": "enabled",
        "name": "Registry Setting - [SOFTWARE\\Policies\\Microsoft\\Windows\\WindowsUpdate\\AU",
        "kvps": [
          {
            "key": "SOFTWARE\\Policies\\Microsoft\\Windows\\WindowsUpdate\\AU;NoAutoUpdate;\u0004;\u0004;\u0001",
            "valueName": "[SOFTWARE\\Policies\\Microsoft\\Windows\\WindowsUpdate\\AU",
            "value": "\u0001",
            "delete": false,
            "lgpoType": "ENFORCE_REG_SZ",
            "presentationId": "Machine:SOFTWARE\\Policies\\Microsoft\\Windows\\WindowsUpdate\\AU;NoAutoUpdate;\u0004;\u0004;\u0001:[SOFTWARE\\Policies\\Microsoft\\Windows\\WindowsUpdate\\AU"
          }
        ],
        "categoryPath": [
          "windows:Registry",
          "windef:MachineSettings"
        ],
        "hasLgpo": true
      },
      {
        "state": "enabled",
        "name": "Registry Setting - [SOFTWARE\\Policies\\Microsoft\\Windows\\WindowsUpdate\\AU",
        "kvps": [
          {
            "key": "SOFTWARE\\Policies\\Microsoft\\Windows\\WindowsUpdate\\AU;**del.AutomaticMaintenanceEnabled;\u0001;\u0004; ",
            "valueName": "[SOFTWARE\\Policies\\Microsoft\\Windows\\WindowsUpdate\\AU",
            "value": "\u0001",
            "delete": false,
            "lgpoType": "ENFORCE_REG_SZ",
            "presentationId": "Machine:SOFTWARE\\Policies\\Microsoft\\Windows\\WindowsUpdate\\AU;**del.AutomaticMaintenanceEnabled;\u0001;\u0004; :[SOFTWARE\\Policies\\Microsoft\\Windows\\WindowsUpdate\\AU"
          }
        ],
        "categoryPath": [
          "windows:Registry",
          "windef:MachineSettings"
        ],
        "hasLgpo": true
      },
      {
        "state": "enabled",
        "name": "Registry Setting - [SOFTWARE\\Policies\\Microsoft\\Windows\\WindowsUpdate\\AU",
        "kvps": [
          {
            "key": "SOFTWARE\\Policies\\Microsoft\\Windows\\WindowsUpdate\\AU;**del.ScheduledInstallTime;\u0001;\u0004; ",
            "valueName": "[SOFTWARE\\Policies\\Microsoft\\Windows\\WindowsUpdate\\AU",
            "value": "\u0001",
            "delete": false,
            "lgpoType": "ENFORCE_REG_SZ",
            "presentationId": "Machine:SOFTWARE\\Policies\\Microsoft\\Windows\\WindowsUpdate\\AU;**del.ScheduledInstallTime;\u0001;\u0004; :[SOFTWARE\\Policies\\Microsoft\\Windows\\WindowsUpdate\\AU"
          }
        ],
        "categoryPath": [
          "windows:Registry",
          "windef:MachineSettings"
        ],
        "hasLgpo": true
      },
      {
        "state": "enabled",
        "name": "Registry Setting - [SOFTWARE\\Policies\\Microsoft\\Windows\\WindowsUpdate\\AU",
        "kvps": [
          {
            "key": "SOFTWARE\\Policies\\Microsoft\\Windows\\WindowsUpdate\\AU;**del.ScheduledInstallFirstWeek;\u0001;\u0004; ",
            "valueName": "[SOFTWARE\\Policies\\Microsoft\\Windows\\WindowsUpdate\\AU",
            "value": "\u0001",
            "delete": false,
            "lgpoType": "ENFORCE_REG_SZ",
            "presentationId": "Machine:SOFTWARE\\Policies\\Microsoft\\Windows\\WindowsUpdate\\AU;**del.ScheduledInstallFirstWeek;\u0001;\u0004; :[SOFTWARE\\Policies\\Microsoft\\Windows\\WindowsUpdate\\AU"
          }
        ],
        "categoryPath": [
          "windows:Registry",
          "windef:MachineSettings"
        ],
        "hasLgpo": true
      },
      {
        "state": "enabled",
        "name": "Registry Setting - [SOFTWARE\\Policies\\Microsoft\\Windows\\WindowsUpdate\\AU",
        "kvps": [
          {
            "key": "SOFTWARE\\Policies\\Microsoft\\Windows\\WindowsUpdate\\AU;**del.ScheduledInstallThirdWeek;\u0001;\u0004; ",
            "valueName": "[SOFTWARE\\Policies\\Microsoft\\Windows\\WindowsUpdate\\AU",
            "value": "\u0001",
            "delete": false,
            "lgpoType": "ENFORCE_REG_SZ",
            "presentationId": "Machine:SOFTWARE\\Policies\\Microsoft\\Windows\\WindowsUpdate\\AU;**del.ScheduledInstallThirdWeek;\u0001;\u0004; :[SOFTWARE\\Policies\\Microsoft\\Windows\\WindowsUpdate\\AU"
          }
        ],
        "categoryPath": [
          "windows:Registry",
          "windef:MachineSettings"
        ],
        "hasLgpo": true
      },
      {
        "state": "enabled",
        "name": "Registry Setting - [SOFTWARE\\Policies\\Microsoft\\Windows NT\\Terminal Services",
        "kvps": [
          {
            "key": "SOFTWARE\\Policies\\Microsoft\\Windows\\WindowsUpdate\\AU;**del.AllowMUUpdateService;\u0001;\u0004; ",
            "valueName": "[SOFTWARE\\Policies\\Microsoft\\Windows NT\\Terminal Services",
            "value": "\u0004",
            "delete": false,
            "lgpoType": "ENFORCE_REG_SZ",
            "presentationId": "Machine:SOFTWARE\\Policies\\Microsoft\\Windows\\WindowsUpdate\\AU;**del.AllowMUUpdateService;\u0001;\u0004; :[SOFTWARE\\Policies\\Microsoft\\Windows NT\\Terminal Services"
          }
        ],
        "categoryPath": [
          "windows:Registry",
          "windef:MachineSettings"
        ],
        "hasLgpo": true
      },
      {
        "state": "enabled",
        "name": "Registry Setting - [Software\\Policies\\Microsoft\\Cryptography\\AutoEnrollment",
        "kvps": [
          {
            "key": "Software\\Policies\\Microsoft\\Cryptography\\AutoEnrollment;AEPolicy;\u0004;\u0004;\u0006",
            "valueName": "[Software\\Policies\\Microsoft\\Cryptography\\AutoEnrollment",
            "value": "\u0004",
            "delete": false,
            "lgpoType": "ENFORCE_REG_SZ",
            "presentationId": "User:Software\\Policies\\Microsoft\\Cryptography\\AutoEnrollment;AEPolicy;\u0004;\u0004;\u0006:[Software\\Policies\\Microsoft\\Cryptography\\AutoEnrollment"
          }
        ],
        "categoryPath": [
          "windows:Registry",
          "windef:UserSettings"
        ],
        "hasLgpo": true
      },
      {
        "state": "enabled",
        "name": "Registry Setting - [Software\\Policies\\Microsoft\\SystemCertificates\\Trust\\Certificates",
        "kvps": [
          {
            "key": "Software\\Policies\\Microsoft\\Cryptography\\AutoEnrollment;OfflineExpirationStoreNames;\u0001;\u0006;MY",
            "valueName": "[Software\\Policies\\Microsoft\\SystemCertificates\\Trust\\Certificates",
            "value": "",
            "delete": false,
            "lgpoType": "ENFORCE_REG_SZ",
            "presentationId": "User:Software\\Policies\\Microsoft\\Cryptography\\AutoEnrollment;OfflineExpirationStoreNames;\u0001;\u0006;MY:[Software\\Policies\\Microsoft\\SystemCertificates\\Trust\\Certificates"
          }
        ],
        "categoryPath": [
          "windows:Registry",
          "windef:UserSettings"
        ],
        "hasLgpo": true
      },
      {
        "state": "enabled",
        "name": "Registry Setting - [Software\\Policies\\Microsoft\\SystemCertificates\\Trust\\CTLs",
        "kvps": [
          {
            "key": "Software\\Policies\\Microsoft\\SystemCertificates\\Trust\\CRLs;;;;",
            "valueName": "[Software\\Policies\\Microsoft\\SystemCertificates\\Trust\\CTLs",
            "value": "",
            "delete": false,
            "lgpoType": "ENFORCE_REG_SZ",
            "presentationId": "User:Software\\Policies\\Microsoft\\SystemCertificates\\Trust\\CRLs;;;;:[Software\\Policies\\Microsoft\\SystemCertificates\\Trust\\CTLs"
          }
        ],
        "categoryPath": [
          "windows:Registry",
          "windef:UserSettings"
        ],
        "hasLgpo": true
      },
      {
        "state": "enabled",
        "name": "Registry Setting - [Software\\Policies\\Microsoft\\SystemCertificates\\TrustedPeople\\CRLs",
        "kvps": [
          {
            "key": "Software\\Policies\\Microsoft\\SystemCertificates\\TrustedPeople\\Certificates;;;;",
            "valueName": "[Software\\Policies\\Microsoft\\SystemCertificates\\TrustedPeople\\CRLs",
            "value": "",
            "delete": false,
            "lgpoType": "ENFORCE_REG_SZ",
            "presentationId": "User:Software\\Policies\\Microsoft\\SystemCertificates\\TrustedPeople\\Certificates;;;;:[Software\\Policies\\Microsoft\\SystemCertificates\\TrustedPeople\\CRLs"
          }
        ],
        "categoryPath": [
          "windows:Registry",
          "windef:UserSettings"
        ],
        "hasLgpo": true
      }
    ],
    "useManagedDefinitions": false
  },
  "isTemplate": false,
  "priorityPool": 3,
  "type": {
    "id": 0,
    "name": "admxMachine",
    "initialContentSetName": "Enforce Windows",
    "policyTypeContentSetName": "Enforce Windows Machine Administrative Templates",
    "operatingSystem": "Windows",
    "policyClass": "machine",
    "endpointType": "cx",
    "readPrivilege": "enforce policy read",
    "writePrivilege": "enforce policy write",
    "contentSetId": 105,
    "policyTypeContentSetId": 276
  },
  "hasEnforcements": false,
  "taniumUsername": null,
  "taniumUpdatedUsername": null,
  "policySource": "standard"
}