{
  "id": null,
  "created_at": null,
  "updated_at": null,
  "deletedAt": null,
  "taniumUserId": null,
  "updatedByTaniumUserId": null,
  "changeType": "created",
  "contentSetId": 105,
  "name": "AV-Domain Default-Servers QOL",
  "description": "Converted from GPO: AV-Domain Default-Servers QOL ([object Object])",
  "version": 1,
  "priority": 7,
  "typeId": 0,
  "data": {
    "policyItems": [
      {
        "state": "enabled",
        "name": "Hide the First-run experience and splash screen",
        "kvps": [
          {
            "key": "Software\\Policies\\Microsoft\\Windows\\MicrosoftEdge",
            "valueName": "HidetheFirstrunexperienceandsplashscreen",
            "value": "1",
            "delete": false,
            "lgpoType": "ENFORCE_REG_DWORD",
            "presentationId": "windows:MicrosoftEdge:root"
          }
        ],
        "categoryPath": [
          "windows:MicrosoftEdge"
        ],
        "hasLgpo": true
      },
      {
        "state": "enabled",
        "name": "Configure the home page URL",
        "kvps": [
          {
            "key": "Software\\Policies\\Microsoft\\Windows\\MicrosoftEdge",
            "valueName": "ConfigurethehomepageURL",
            "value": "1",
            "delete": false,
            "lgpoType": "ENFORCE_REG_DWORD",
            "presentationId": "windows:MicrosoftEdge/windef:Startup,homepageandnewtabpage:root"
          }
        ],
        "categoryPath": [
          "windows:MicrosoftEdge",
          "windef:Startup,homepageandnewtabpage"
        ],
        "hasLgpo": true
      },
      {
        "state": "enabled",
        "name": "Configure the new tab page URL",
        "kvps": [
          {
            "key": "Software\\Policies\\Microsoft\\Windows\\MicrosoftEdge",
            "valueName": "ConfigurethenewtabpageURL",
            "value": "1",
            "delete": false,
            "lgpoType": "ENFORCE_REG_DWORD",
            "presentationId": "windows:MicrosoftEdge/windef:Startup,homepageandnewtabpage:root"
          }
        ],
        "categoryPath": [
          "windows:MicrosoftEdge",
          "windef:Startup,homepageandnewtabpage"
        ],
        "hasLgpo": true
      },
      {
        "state": "enabled",
        "name": "Hide the default top sites from the new tab page",
        "kvps": [
          {
            "key": "Software\\Policies\\Microsoft\\Windows\\MicrosoftEdge",
            "valueName": "Hidethedefaulttopsitesfromthenewtabpage",
            "value": "1",
            "delete": false,
            "lgpoType": "ENFORCE_REG_DWORD",
            "presentationId": "windows:MicrosoftEdge/windef:Startup,homepageandnewtabpage:root"
          }
        ],
        "categoryPath": [
          "windows:MicrosoftEdge",
          "windef:Startup,homepageandnewtabpage"
        ],
        "hasLgpo": true
      },
      {
        "state": "enabled",
        "name": "Set the new tab page as the home page",
        "kvps": [
          {
            "key": "Software\\Policies\\Microsoft\\Windows\\MicrosoftEdge",
            "valueName": "Setthenewtabpageasthehomepage",
            "value": "1",
            "delete": false,
            "lgpoType": "ENFORCE_REG_DWORD",
            "presentationId": "windows:MicrosoftEdge/windef:Startup,homepageandnewtabpage:root"
          }
        ],
        "categoryPath": [
          "windows:MicrosoftEdge",
          "windef:Startup,homepageandnewtabpage"
        ],
        "hasLgpo": true
      },
      {
        "state": "enabled",
        "name": "Do not display Server Manager automatically at logon",
        "kvps": [
          {
            "key": "Software\\Policies\\Microsoft\\Windows\\System",
            "valueName": "DonotdisplayServerManagerautomaticallyatlogon",
            "value": "1",
            "delete": false,
            "lgpoType": "ENFORCE_REG_DWORD",
            "presentationId": "windows:System/windef:ServerManager:root"
          }
        ],
        "categoryPath": [
          "windows:System",
          "windef:ServerManager"
        ],
        "hasLgpo": true
      },
      {
        "state": "enabled",
        "name": "Registry Setting - [Software\\Policies\\Microsoft\\Edge",
        "kvps": [
          {
            "key": "Software\\Policies\\Microsoft\\Edge",
            "valueName": "Software\\Policies\\Microsoft\\Edge",
            "value": "",
            "delete": false,
            "lgpoType": "ENFORCE_REG_SZ",
            "presentationId": "windows:Registry/windef:MachineSettings:Software\\Policies\\Microsoft\\Edge"
          }
        ],
        "categoryPath": [
          "windows:Registry",
          "windef:MachineSettings"
        ],
        "hasLgpo": true
      },
      {
        "state": "enabled",
        "name": "Registry Setting - [Software\\Policies\\Microsoft\\Edge",
        "kvps": [
          {
            "key": "Software\\Policies\\Microsoft\\Edge",
            "valueName": "Software\\Policies\\Microsoft\\Edge",
            "value": "",
            "delete": false,
            "lgpoType": "ENFORCE_REG_SZ",
            "presentationId": "windows:Registry/windef:MachineSettings:Software\\Policies\\Microsoft\\Edge"
          }
        ],
        "categoryPath": [
          "windows:Registry",
          "windef:MachineSettings"
        ],
        "hasLgpo": true
      },
      {
        "state": "enabled",
        "name": "Registry Setting - [Software\\Policies\\Microsoft\\Windows\\Server\\ServerManager",
        "kvps": [
          {
            "key": "Software\\Policies\\Microsoft\\Edge",
            "valueName": "Software\\Policies\\Microsoft\\Windows\\Server\\ServerManager",
            "value": "",
            "delete": false,
            "lgpoType": "ENFORCE_REG_SZ",
            "presentationId": "windows:Registry/windef:MachineSettings:Software\\Policies\\Microsoft\\Windows\\Server\\ServerManager"
          }
        ],
        "categoryPath": [
          "windows:Registry",
          "windef:MachineSettings"
        ],
        "hasLgpo": true
      }
    ],
    "useManagedDefinitions": false
  },
  "isTemplate": false,
  "priorityPool": 3,
  "type": {
    "id": 0,
    "name": "admxMachine",
    "initialContentSetName": "Enforce Windows",
    "policyTypeContentSetName": "Enforce Windows Machine Administrative Templates",
    "operatingSystem": "Windows",
    "policyClass": "machine",
    "endpointType": "cx",
    "readPrivilege": "enforce policy read",
    "writePrivilege": "enforce policy write",
    "contentSetId": 105,
    "policyTypeContentSetId": 276
  },
  "hasEnforcements": false,
  "taniumUsername": null,
  "taniumUpdatedUsername": null,
  "policySource": "standard"
}