{
  "id": null,
  "created_at": null,
  "updated_at": null,
  "deletedAt": null,
  "taniumUserId": null,
  "updatedByTaniumUserId": null,
  "changeType": "created",
  "contentSetId": 105,
  "name": "AV-Network-Server Firewall Rules",
  "description": "Converted from GPO: AV-Network-Server Firewall Rules ([object Object])",
  "version": 1,
  "priority": 7,
  "typeId": 0,
  "data": {
    "policyItems": [
      {
        "state": "enabled",
        "name": "Registry Setting - [SOFTWARE\\Policies\\Microsoft\\WindowsFirewall",
        "kvps": [
          {
            "key": "SOFTWARE\\Policies\\Microsoft\\WindowsFirewall",
            "valueName": "Enabled",
            "value": "\u0004",
            "delete": false,
            "lgpoType": "ENFORCE_REG_SZ",
            "presentationId": "windows:Registry/windef:MachineSettings:WindowsFirewall_Enabled"
          }
        ],
        "categoryPath": [
          "windows:Registry",
          "windef:MachineSettings"
        ],
        "hasLgpo": true
      },
      {
        "state": "enabled",
        "name": "Registry Setting - [SOFTWARE\\Policies\\Microsoft\\WindowsFirewall\\DomainProfile",
        "kvps": [
          {
            "key": "SOFTWARE\\Policies\\Microsoft\\WindowsFirewall\\DomainProfile",
            "valueName": "Enabled",
            "value": "\u0004",
            "delete": false,
            "lgpoType": "ENFORCE_REG_SZ",
            "presentationId": "windows:Registry/windef:MachineSettings:DomainProfile_Enabled"
          }
        ],
        "categoryPath": [
          "windows:Registry",
          "windef:MachineSettings"
        ],
        "hasLgpo": true
      },
      {
        "state": "enabled",
        "name": "Registry Setting - [SOFTWARE\\Policies\\Microsoft\\WindowsFirewall\\DomainProfile\\AuthorizedApplications",
        "kvps": [
          {
            "key": "SOFTWARE\\Policies\\Microsoft\\WindowsFirewall\\DomainProfile",
            "valueName": "AuthorizedApplications",
            "value": "\u0004",
            "delete": false,
            "lgpoType": "ENFORCE_REG_SZ",
            "presentationId": "windows:Registry/windef:MachineSettings:DomainProfile_SOFTWARE\\Policies\\Microsoft\\WindowsFirewall\\DomainProfile\\AuthorizedApplications"
          }
        ],
        "categoryPath": [
          "windows:Registry",
          "windef:MachineSettings"
        ],
        "hasLgpo": true
      },
      {
        "state": "enabled",
        "name": "Registry Setting - [SOFTWARE\\Policies\\Microsoft\\WindowsFirewall\\DomainProfile\\IcmpSettings",
        "kvps": [
          {
            "key": "SOFTWARE\\Policies\\Microsoft\\WindowsFirewall\\DomainProfile\\GloballyOpenPorts",
            "valueName": "IcmpSettings",
            "value": "\u0004",
            "delete": false,
            "lgpoType": "ENFORCE_REG_SZ",
            "presentationId": "windows:Registry/windef:MachineSettings:GloballyOpenPorts_SOFTWARE\\Policies\\Microsoft\\WindowsFirewall\\DomainProfile\\IcmpSettings"
          }
        ],
        "categoryPath": [
          "windows:Registry",
          "windef:MachineSettings"
        ],
        "hasLgpo": true
      },
      {
        "state": "enabled",
        "name": "Registry Setting - [SOFTWARE\\Policies\\Microsoft\\WindowsFirewall\\DomainProfile\\Logging",
        "kvps": [
          {
            "key": "SOFTWARE\\Policies\\Microsoft\\WindowsFirewall\\DomainProfile\\IcmpSettings",
            "valueName": "Logging",
            "value": "\u0004",
            "delete": false,
            "lgpoType": "ENFORCE_REG_SZ",
            "presentationId": "windows:Registry/windef:MachineSettings:IcmpSettings_SOFTWARE\\Policies\\Microsoft\\WindowsFirewall\\DomainProfile\\Logging"
          }
        ],
        "categoryPath": [
          "windows:Registry",
          "windef:MachineSettings"
        ],
        "hasLgpo": true
      },
      {
        "state": "enabled",
        "name": "Registry Setting - [SOFTWARE\\Policies\\Microsoft\\WindowsFirewall\\DomainProfile\\RemoteAdminSettings",
        "kvps": [
          {
            "key": "SOFTWARE\\Policies\\Microsoft\\WindowsFirewall\\DomainProfile\\Logging",
            "valueName": "RemoteAdminSettings",
            "value": "\u0004",
            "delete": false,
            "lgpoType": "ENFORCE_REG_SZ",
            "presentationId": "windows:Registry/windef:MachineSettings:Logging_SOFTWARE\\Policies\\Microsoft\\WindowsFirewall\\DomainProfile\\RemoteAdminSettings"
          }
        ],
        "categoryPath": [
          "windows:Registry",
          "windef:MachineSettings"
        ],
        "hasLgpo": true
      },
      {
        "state": "enabled",
        "name": "Registry Setting - [SOFTWARE\\Policies\\Microsoft\\WindowsFirewall\\DomainProfile\\Services\\FileAndPrint",
        "kvps": [
          {
            "key": "SOFTWARE\\Policies\\Microsoft\\WindowsFirewall\\DomainProfile\\RemoteAdminSettings",
            "valueName": "FileAndPrint",
            "value": "\u0004",
            "delete": false,
            "lgpoType": "ENFORCE_REG_SZ",
            "presentationId": "windows:Registry/windef:MachineSettings:RemoteAdminSettings_SOFTWARE\\Policies\\Microsoft\\WindowsFirewall\\DomainProfile\\Services\\FileAndPrint"
          }
        ],
        "categoryPath": [
          "windows:Registry",
          "windef:MachineSettings"
        ],
        "hasLgpo": true
      },
      {
        "state": "enabled",
        "name": "Registry Setting - [SOFTWARE\\Policies\\Microsoft\\WindowsFirewall\\DomainProfile\\Services\\RemoteDesktop",
        "kvps": [
          {
            "key": "SOFTWARE\\Policies\\Microsoft\\WindowsFirewall\\DomainProfile\\Services\\FileAndPrint",
            "valueName": "RemoteDesktop",
            "value": "\u0004",
            "delete": false,
            "lgpoType": "ENFORCE_REG_SZ",
            "presentationId": "windows:Registry/windef:MachineSettings:FileAndPrint_SOFTWARE\\Policies\\Microsoft\\WindowsFirewall\\DomainProfile\\Services\\RemoteDesktop"
          }
        ],
        "categoryPath": [
          "windows:Registry",
          "windef:MachineSettings"
        ],
        "hasLgpo": true
      },
      {
        "state": "enabled",
        "name": "Registry Setting - [SOFTWARE\\Policies\\Microsoft\\WindowsFirewall\\FirewallRules",
        "kvps": [
          {
            "key": "SOFTWARE\\Policies\\Microsoft\\WindowsFirewall\\DomainProfile\\Services\\RemoteDesktop",
            "valueName": "FirewallRules",
            "value": "\u0001",
            "delete": false,
            "lgpoType": "ENFORCE_REG_SZ",
            "presentationId": "windows:Registry/windef:MachineSettings:RemoteDesktop_SOFTWARE\\Policies\\Microsoft\\WindowsFirewall\\FirewallRules"
          }
        ],
        "categoryPath": [
          "windows:Registry",
          "windef:MachineSettings"
        ],
        "hasLgpo": true
      },
      {
        "state": "enabled",
        "name": "Registry Setting - [SOFTWARE\\Policies\\Microsoft\\WindowsFirewall\\PrivateProfile",
        "kvps": [
          {
            "key": "SOFTWARE\\Policies\\Microsoft\\WindowsFirewall\\PrivateProfile",
            "valueName": "Enabled",
            "value": "\u0004",
            "delete": false,
            "lgpoType": "ENFORCE_REG_SZ",
            "presentationId": "windows:Registry/windef:MachineSettings:PrivateProfile_Enabled"
          }
        ],
        "categoryPath": [
          "windows:Registry",
          "windef:MachineSettings"
        ],
        "hasLgpo": true
      },
      {
        "state": "enabled",
        "name": "Registry Setting - [SOFTWARE\\Policies\\Microsoft\\WindowsFirewall\\PrivateProfile\\AuthorizedApplications",
        "kvps": [
          {
            "key": "SOFTWARE\\Policies\\Microsoft\\WindowsFirewall\\PrivateProfile",
            "valueName": "AuthorizedApplications",
            "value": "",
            "delete": false,
            "lgpoType": "ENFORCE_REG_SZ",
            "presentationId": "windows:Registry/windef:MachineSettings:PrivateProfile_SOFTWARE\\Policies\\Microsoft\\WindowsFirewall\\PrivateProfile\\AuthorizedApplications"
          }
        ],
        "categoryPath": [
          "windows:Registry",
          "windef:MachineSettings"
        ],
        "hasLgpo": true
      },
      {
        "state": "enabled",
        "name": "Registry Setting - [SOFTWARE\\Policies\\Microsoft\\WindowsFirewall\\PrivateProfile\\Logging",
        "kvps": [
          {
            "key": "SOFTWARE\\Policies\\Microsoft\\WindowsFirewall\\PrivateProfile\\GloballyOpenPorts",
            "valueName": "Logging",
            "value": "\u0001",
            "delete": false,
            "lgpoType": "ENFORCE_REG_SZ",
            "presentationId": "windows:Registry/windef:MachineSettings:GloballyOpenPorts_SOFTWARE\\Policies\\Microsoft\\WindowsFirewall\\PrivateProfile\\Logging"
          }
        ],
        "categoryPath": [
          "windows:Registry",
          "windef:MachineSettings"
        ],
        "hasLgpo": true
      },
      {
        "state": "enabled",
        "name": "Registry Setting - [SOFTWARE\\Policies\\Microsoft\\WindowsFirewall\\PublicProfile",
        "kvps": [
          {
            "key": "SOFTWARE\\Policies\\Microsoft\\WindowsFirewall\\PrivateProfile\\Logging",
            "valueName": "PublicProfile",
            "value": "\u0004",
            "delete": false,
            "lgpoType": "ENFORCE_REG_SZ",
            "presentationId": "windows:Registry/windef:MachineSettings:Logging_SOFTWARE\\Policies\\Microsoft\\WindowsFirewall\\PublicProfile"
          }
        ],
        "categoryPath": [
          "windows:Registry",
          "windef:MachineSettings"
        ],
        "hasLgpo": true
      },
      {
        "state": "enabled",
        "name": "Registry Setting - [SOFTWARE\\Policies\\Microsoft\\WindowsFirewall\\PublicProfile\\GloballyOpenPorts",
        "kvps": [
          {
            "key": "SOFTWARE\\Policies\\Microsoft\\WindowsFirewall\\PublicProfile\\AuthorizedApplications",
            "valueName": "GloballyOpenPorts",
            "value": "",
            "delete": false,
            "lgpoType": "ENFORCE_REG_SZ",
            "presentationId": "windows:Registry/windef:MachineSettings:AuthorizedApplications_SOFTWARE\\Policies\\Microsoft\\WindowsFirewall\\PublicProfile\\GloballyOpenPorts"
          }
        ],
        "categoryPath": [
          "windows:Registry",
          "windef:MachineSettings"
        ],
        "hasLgpo": true
      },
      {
        "state": "enabled",
        "name": "Registry Setting - [SOFTWARE\\Policies\\Microsoft\\WindowsFirewall\\PublicProfile\\Logging",
        "kvps": [
          {
            "key": "SOFTWARE\\Policies\\Microsoft\\WindowsFirewall\\PublicProfile\\Logging",
            "valueName": "Enabled",
            "value": "\u0004",
            "delete": false,
            "lgpoType": "ENFORCE_REG_SZ",
            "presentationId": "windows:Registry/windef:MachineSettings:Logging_Enabled"
          }
        ],
        "categoryPath": [
          "windows:Registry",
          "windef:MachineSettings"
        ],
        "hasLgpo": true
      }
    ],
    "useManagedDefinitions": false
  },
  "isTemplate": false,
  "priorityPool": 3,
  "type": {
    "id": 0,
    "name": "admxMachine",
    "initialContentSetName": "Enforce Windows",
    "policyTypeContentSetName": "Enforce Windows Machine Administrative Templates",
    "operatingSystem": "Windows",
    "policyClass": "machine",
    "endpointType": "cx",
    "readPrivilege": "enforce policy read",
    "writePrivilege": "enforce policy write",
    "contentSetId": 105,
    "policyTypeContentSetId": 276
  },
  "hasEnforcements": false,
  "taniumUsername": null,
  "taniumUpdatedUsername": null,
  "policySource": "standard"
}