{
  "id": null,
  "created_at": null,
  "updated_at": null,
  "deletedAt": null,
  "taniumUserId": null,
  "updatedByTaniumUserId": null,
  "changeType": "created",
  "contentSetId": 105,
  "name": "AV-Security-Workstation Block Windows 11 upgrade",
  "description": "Converted from GPO: AV-Security-Workstation Block Windows 11 upgrade ([object Object])",
  "version": 1,
  "priority": 7,
  "typeId": 0,
  "data": {
    "policyItems": [
      {
        "state": "enabled",
        "name": "Select the target Feature Update version",
        "kvps": [
          {
            "key": "Software\\Policies\\Microsoft\\Windows",
            "valueName": "SelectthetargetFeatureUpdateversion",
            "value": "1",
            "delete": false,
            "lgpoType": "ENFORCE_REG_DWORD",
            "presentationId": "windows:WindowsComponents/windef:WindowsUpdate/windef:ManageupdatesofferedfromWindowsUpdate:Windows"
          }
        ],
        "categoryPath": [
          "windows:WindowsComponents",
          "windef:WindowsUpdate",
          "windef:ManageupdatesofferedfromWindowsUpdate"
        ],
        "hasLgpo": true
      },
      {
        "state": "enabled",
        "name": "Windows WindowsUpdate",
        "kvps": [
          {
            "key": "Software\\Policies\\Microsoft\\Windows\\WindowsUpdate",
            "valueName": "Enabled",
            "value": "\u0001",
            "delete": false,
            "lgpoType": "ENFORCE_REG_SZ",
            "presentationId": "windows:Registry/windef:MachineSettings:WindowsUpdate"
          }
        ],
        "categoryPath": [
          "windows:Registry",
          "windef:MachineSettings"
        ],
        "hasLgpo": true
      }
    ],
    "useManagedDefinitions": false
  },
  "isTemplate": false,
  "priorityPool": 3,
  "type": {
    "id": 0,
    "name": "admxMachine",
    "initialContentSetName": "Enforce Windows",
    "policyTypeContentSetName": "Enforce Windows Machine Administrative Templates",
    "operatingSystem": "Windows",
    "policyClass": "machine",
    "endpointType": "cx",
    "readPrivilege": "enforce policy read",
    "writePrivilege": "enforce policy write",
    "contentSetId": 105,
    "policyTypeContentSetId": 276
  },
  "hasEnforcements": false,
  "taniumUsername": null,
  "taniumUpdatedUsername": null,
  "policySource": "standard"
}