{
  "id": null,
  "created_at": null,
  "updated_at": null,
  "deletedAt": null,
  "taniumUserId": null,
  "updatedByTaniumUserId": null,
  "changeType": "created",
  "contentSetId": 105,
  "name": "AV-User-Config Win11 Personalization",
  "description": "Converted from GPO: AV-User-Config Win11 Personalization ([object Object])",
  "version": 1,
  "priority": 7,
  "typeId": 0,
  "data": {
    "policyItems": [
      {
        "state": "enabled",
        "name": "Configure user Group Policy loopback processing mode",
        "kvps": [
          {
            "key": "Software\\Policies\\Microsoft\\Windows\\System",
            "valueName": "ConfigureuserGroupPolicyloopbackprocessingmode",
            "value": "1",
            "delete": false,
            "lgpoType": "ENFORCE_REG_DWORD",
            "presentationId": "windows:System/windef:GroupPolicy:root"
          }
        ],
        "categoryPath": [
          "windows:System",
          "windef:GroupPolicy"
        ],
        "hasLgpo": true
      },
      {
        "state": "enabled",
        "name": "Registry Setting - [SOFTWARE\\Policies\\Microsoft\\Windows\\CloudContent",
        "kvps": [
          {
            "key": "SOFTWARE\\Policies\\Microsoft\\Windows\\CloudContent",
            "valueName": "SOFTWARE\\Policies\\Microsoft\\Windows\\CloudContent",
            "value": "",
            "delete": false,
            "lgpoType": "ENFORCE_REG_SZ",
            "presentationId": "windows:Registry/windef:UserSettings:SOFTWARE\\Policies\\Microsoft\\Windows\\CloudContent"
          }
        ],
        "categoryPath": [
          "windows:Registry",
          "windef:UserSettings"
        ],
        "hasLgpo": true
      },
      {
        "state": "enabled",
        "name": "Registry Setting - [SOFTWARE\\Policies\\Microsoft\\Windows\\CloudContent",
        "kvps": [
          {
            "key": "SOFTWARE\\Policies\\Microsoft\\Windows\\CloudContent",
            "valueName": "SOFTWARE\\Policies\\Microsoft\\Windows\\CloudContent",
            "value": "",
            "delete": false,
            "lgpoType": "ENFORCE_REG_SZ",
            "presentationId": "windows:Registry/windef:UserSettings:SOFTWARE\\Policies\\Microsoft\\Windows\\CloudContent"
          }
        ],
        "categoryPath": [
          "windows:Registry",
          "windef:UserSettings"
        ],
        "hasLgpo": true
      },
      {
        "state": "enabled",
        "name": "Registry Setting - [SOFTWARE\\Policies\\Microsoft\\Windows\\CloudContent",
        "kvps": [
          {
            "key": "SOFTWARE\\Policies\\Microsoft\\Windows\\CloudContent",
            "valueName": "SOFTWARE\\Policies\\Microsoft\\Windows\\CloudContent",
            "value": "",
            "delete": false,
            "lgpoType": "ENFORCE_REG_SZ",
            "presentationId": "windows:Registry/windef:UserSettings:SOFTWARE\\Policies\\Microsoft\\Windows\\CloudContent"
          }
        ],
        "categoryPath": [
          "windows:Registry",
          "windef:UserSettings"
        ],
        "hasLgpo": true
      },
      {
        "state": "enabled",
        "name": "Registry Setting - [SOFTWARE\\Policies\\Microsoft\\Windows\\CloudContent",
        "kvps": [
          {
            "key": "SOFTWARE\\Policies\\Microsoft\\Windows\\CloudContent",
            "valueName": "SOFTWARE\\Policies\\Microsoft\\Windows\\CloudContent",
            "value": "",
            "delete": false,
            "lgpoType": "ENFORCE_REG_SZ",
            "presentationId": "windows:Registry/windef:UserSettings:SOFTWARE\\Policies\\Microsoft\\Windows\\CloudContent"
          }
        ],
        "categoryPath": [
          "windows:Registry",
          "windef:UserSettings"
        ],
        "hasLgpo": true
      },
      {
        "state": "enabled",
        "name": "Registry Setting - [SOFTWARE\\Policies\\Microsoft\\Windows\\CurrentVersion\\PushNotifications",
        "kvps": [
          {
            "key": "SOFTWARE\\Policies\\Microsoft\\Windows\\CloudContent",
            "valueName": "SOFTWARE\\Policies\\Microsoft\\Windows\\CurrentVersion\\PushNotifications",
            "value": "",
            "delete": false,
            "lgpoType": "ENFORCE_REG_SZ",
            "presentationId": "windows:Registry/windef:UserSettings:SOFTWARE\\Policies\\Microsoft\\Windows\\CurrentVersion\\PushNotifications"
          }
        ],
        "categoryPath": [
          "windows:Registry",
          "windef:UserSettings"
        ],
        "hasLgpo": true
      }
    ],
    "useManagedDefinitions": false
  },
  "isTemplate": false,
  "priorityPool": 3,
  "type": {
    "id": 0,
    "name": "admxMachine",
    "initialContentSetName": "Enforce Windows",
    "policyTypeContentSetName": "Enforce Windows Machine Administrative Templates",
    "operatingSystem": "Windows",
    "policyClass": "machine",
    "endpointType": "cx",
    "readPrivilege": "enforce policy read",
    "writePrivilege": "enforce policy write",
    "contentSetId": 105,
    "policyTypeContentSetId": 276
  },
  "hasEnforcements": false,
  "taniumUsername": null,
  "taniumUpdatedUsername": null,
  "policySource": "standard"
}