{
  "id": null,
  "created_at": "2025-02-18T16:52:04.407Z",
  "updated_at": "2025-02-18T16:52:04.407Z",
  "deletedAt": null,
  "taniumUserId": 562,
  "updatedByTaniumUserId": 562,
  "changeType": "created",
  "contentSetId": 105,
  "name": "AV-User-Config Win11 Personalization",
  "description": "Converted from GPO: AV-User-Config Win11 Personalization (156203D9-12F7-4FE1-8F95-302827D97FB6)",
  "version": 1,
  "priority": 134,
  "typeId": 0,
  "data": {
    "policyItems": [
      {
        "state": "enabled",
        "name": "Configure user Group Policy loopback processing mode",
        "kvps": [
          {
            "key": "Software\\Policies\\Microsoft\\Windows\\System",
            "valueName": "ConfigureuserGroupPolicyloopbackprocessingmode",
            "value": 1,
            "delete": false,
            "lgpoType": "ENFORCE_REG_DWORD",
            "presentationId": "windows:system/windef:grouppolicy:system"
          }
        ],
        "categoryPath": [
          "windows:System",
          "windef:GroupPolicy"
        ],
        "hasLgpo": true
      },
      {
        "state": "enabled",
        "name": "Windows CloudContent",
        "kvps": [
          {
            "key": "SOFTWARE\\Policies\\Microsoft\\Windows\\CloudContent",
            "valueName": "Enabled",
            "value": "\u0004",
            "delete": false,
            "lgpoType": "ENFORCE_REG_SZ",
            "presentationId": "windows:registry/windef:usersettings:cloudcontent"
          }
        ],
        "categoryPath": [
          "windows:Registry",
          "windef:UserSettings",
          "Windows"
        ],
        "hasLgpo": true
      },
      {
        "state": "enabled",
        "name": "CurrentVersion PushNotifications",
        "kvps": [
          {
            "key": "SOFTWARE\\Policies\\Microsoft\\Windows\\CloudContent",
            "valueName": "PushNotifications",
            "value": "\u0004",
            "delete": false,
            "lgpoType": "ENFORCE_REG_SZ",
            "presentationId": "windows:registry/windef:usersettings:cloudcontent"
          }
        ],
        "categoryPath": [
          "windows:Registry",
          "windef:UserSettings",
          "Windows"
        ],
        "hasLgpo": true
      }
    ],
    "useManagedDefinitions": false
  },
  "isTemplate": false,
  "priorityPool": 3,
  "type": {
    "id": 0,
    "name": "admxMachine",
    "initialContentSetName": "Enforce Windows",
    "policyTypeContentSetName": "Enforce Windows Machine Administrative Templates",
    "operatingSystem": "Windows",
    "policyClass": "machine",
    "endpointType": "cx",
    "readPrivilege": "enforce policy read",
    "writePrivilege": "enforce policy write",
    "contentSetId": 105,
    "policyTypeContentSetId": 276
  },
  "hasEnforcements": false,
  "taniumUsername": "jessewyatt",
  "taniumUpdatedUsername": "jessewyatt",
  "policySource": "standard"
}