{
  "id": null,
  "created_at": null,
  "updated_at": null,
  "deletedAt": null,
  "taniumUserId": null,
  "updatedByTaniumUserId": null,
  "changeType": "created",
  "contentSetId": 105,
  "name": "AVD-User-Config-Control-Panel",
  "description": "Converted from GPO: AVD-User-Config-Control-Panel ([object Object])",
  "version": 1,
  "priority": 7,
  "typeId": 0,
  "data": {
    "policyItems": [
      {
        "state": "enabled",
        "name": "Settings Page Visibility",
        "kvps": [
          {
            "key": "Software\\Policies\\Microsoft\\Windows\\ControlPanel",
            "valueName": "SettingsPageVisibility",
            "value": "1",
            "delete": false,
            "lgpoType": "ENFORCE_REG_DWORD",
            "presentationId": "windows:ControlPanel:root"
          }
        ],
        "categoryPath": [
          "windows:ControlPanel"
        ],
        "hasLgpo": true
      },
      {
        "state": "enabled",
        "name": "Show only specified Control Panel items",
        "kvps": [
          {
            "key": "Software\\Policies\\Microsoft\\Windows\\ControlPanel",
            "valueName": "ShowonlyspecifiedControlPanelitems",
            "value": "1",
            "delete": false,
            "lgpoType": "ENFORCE_REG_DWORD",
            "presentationId": "windows:ControlPanel:root"
          }
        ],
        "categoryPath": [
          "windows:ControlPanel"
        ],
        "hasLgpo": true
      },
      {
        "state": "enabled",
        "name": "Registry Setting - [Software\\Microsoft\\Windows\\CurrentVersion\\Policies\\Explorer",
        "kvps": [
          {
            "key": "Software\\Microsoft\\Windows\\CurrentVersion\\Policies\\Explorer",
            "valueName": "Software\\Microsoft\\Windows\\CurrentVersion\\Policies\\Explorer",
            "value": "",
            "delete": false,
            "lgpoType": "ENFORCE_REG_SZ",
            "presentationId": "windows:Registry/windef:UserSettings:Software\\Microsoft\\Windows\\CurrentVersion\\Policies\\Explorer"
          }
        ],
        "categoryPath": [
          "windows:Registry",
          "windef:UserSettings"
        ],
        "hasLgpo": true
      },
      {
        "state": "enabled",
        "name": "Registry Setting - [Software\\Microsoft\\Windows\\CurrentVersion\\Policies\\Explorer\\RestrictCpl",
        "kvps": [
          {
            "key": "Software\\Microsoft\\Windows\\CurrentVersion\\Policies\\Explorer\\RestrictCpl",
            "valueName": "Software\\Microsoft\\Windows\\CurrentVersion\\Policies\\Explorer\\RestrictCpl",
            "value": "",
            "delete": false,
            "lgpoType": "ENFORCE_REG_SZ",
            "presentationId": "windows:Registry/windef:UserSettings:Software\\Microsoft\\Windows\\CurrentVersion\\Policies\\Explorer\\RestrictCpl"
          }
        ],
        "categoryPath": [
          "windows:Registry",
          "windef:UserSettings"
        ],
        "hasLgpo": true
      }
    ],
    "useManagedDefinitions": false
  },
  "isTemplate": false,
  "priorityPool": 3,
  "type": {
    "id": 0,
    "name": "admxMachine",
    "initialContentSetName": "Enforce Windows",
    "policyTypeContentSetName": "Enforce Windows Machine Administrative Templates",
    "operatingSystem": "Windows",
    "policyClass": "machine",
    "endpointType": "cx",
    "readPrivilege": "enforce policy read",
    "writePrivilege": "enforce policy write",
    "contentSetId": 105,
    "policyTypeContentSetId": 276
  },
  "hasEnforcements": false,
  "taniumUsername": null,
  "taniumUpdatedUsername": null,
  "policySource": "standard"
}