{
  "id": null,
  "created_at": null,
  "updated_at": null,
  "deletedAt": null,
  "taniumUserId": null,
  "updatedByTaniumUserId": null,
  "changeType": "created",
  "contentSetId": 105,
  "name": "AVD-User-Config-Network",
  "description": "Converted from GPO: AVD-User-Config-Network ([object Object])",
  "version": 1,
  "priority": 7,
  "typeId": 0,
  "data": {
    "policyItems": [
      {
        "state": "disabled",
        "name": "Ability to Enable/Disable a LAN connection",
        "kvps": [
          {
            "key": "Software\\Policies\\Microsoft\\Windows\\Network",
            "valueName": "AbilitytoEnableDisableaLANconnection",
            "value": "0",
            "delete": false,
            "lgpoType": "ENFORCE_REG_DWORD",
            "presentationId": "windows:Network/windef:NetworkConnections:root"
          }
        ],
        "categoryPath": [
          "windows:Network",
          "windef:NetworkConnections"
        ],
        "hasLgpo": true
      },
      {
        "state": "enabled",
        "name": "Prohibit access to properties of a LAN connection",
        "kvps": [
          {
            "key": "Software\\Policies\\Microsoft\\Windows\\Network",
            "valueName": "ProhibitaccesstopropertiesofaLANconnection",
            "value": "1",
            "delete": false,
            "lgpoType": "ENFORCE_REG_DWORD",
            "presentationId": "windows:Network/windef:NetworkConnections:root"
          }
        ],
        "categoryPath": [
          "windows:Network",
          "windef:NetworkConnections"
        ],
        "hasLgpo": true
      },
      {
        "state": "enabled",
        "name": "Registry Setting - [Software\\Policies\\Microsoft\\Windows\\Network Connections",
        "kvps": [
          {
            "key": "Software\\Policies\\Microsoft\\Windows\\Network Connections",
            "valueName": "Software\\Policies\\Microsoft\\Windows\\Network Connections",
            "value": "",
            "delete": false,
            "lgpoType": "ENFORCE_REG_SZ",
            "presentationId": "windows:Registry/windef:UserSettings:Software\\Policies\\Microsoft\\Windows\\Network Connections"
          }
        ],
        "categoryPath": [
          "windows:Registry",
          "windef:UserSettings"
        ],
        "hasLgpo": true
      }
    ],
    "useManagedDefinitions": false
  },
  "isTemplate": false,
  "priorityPool": 3,
  "type": {
    "id": 0,
    "name": "admxMachine",
    "initialContentSetName": "Enforce Windows",
    "policyTypeContentSetName": "Enforce Windows Machine Administrative Templates",
    "operatingSystem": "Windows",
    "policyClass": "machine",
    "endpointType": "cx",
    "readPrivilege": "enforce policy read",
    "writePrivilege": "enforce policy write",
    "contentSetId": 105,
    "policyTypeContentSetId": 276
  },
  "hasEnforcements": false,
  "taniumUsername": null,
  "taniumUpdatedUsername": null,
  "policySource": "standard"
}