{
  "id": null,
  "created_at": "2025-02-18T16:52:04.403Z",
  "updated_at": "2025-02-18T16:52:04.403Z",
  "deletedAt": null,
  "taniumUserId": 562,
  "updatedByTaniumUserId": 562,
  "changeType": "created",
  "contentSetId": 105,
  "name": "AVD-User-Config-Start-Menu",
  "description": "Converted from GPO: AVD-User-Config-Start-Menu (95694E8A-F5C7-4C3A-83F2-89E69ED92114)",
  "version": 1,
  "priority": 132,
  "typeId": 0,
  "data": {
    "policyItems": [
      {
        "state": "enabled",
        "name": "Clear the recent programs list for new users",
        "kvps": [
          {
            "key": "Software\\Policies\\Microsoft\\Windows\\StartMenuandTaskbar",
            "valueName": "Cleartherecentprogramslistfornewusers",
            "value": 1,
            "delete": false,
            "lgpoType": "ENFORCE_REG_DWORD",
            "presentationId": "windows:startmenuandtaskbar:startmenuandtaskbar"
          }
        ],
        "categoryPath": [
          "windows:StartMenuandTaskbar"
        ],
        "hasLgpo": true
      },
      {
        "state": "enabled",
        "name": "Disable context menus in the Start Menu",
        "kvps": [
          {
            "key": "Software\\Policies\\Microsoft\\Windows\\StartMenuandTaskbar",
            "valueName": "contextmenusintheStartMenu",
            "value": 1,
            "delete": false,
            "lgpoType": "ENFORCE_REG_DWORD",
            "presentationId": "windows:startmenuandtaskbar:contextmenusinthestartmenu"
          }
        ],
        "categoryPath": [
          "windows:StartMenuandTaskbar"
        ],
        "hasLgpo": true
      },
      {
        "state": "enabled",
        "name": "Do not allow pinning Store app to the Taskbar",
        "kvps": [
          {
            "key": "Software\\Policies\\Microsoft\\Windows\\StartMenuandTaskbar",
            "valueName": "DonotallowpinningStoreapptotheTaskbar",
            "value": 1,
            "delete": false,
            "lgpoType": "ENFORCE_REG_DWORD",
            "presentationId": "windows:startmenuandtaskbar:startmenuandtaskbar"
          }
        ],
        "categoryPath": [
          "windows:StartMenuandTaskbar"
        ],
        "hasLgpo": true
      },
      {
        "state": "enabled",
        "name": "Do not display or track items in Jump Lists from remote locations",
        "kvps": [
          {
            "key": "Software\\Policies\\Microsoft\\Windows\\StartMenuandTaskbar",
            "valueName": "DonotdisplayortrackitemsinJumpListsfromremotelocations",
            "value": 1,
            "delete": false,
            "lgpoType": "ENFORCE_REG_DWORD",
            "presentationId": "windows:startmenuandtaskbar:startmenuandtaskbar"
          }
        ],
        "categoryPath": [
          "windows:StartMenuandTaskbar"
        ],
        "hasLgpo": true
      },
      {
        "state": "enabled",
        "name": "Remove and prevent access to the Shut Down, Restart, Sleep, and Hibernate commands",
        "kvps": [
          {
            "key": "Software\\Policies\\Microsoft\\Windows\\StartMenuandTaskbar",
            "valueName": "RemoveandpreventaccesstotheShutDownRestartSleepandHibernatecommands",
            "value": 1,
            "delete": false,
            "lgpoType": "ENFORCE_REG_DWORD",
            "presentationId": "windows:startmenuandtaskbar:startmenuandtaskbar"
          }
        ],
        "categoryPath": [
          "windows:StartMenuandTaskbar"
        ],
        "hasLgpo": true
      },
      {
        "state": "enabled",
        "name": "Remove Help menu from Start Menu",
        "kvps": [
          {
            "key": "Software\\Policies\\Microsoft\\Windows\\StartMenuandTaskbar",
            "valueName": "RemoveHelpmenufromStartMenu",
            "value": 1,
            "delete": false,
            "lgpoType": "ENFORCE_REG_DWORD",
            "presentationId": "windows:startmenuandtaskbar:removehelpmenufromstartmenu"
          }
        ],
        "categoryPath": [
          "windows:StartMenuandTaskbar"
        ],
        "hasLgpo": true
      },
      {
        "state": "enabled",
        "name": "Remove links and access to Windows Update",
        "kvps": [
          {
            "key": "Software\\Policies\\Microsoft\\Windows\\StartMenuandTaskbar",
            "valueName": "RemovelinksandaccesstoWindowsUpdate",
            "value": 1,
            "delete": false,
            "lgpoType": "ENFORCE_REG_DWORD",
            "presentationId": "windows:startmenuandtaskbar:startmenuandtaskbar"
          }
        ],
        "categoryPath": [
          "windows:StartMenuandTaskbar"
        ],
        "hasLgpo": true
      },
      {
        "state": "enabled",
        "name": "Remove Network icon from Start Menu",
        "kvps": [
          {
            "key": "Software\\Policies\\Microsoft\\Windows\\StartMenuandTaskbar",
            "valueName": "RemoveNetworkiconfromStartMenu",
            "value": 1,
            "delete": false,
            "lgpoType": "ENFORCE_REG_DWORD",
            "presentationId": "windows:startmenuandtaskbar:removenetworkiconfromstartmenu"
          }
        ],
        "categoryPath": [
          "windows:StartMenuandTaskbar"
        ],
        "hasLgpo": true
      },
      {
        "state": "enabled",
        "name": "Remove the networking icon",
        "kvps": [
          {
            "key": "Software\\Policies\\Microsoft\\Windows\\StartMenuandTaskbar",
            "valueName": "Removethenetworkingicon",
            "value": 1,
            "delete": false,
            "lgpoType": "ENFORCE_REG_DWORD",
            "presentationId": "windows:startmenuandtaskbar:removethenetworkingicon"
          }
        ],
        "categoryPath": [
          "windows:StartMenuandTaskbar"
        ],
        "hasLgpo": true
      },
      {
        "state": "enabled",
        "name": "Remove the People Bar from the taskbar",
        "kvps": [
          {
            "key": "Software\\Policies\\Microsoft\\Windows\\StartMenuandTaskbar",
            "valueName": "RemovethePeopleBarfromthetaskbar",
            "value": 1,
            "delete": false,
            "lgpoType": "ENFORCE_REG_DWORD",
            "presentationId": "windows:startmenuandtaskbar:removethepeoplebarfromthetaskbar"
          }
        ],
        "categoryPath": [
          "windows:StartMenuandTaskbar"
        ],
        "hasLgpo": true
      },
      {
        "state": "enabled",
        "name": "Remove the Security and Maintenance icon",
        "kvps": [
          {
            "key": "Software\\Policies\\Microsoft\\Windows\\StartMenuandTaskbar",
            "valueName": "RemovetheSecurityandMaintenanceicon",
            "value": 1,
            "delete": false,
            "lgpoType": "ENFORCE_REG_DWORD",
            "presentationId": "windows:startmenuandtaskbar:startmenuandtaskbar"
          }
        ],
        "categoryPath": [
          "windows:StartMenuandTaskbar"
        ],
        "hasLgpo": true
      },
      {
        "state": "enabled",
        "name": "Remove user folder link from Start Menu",
        "kvps": [
          {
            "key": "Software\\Policies\\Microsoft\\Windows\\StartMenuandTaskbar",
            "valueName": "RemoveuserfolderlinkfromStartMenu",
            "value": 1,
            "delete": false,
            "lgpoType": "ENFORCE_REG_DWORD",
            "presentationId": "windows:startmenuandtaskbar:startmenuandtaskbar"
          }
        ],
        "categoryPath": [
          "windows:StartMenuandTaskbar"
        ],
        "hasLgpo": true
      },
      {
        "state": "enabled",
        "name": "Turn off feature advertisement balloon notifications",
        "kvps": [
          {
            "key": "Software\\Policies\\Microsoft\\Windows\\StartMenuandTaskbar",
            "valueName": "Turnofffeatureadvertisementballoonnotifications",
            "value": 1,
            "delete": false,
            "lgpoType": "ENFORCE_REG_DWORD",
            "presentationId": "windows:startmenuandtaskbar:startmenuandtaskbar"
          }
        ],
        "categoryPath": [
          "windows:StartMenuandTaskbar"
        ],
        "hasLgpo": true
      },
      {
        "state": "enabled",
        "name": "Turn off user tracking",
        "kvps": [
          {
            "key": "Software\\Policies\\Microsoft\\Windows\\StartMenuandTaskbar",
            "valueName": "Turnoffusertracking",
            "value": 1,
            "delete": false,
            "lgpoType": "ENFORCE_REG_DWORD",
            "presentationId": "windows:startmenuandtaskbar:turnoffusertracking"
          }
        ],
        "categoryPath": [
          "windows:StartMenuandTaskbar"
        ],
        "hasLgpo": true
      },
      {
        "state": "enabled",
        "name": "Turn off toast notifications",
        "kvps": [
          {
            "key": "Software\\Policies\\Microsoft\\Windows\\StartMenuandTaskbar",
            "valueName": "Turnofftoastnotifications",
            "value": 1,
            "delete": false,
            "lgpoType": "ENFORCE_REG_DWORD",
            "presentationId": "windows:startmenuandtaskbar/windef:notifications:startmenuandtaskbar"
          }
        ],
        "categoryPath": [
          "windows:StartMenuandTaskbar",
          "windef:Notifications"
        ],
        "hasLgpo": true
      },
      {
        "state": "enabled",
        "name": "Policies Explorer",
        "kvps": [
          {
            "key": "Software\\Microsoft\\Windows\\CurrentVersion\\Policies\\Explorer",
            "valueName": "Enabled",
            "value": "\u0004",
            "delete": false,
            "lgpoType": "ENFORCE_REG_SZ",
            "presentationId": "windows:registry/windef:usersettings:explorer"
          }
        ],
        "categoryPath": [
          "windows:Registry",
          "windef:UserSettings",
          "Policies"
        ],
        "hasLgpo": true
      },
      {
        "state": "enabled",
        "name": "CurrentVersion PushNotifications",
        "kvps": [
          {
            "key": "Software\\Microsoft\\Windows\\CurrentVersion\\Policies\\Explorer",
            "valueName": "PushNotifications",
            "value": "\u0004",
            "delete": false,
            "lgpoType": "ENFORCE_REG_SZ",
            "presentationId": "windows:registry/windef:usersettings:explorer"
          }
        ],
        "categoryPath": [
          "windows:Registry",
          "windef:UserSettings",
          "Policies"
        ],
        "hasLgpo": true
      },
      {
        "state": "enabled",
        "name": "Windows Explorer",
        "kvps": [
          {
            "key": "Software\\Policies\\Microsoft\\Windows\\Explorer",
            "valueName": "Enabled",
            "value": "\u0004",
            "delete": false,
            "lgpoType": "ENFORCE_REG_SZ",
            "presentationId": "windows:registry/windef:usersettings:explorer"
          }
        ],
        "categoryPath": [
          "windows:Registry",
          "windef:UserSettings",
          "Windows"
        ],
        "hasLgpo": true
      }
    ],
    "useManagedDefinitions": false
  },
  "isTemplate": false,
  "priorityPool": 3,
  "type": {
    "id": 0,
    "name": "admxMachine",
    "initialContentSetName": "Enforce Windows",
    "policyTypeContentSetName": "Enforce Windows Machine Administrative Templates",
    "operatingSystem": "Windows",
    "policyClass": "machine",
    "endpointType": "cx",
    "readPrivilege": "enforce policy read",
    "writePrivilege": "enforce policy write",
    "contentSetId": 105,
    "policyTypeContentSetId": 276
  },
  "hasEnforcements": false,
  "taniumUsername": "jessewyatt",
  "taniumUpdatedUsername": "jessewyatt",
  "policySource": "standard"
}