{
  "id": null,
  "created_at": null,
  "updated_at": null,
  "deletedAt": null,
  "taniumUserId": null,
  "updatedByTaniumUserId": null,
  "changeType": "created",
  "contentSetId": 105,
  "name": "AVD-Computer-Config-General",
  "description": "Converted from GPO: AVD-Computer-Config-General ([object Object])",
  "version": 1,
  "priority": 7,
  "typeId": 0,
  "data": {
    "policyItems": [
      {
        "state": "enabled",
        "name": "Explorer WAU",
        "kvps": [
          {
            "key": "Software\\Microsoft\\Windows\\CurrentVersion\\Policies\\Explorer",
            "valueName": "WAU",
            "value": "\u0004",
            "delete": false,
            "lgpoType": "ENFORCE_REG_SZ",
            "presentationId": "windows:registry/windef:machinesettings:explorer"
          }
        ],
        "categoryPath": [
          "windows:Registry",
          "windef:MachineSettings",
          "Policies"
        ],
        "hasLgpo": true
      },
      {
        "state": "enabled",
        "name": "Internet Explorer Feed Discovery",
        "kvps": [
          {
            "key": "Software\\Microsoft\\Windows\\CurrentVersion\\Policies\\MobilityCenter",
            "valueName": "Feed Discovery",
            "value": "\u0004",
            "delete": false,
            "lgpoType": "ENFORCE_REG_SZ",
            "presentationId": "windows:registry/windef:machinesettings:mobilitycenter"
          }
        ],
        "categoryPath": [
          "windows:Registry",
          "windef:MachineSettings",
          "Policies"
        ],
        "hasLgpo": true
      },
      {
        "state": "enabled",
        "name": "Windows CloudContent",
        "kvps": [
          {
            "key": "Software\\Policies\\Microsoft\\Windows\\CloudContent",
            "valueName": "Enabled",
            "value": "\u0004",
            "delete": false,
            "lgpoType": "ENFORCE_REG_SZ",
            "presentationId": "windows:registry/windef:machinesettings:cloudcontent"
          }
        ],
        "categoryPath": [
          "windows:Registry",
          "windef:MachineSettings",
          "Windows"
        ],
        "hasLgpo": true
      },
      {
        "state": "enabled",
        "name": "Windows DataCollection",
        "kvps": [
          {
            "key": "Software\\Policies\\Microsoft\\Windows\\DataCollection",
            "valueName": "Enabled",
            "value": "\u0004",
            "delete": false,
            "lgpoType": "ENFORCE_REG_SZ",
            "presentationId": "windows:registry/windef:machinesettings:datacollection"
          }
        ],
        "categoryPath": [
          "windows:Registry",
          "windef:MachineSettings",
          "Windows"
        ],
        "hasLgpo": true
      },
      {
        "state": "enabled",
        "name": "Windows DWM",
        "kvps": [
          {
            "key": "Software\\Policies\\Microsoft\\Windows\\DWM",
            "valueName": "Enabled",
            "value": "\u0004",
            "delete": false,
            "lgpoType": "ENFORCE_REG_SZ",
            "presentationId": "windows:registry/windef:machinesettings:dwm"
          }
        ],
        "categoryPath": [
          "windows:Registry",
          "windef:MachineSettings",
          "Windows"
        ],
        "hasLgpo": true
      },
      {
        "state": "enabled",
        "name": "Windows EdgeUI",
        "kvps": [
          {
            "key": "Software\\Policies\\Microsoft\\Windows\\DWM",
            "valueName": "EdgeUI",
            "value": "\u0004",
            "delete": false,
            "lgpoType": "ENFORCE_REG_SZ",
            "presentationId": "windows:registry/windef:machinesettings:dwm"
          }
        ],
        "categoryPath": [
          "windows:Registry",
          "windef:MachineSettings",
          "Windows"
        ],
        "hasLgpo": true
      },
      {
        "state": "enabled",
        "name": "Windows Explorer",
        "kvps": [
          {
            "key": "Software\\Policies\\Microsoft\\Windows\\EdgeUI",
            "valueName": "Explorer",
            "value": "\u0004",
            "delete": false,
            "lgpoType": "ENFORCE_REG_SZ",
            "presentationId": "windows:registry/windef:machinesettings:edgeui"
          }
        ],
        "categoryPath": [
          "windows:Registry",
          "windef:MachineSettings",
          "Windows"
        ],
        "hasLgpo": true
      },
      {
        "state": "enabled",
        "name": "Windows Installer",
        "kvps": [
          {
            "key": "Software\\Policies\\Microsoft\\Windows\\Installer",
            "valueName": "Enabled",
            "value": "\u0004",
            "delete": false,
            "lgpoType": "ENFORCE_REG_SZ",
            "presentationId": "windows:registry/windef:machinesettings:installer"
          }
        ],
        "categoryPath": [
          "windows:Registry",
          "windef:MachineSettings",
          "Windows"
        ],
        "hasLgpo": true
      },
      {
        "state": "enabled",
        "name": "Windows LocationAndSensors",
        "kvps": [
          {
            "key": "Software\\Policies\\Microsoft\\Windows\\LocationAndSensors",
            "valueName": "Enabled",
            "value": "\u0004",
            "delete": false,
            "lgpoType": "ENFORCE_REG_SZ",
            "presentationId": "windows:registry/windef:machinesettings:locationandsensors"
          }
        ],
        "categoryPath": [
          "windows:Registry",
          "windef:MachineSettings",
          "Windows"
        ],
        "hasLgpo": true
      },
      {
        "state": "enabled",
        "name": "Windows Maps",
        "kvps": [
          {
            "key": "Software\\Policies\\Microsoft\\Windows\\Maps",
            "valueName": "Enabled",
            "value": "\u0004",
            "delete": false,
            "lgpoType": "ENFORCE_REG_SZ",
            "presentationId": "windows:registry/windef:machinesettings:maps"
          }
        ],
        "categoryPath": [
          "windows:Registry",
          "windef:MachineSettings",
          "Windows"
        ],
        "hasLgpo": true
      },
      {
        "state": "enabled",
        "name": "Reliability Analysis WMI",
        "kvps": [
          {
            "key": "Software\\Policies\\Microsoft\\Windows\\PreviewBuilds",
            "valueName": "WMI",
            "value": "\u0004",
            "delete": false,
            "lgpoType": "ENFORCE_REG_SZ",
            "presentationId": "windows:registry/windef:machinesettings:previewbuilds"
          }
        ],
        "categoryPath": [
          "windows:Registry",
          "windef:MachineSettings",
          "Windows"
        ],
        "hasLgpo": true
      },
      {
        "state": "enabled",
        "name": "Windows Windows Error Reporting",
        "kvps": [
          {
            "key": "Software\\Policies\\Microsoft\\Windows\\System",
            "valueName": "Windows Error Reporting",
            "value": "\u0004",
            "delete": false,
            "lgpoType": "ENFORCE_REG_SZ",
            "presentationId": "windows:registry/windef:machinesettings:system"
          }
        ],
        "categoryPath": [
          "windows:Registry",
          "windef:MachineSettings",
          "Windows"
        ],
        "hasLgpo": true
      },
      {
        "state": "enabled",
        "name": "Microsoft WindowsInkWorkspace",
        "kvps": [
          {
            "key": "Software\\Policies\\Microsoft\\Windows\\Windows Error Reporting",
            "valueName": "WindowsInkWorkspace",
            "value": "\u0004",
            "delete": false,
            "lgpoType": "ENFORCE_REG_SZ",
            "presentationId": "windows:registry/windef:machinesettings:windows error reporting"
          }
        ],
        "categoryPath": [
          "windows:Registry",
          "windef:MachineSettings",
          "Windows"
        ],
        "hasLgpo": true
      },
      {
        "state": "enabled",
        "name": "Microsoft WindowsMediaPlayer",
        "kvps": [
          {
            "key": "Software\\Policies\\Microsoft\\WindowsMediaPlayer",
            "valueName": "Enabled",
            "value": "\u0004",
            "delete": false,
            "lgpoType": "ENFORCE_REG_SZ",
            "presentationId": "windows:registry/windef:machinesettings:windowsmediaplayer"
          }
        ],
        "categoryPath": [
          "windows:Registry",
          "windef:MachineSettings",
          "Microsoft"
        ],
        "hasLgpo": true
      }
    ],
    "useManagedDefinitions": false
  },
  "isTemplate": false,
  "priorityPool": 3,
  "type": {
    "id": 0,
    "name": "admxMachine",
    "initialContentSetName": "Enforce Windows",
    "policyTypeContentSetName": "Enforce Windows Machine Administrative Templates",
    "operatingSystem": "Windows",
    "policyClass": "machine",
    "endpointType": "cx",
    "readPrivilege": "enforce policy read",
    "writePrivilege": "enforce policy write",
    "contentSetId": 105,
    "policyTypeContentSetId": 276
  },
  "hasEnforcements": false,
  "taniumUsername": null,
  "taniumUpdatedUsername": null,
  "policySource": "standard"
}