{
  "id": null,
  "created_at": "2025-02-18T16:52:04.525Z",
  "updated_at": "2025-02-18T16:52:04.525Z",
  "deletedAt": null,
  "taniumUserId": 562,
  "updatedByTaniumUserId": 562,
  "changeType": "created",
  "contentSetId": 105,
  "name": "AVD-Computer-Config-Internet-Communication",
  "description": "Converted from GPO: AVD-Computer-Config-Internet-Communication (DE0C9F16-2ABA-49C7-86AC-72906C4D3E1E)",
  "version": 1,
  "priority": 175,
  "typeId": 0,
  "data": {
    "policyItems": [
      {
        "state": "enabled",
        "name": "Turn off access to the Store",
        "kvps": [
          {
            "key": "Software\\Policies\\Microsoft\\Windows\\System",
            "valueName": "TurnoffaccesstotheStore",
            "value": 1,
            "delete": false,
            "lgpoType": "ENFORCE_REG_DWORD",
            "presentationId": "windows:system/windef:internetcommunicationmanagement/windef:internetcommunicationsettings:system"
          }
        ],
        "categoryPath": [
          "windows:System",
          "windef:InternetCommunicationManagement",
          "windef:InternetCommunicationsettings"
        ],
        "hasLgpo": true
      },
      {
        "state": "enabled",
        "name": "Turn off Event Viewer \"Events.asp\" links",
        "kvps": [
          {
            "key": "Software\\Policies\\Microsoft\\Windows\\System",
            "valueName": "TurnoffEventViewerEventsasplinks",
            "value": 1,
            "delete": false,
            "lgpoType": "ENFORCE_REG_DWORD",
            "presentationId": "windows:system/windef:internetcommunicationmanagement/windef:internetcommunicationsettings:system"
          }
        ],
        "categoryPath": [
          "windows:System",
          "windef:InternetCommunicationManagement",
          "windef:InternetCommunicationsettings"
        ],
        "hasLgpo": true
      },
      {
        "state": "enabled",
        "name": "Turn off handwriting personalization data sharing",
        "kvps": [
          {
            "key": "Software\\Policies\\Microsoft\\Windows\\System",
            "valueName": "Turnoffhandwritingpersonalizationdatasharing",
            "value": 1,
            "delete": false,
            "lgpoType": "ENFORCE_REG_DWORD",
            "presentationId": "windows:system/windef:internetcommunicationmanagement/windef:internetcommunicationsettings:system"
          }
        ],
        "categoryPath": [
          "windows:System",
          "windef:InternetCommunicationManagement",
          "windef:InternetCommunicationsettings"
        ],
        "hasLgpo": true
      },
      {
        "state": "enabled",
        "name": "Turn off handwriting recognition error reporting",
        "kvps": [
          {
            "key": "Software\\Policies\\Microsoft\\Windows\\System",
            "valueName": "Turnoffhandwritingrecognitionerrorreporting",
            "value": 1,
            "delete": false,
            "lgpoType": "ENFORCE_REG_DWORD",
            "presentationId": "windows:system/windef:internetcommunicationmanagement/windef:internetcommunicationsettings:system"
          }
        ],
        "categoryPath": [
          "windows:System",
          "windef:InternetCommunicationManagement",
          "windef:InternetCommunicationsettings"
        ],
        "hasLgpo": true
      },
      {
        "state": "enabled",
        "name": "Turn off Help and Support Center \"Did you know?\" content",
        "kvps": [
          {
            "key": "Software\\Policies\\Microsoft\\Windows\\System",
            "valueName": "TurnoffHelpandSupportCenterDidyouknowcontent",
            "value": 1,
            "delete": false,
            "lgpoType": "ENFORCE_REG_DWORD",
            "presentationId": "windows:system/windef:internetcommunicationmanagement/windef:internetcommunicationsettings:system"
          }
        ],
        "categoryPath": [
          "windows:System",
          "windef:InternetCommunicationManagement",
          "windef:InternetCommunicationsettings"
        ],
        "hasLgpo": true
      },
      {
        "state": "enabled",
        "name": "Turn off Help and Support Center Microsoft Knowledge Base search",
        "kvps": [
          {
            "key": "Software\\Policies\\Microsoft\\Windows\\System",
            "valueName": "TurnoffHelpandSupportCenterMicrosoftKnowledgeBasesearch",
            "value": 1,
            "delete": false,
            "lgpoType": "ENFORCE_REG_DWORD",
            "presentationId": "windows:system/windef:internetcommunicationmanagement/windef:internetcommunicationsettings:system"
          }
        ],
        "categoryPath": [
          "windows:System",
          "windef:InternetCommunicationManagement",
          "windef:InternetCommunicationsettings"
        ],
        "hasLgpo": true
      },
      {
        "state": "enabled",
        "name": "Turn off Internet download for Web publishing and online ordering wizards",
        "kvps": [
          {
            "key": "Software\\Policies\\Microsoft\\Windows\\System",
            "valueName": "TurnoffInternetdownloadforWebpublishingandonlineorderingwizards",
            "value": 1,
            "delete": false,
            "lgpoType": "ENFORCE_REG_DWORD",
            "presentationId": "windows:system/windef:internetcommunicationmanagement/windef:internetcommunicationsettings:system"
          }
        ],
        "categoryPath": [
          "windows:System",
          "windef:InternetCommunicationManagement",
          "windef:InternetCommunicationsettings"
        ],
        "hasLgpo": true
      },
      {
        "state": "enabled",
        "name": "Turn off Internet File Association service",
        "kvps": [
          {
            "key": "Software\\Policies\\Microsoft\\Windows\\System",
            "valueName": "TurnoffInternetFileAssociationservice",
            "value": 1,
            "delete": false,
            "lgpoType": "ENFORCE_REG_DWORD",
            "presentationId": "windows:system/windef:internetcommunicationmanagement/windef:internetcommunicationsettings:system"
          }
        ],
        "categoryPath": [
          "windows:System",
          "windef:InternetCommunicationManagement",
          "windef:InternetCommunicationsettings"
        ],
        "hasLgpo": true
      },
      {
        "state": "enabled",
        "name": "Turn off the \"Order Prints\" picture task",
        "kvps": [
          {
            "key": "Software\\Policies\\Microsoft\\Windows\\System",
            "valueName": "TurnofftheOrderPrintspicturetask",
            "value": 1,
            "delete": false,
            "lgpoType": "ENFORCE_REG_DWORD",
            "presentationId": "windows:system/windef:internetcommunicationmanagement/windef:internetcommunicationsettings:system"
          }
        ],
        "categoryPath": [
          "windows:System",
          "windef:InternetCommunicationManagement",
          "windef:InternetCommunicationsettings"
        ],
        "hasLgpo": true
      },
      {
        "state": "enabled",
        "name": "Turn off the \"Publish to Web\" task for files and folders",
        "kvps": [
          {
            "key": "Software\\Policies\\Microsoft\\Windows\\System",
            "valueName": "TurnoffthePublishtoWebtaskforfilesandfolders",
            "value": 1,
            "delete": false,
            "lgpoType": "ENFORCE_REG_DWORD",
            "presentationId": "windows:system/windef:internetcommunicationmanagement/windef:internetcommunicationsettings:system"
          }
        ],
        "categoryPath": [
          "windows:System",
          "windef:InternetCommunicationManagement",
          "windef:InternetCommunicationsettings"
        ],
        "hasLgpo": true
      },
      {
        "state": "enabled",
        "name": "Turn off the Windows Messenger Customer Experience Improvement Program",
        "kvps": [
          {
            "key": "Software\\Policies\\Microsoft\\Windows\\System",
            "valueName": "TurnofftheWindowsMessengerCustomerExperienceImprovementProgram",
            "value": 1,
            "delete": false,
            "lgpoType": "ENFORCE_REG_DWORD",
            "presentationId": "windows:system/windef:internetcommunicationmanagement/windef:internetcommunicationsettings:system"
          }
        ],
        "categoryPath": [
          "windows:System",
          "windef:InternetCommunicationManagement",
          "windef:InternetCommunicationsettings"
        ],
        "hasLgpo": true
      },
      {
        "state": "enabled",
        "name": "Turn off Windows Customer Experience Improvement Program",
        "kvps": [
          {
            "key": "Software\\Policies\\Microsoft\\Windows\\System",
            "valueName": "TurnoffWindowsCustomerExperienceImprovementProgram",
            "value": 1,
            "delete": false,
            "lgpoType": "ENFORCE_REG_DWORD",
            "presentationId": "windows:system/windef:internetcommunicationmanagement/windef:internetcommunicationsettings:system"
          }
        ],
        "categoryPath": [
          "windows:System",
          "windef:InternetCommunicationManagement",
          "windef:InternetCommunicationsettings"
        ],
        "hasLgpo": true
      },
      {
        "state": "enabled",
        "name": "Turn off Windows Error Reporting",
        "kvps": [
          {
            "key": "Software\\Policies\\Microsoft\\Windows\\System",
            "valueName": "TurnoffWindowsErrorReporting",
            "value": 1,
            "delete": false,
            "lgpoType": "ENFORCE_REG_DWORD",
            "presentationId": "windows:system/windef:internetcommunicationmanagement/windef:internetcommunicationsettings:system"
          }
        ],
        "categoryPath": [
          "windows:System",
          "windef:InternetCommunicationManagement",
          "windef:InternetCommunicationsettings"
        ],
        "hasLgpo": true
      },
      {
        "state": "enabled",
        "name": "Turn off Windows Update device driver searching",
        "kvps": [
          {
            "key": "Software\\Policies\\Microsoft\\Windows\\System",
            "valueName": "TurnoffWindowsUpdatedevicedriversearching",
            "value": 1,
            "delete": false,
            "lgpoType": "ENFORCE_REG_DWORD",
            "presentationId": "windows:system/windef:internetcommunicationmanagement/windef:internetcommunicationsettings:system"
          }
        ],
        "categoryPath": [
          "windows:System",
          "windef:InternetCommunicationManagement",
          "windef:InternetCommunicationsettings"
        ],
        "hasLgpo": true
      },
      {
        "state": "enabled",
        "name": "Disable Windows Error Reporting",
        "kvps": [
          {
            "key": "Software\\Policies\\Microsoft\\Windows",
            "valueName": "WindowsErrorReporting",
            "value": 1,
            "delete": false,
            "lgpoType": "ENFORCE_REG_DWORD",
            "presentationId": "windows:windowscomponents/windef:windowserrorreporting:windows"
          }
        ],
        "categoryPath": [
          "windows:WindowsComponents",
          "windef:WindowsErrorReporting"
        ],
        "hasLgpo": true
      },
      {
        "state": "enabled",
        "name": "Policies Explorer",
        "kvps": [
          {
            "key": "Software\\Microsoft\\Windows\\CurrentVersion\\Policies\\Explorer",
            "valueName": "Enabled",
            "value": "\u0004",
            "delete": false,
            "lgpoType": "ENFORCE_REG_SZ",
            "presentationId": "windows:registry/windef:machinesettings:explorer"
          }
        ],
        "categoryPath": [
          "windows:Registry",
          "windef:MachineSettings",
          "Policies"
        ],
        "hasLgpo": true
      },
      {
        "state": "enabled",
        "name": "Messenger Client",
        "kvps": [
          {
            "key": "Software\\Policies\\Microsoft\\EventViewer",
            "valueName": "Client",
            "value": "\u0004",
            "delete": false,
            "lgpoType": "ENFORCE_REG_SZ",
            "presentationId": "windows:registry/windef:machinesettings:eventviewer"
          }
        ],
        "categoryPath": [
          "windows:Registry",
          "windef:MachineSettings",
          "Microsoft"
        ],
        "hasLgpo": true
      },
      {
        "state": "enabled",
        "name": "PCHealth HelpSvc",
        "kvps": [
          {
            "key": "Software\\Policies\\Microsoft\\PCHealth\\ErrorReporting",
            "valueName": "HelpSvc",
            "value": "\u0004",
            "delete": false,
            "lgpoType": "ENFORCE_REG_SZ",
            "presentationId": "windows:registry/windef:machinesettings:errorreporting"
          }
        ],
        "categoryPath": [
          "windows:Registry",
          "windef:MachineSettings",
          "PCHealth"
        ],
        "hasLgpo": true
      },
      {
        "state": "enabled",
        "name": "SQMClient Windows",
        "kvps": [
          {
            "key": "Software\\Policies\\Microsoft\\PCHealth\\HelpSvc",
            "valueName": "Windows",
            "value": "\u0004",
            "delete": false,
            "lgpoType": "ENFORCE_REG_SZ",
            "presentationId": "windows:registry/windef:machinesettings:helpsvc"
          }
        ],
        "categoryPath": [
          "windows:Registry",
          "windef:MachineSettings",
          "PCHealth"
        ],
        "hasLgpo": true
      },
      {
        "state": "enabled",
        "name": "Windows Explorer",
        "kvps": [
          {
            "key": "Software\\Policies\\Microsoft\\Windows\\DriverSearching",
            "valueName": "Explorer",
            "value": "\u0004",
            "delete": false,
            "lgpoType": "ENFORCE_REG_SZ",
            "presentationId": "windows:registry/windef:machinesettings:driversearching"
          }
        ],
        "categoryPath": [
          "windows:Registry",
          "windef:MachineSettings",
          "Windows"
        ],
        "hasLgpo": true
      },
      {
        "state": "enabled",
        "name": "Windows TabletPC",
        "kvps": [
          {
            "key": "Software\\Policies\\Microsoft\\Windows\\HandwritingErrorReports",
            "valueName": "TabletPC",
            "value": "\u0004",
            "delete": false,
            "lgpoType": "ENFORCE_REG_SZ",
            "presentationId": "windows:registry/windef:machinesettings:handwritingerrorreports"
          }
        ],
        "categoryPath": [
          "windows:Registry",
          "windef:MachineSettings",
          "Windows"
        ],
        "hasLgpo": true
      }
    ],
    "useManagedDefinitions": false
  },
  "isTemplate": false,
  "priorityPool": 3,
  "type": {
    "id": 0,
    "name": "admxMachine",
    "initialContentSetName": "Enforce Windows",
    "policyTypeContentSetName": "Enforce Windows Machine Administrative Templates",
    "operatingSystem": "Windows",
    "policyClass": "machine",
    "endpointType": "cx",
    "readPrivilege": "enforce policy read",
    "writePrivilege": "enforce policy write",
    "contentSetId": 105,
    "policyTypeContentSetId": 276
  },
  "hasEnforcements": false,
  "taniumUsername": "jessewyatt",
  "taniumUpdatedUsername": "jessewyatt",
  "policySource": "standard"
}