{
  "id": null,
  "created_at": null,
  "updated_at": null,
  "deletedAt": null,
  "taniumUserId": null,
  "updatedByTaniumUserId": null,
  "changeType": "created",
  "contentSetId": 105,
  "name": "AVD-User-Config-Start-Menu",
  "description": "Converted from GPO: AVD-User-Config-Start-Menu ([object Object])",
  "version": 1,
  "priority": 7,
  "typeId": 0,
  "data": {
    "policyItems": [
      {
        "state": "enabled",
        "name": "Clear the recent programs list for new users",
        "kvps": [
          {
            "key": "Software\\Policies\\Microsoft\\Windows\\StartMenuandTaskbar",
            "valueName": "Cleartherecentprogramslistfornewusers",
            "value": "1",
            "delete": false,
            "lgpoType": "ENFORCE_REG_DWORD",
            "presentationId": "windows:StartMenuandTaskbar:Cleartherecentprogramslistfornewusers"
          }
        ],
        "categoryPath": [
          "windows:StartMenuandTaskbar"
        ],
        "hasLgpo": true
      },
      {
        "state": "enabled",
        "name": "Disable context menus in the Start Menu",
        "kvps": [
          {
            "key": "Software\\Policies\\Microsoft\\Windows\\StartMenuandTaskbar",
            "valueName": "contextmenusintheStartMenu",
            "value": "1",
            "delete": false,
            "lgpoType": "ENFORCE_REG_DWORD",
            "presentationId": "windows:StartMenuandTaskbar:contextmenusintheStartMenu"
          }
        ],
        "categoryPath": [
          "windows:StartMenuandTaskbar"
        ],
        "hasLgpo": true
      },
      {
        "state": "enabled",
        "name": "Do not allow pinning Store app to the Taskbar",
        "kvps": [
          {
            "key": "Software\\Policies\\Microsoft\\Windows\\StartMenuandTaskbar",
            "valueName": "DonotallowpinningStoreapptotheTaskbar",
            "value": "1",
            "delete": false,
            "lgpoType": "ENFORCE_REG_DWORD",
            "presentationId": "windows:StartMenuandTaskbar:DonotallowpinningStoreapptotheTaskbar"
          }
        ],
        "categoryPath": [
          "windows:StartMenuandTaskbar"
        ],
        "hasLgpo": true
      },
      {
        "state": "enabled",
        "name": "Do not display or track items in Jump Lists from remote locations",
        "kvps": [
          {
            "key": "Software\\Policies\\Microsoft\\Windows\\StartMenuandTaskbar",
            "valueName": "DonotdisplayortrackitemsinJumpListsfromremotelocations",
            "value": "1",
            "delete": false,
            "lgpoType": "ENFORCE_REG_DWORD",
            "presentationId": "windows:StartMenuandTaskbar:DonotdisplayortrackitemsinJumpListsfromremotelocations"
          }
        ],
        "categoryPath": [
          "windows:StartMenuandTaskbar"
        ],
        "hasLgpo": true
      },
      {
        "state": "enabled",
        "name": "Remove and prevent access to the Shut Down, Restart, Sleep, and Hibernate commands",
        "kvps": [
          {
            "key": "Software\\Policies\\Microsoft\\Windows\\StartMenuandTaskbar",
            "valueName": "RemoveandpreventaccesstotheShutDownRestartSleepandHibernatecommands",
            "value": "1",
            "delete": false,
            "lgpoType": "ENFORCE_REG_DWORD",
            "presentationId": "windows:StartMenuandTaskbar:RemoveandpreventaccesstotheShutDownRestartSleepandHibernatecommands"
          }
        ],
        "categoryPath": [
          "windows:StartMenuandTaskbar"
        ],
        "hasLgpo": true
      },
      {
        "state": "enabled",
        "name": "Remove Help menu from Start Menu",
        "kvps": [
          {
            "key": "Software\\Policies\\Microsoft\\Windows\\StartMenuandTaskbar",
            "valueName": "RemoveHelpmenufromStartMenu",
            "value": "1",
            "delete": false,
            "lgpoType": "ENFORCE_REG_DWORD",
            "presentationId": "windows:StartMenuandTaskbar:RemoveHelpmenufromStartMenu"
          }
        ],
        "categoryPath": [
          "windows:StartMenuandTaskbar"
        ],
        "hasLgpo": true
      },
      {
        "state": "enabled",
        "name": "Remove links and access to Windows Update",
        "kvps": [
          {
            "key": "Software\\Policies\\Microsoft\\Windows\\StartMenuandTaskbar",
            "valueName": "RemovelinksandaccesstoWindowsUpdate",
            "value": "1",
            "delete": false,
            "lgpoType": "ENFORCE_REG_DWORD",
            "presentationId": "windows:StartMenuandTaskbar:RemovelinksandaccesstoWindowsUpdate"
          }
        ],
        "categoryPath": [
          "windows:StartMenuandTaskbar"
        ],
        "hasLgpo": true
      },
      {
        "state": "enabled",
        "name": "Remove Network icon from Start Menu",
        "kvps": [
          {
            "key": "Software\\Policies\\Microsoft\\Windows\\StartMenuandTaskbar",
            "valueName": "RemoveNetworkiconfromStartMenu",
            "value": "1",
            "delete": false,
            "lgpoType": "ENFORCE_REG_DWORD",
            "presentationId": "windows:StartMenuandTaskbar:RemoveNetworkiconfromStartMenu"
          }
        ],
        "categoryPath": [
          "windows:StartMenuandTaskbar"
        ],
        "hasLgpo": true
      },
      {
        "state": "enabled",
        "name": "Remove the networking icon",
        "kvps": [
          {
            "key": "Software\\Policies\\Microsoft\\Windows\\StartMenuandTaskbar",
            "valueName": "Removethenetworkingicon",
            "value": "1",
            "delete": false,
            "lgpoType": "ENFORCE_REG_DWORD",
            "presentationId": "windows:StartMenuandTaskbar:Removethenetworkingicon"
          }
        ],
        "categoryPath": [
          "windows:StartMenuandTaskbar"
        ],
        "hasLgpo": true
      },
      {
        "state": "enabled",
        "name": "Remove the People Bar from the taskbar",
        "kvps": [
          {
            "key": "Software\\Policies\\Microsoft\\Windows\\StartMenuandTaskbar",
            "valueName": "RemovethePeopleBarfromthetaskbar",
            "value": "1",
            "delete": false,
            "lgpoType": "ENFORCE_REG_DWORD",
            "presentationId": "windows:StartMenuandTaskbar:RemovethePeopleBarfromthetaskbar"
          }
        ],
        "categoryPath": [
          "windows:StartMenuandTaskbar"
        ],
        "hasLgpo": true
      },
      {
        "state": "enabled",
        "name": "Remove the Security and Maintenance icon",
        "kvps": [
          {
            "key": "Software\\Policies\\Microsoft\\Windows\\StartMenuandTaskbar",
            "valueName": "RemovetheSecurityandMaintenanceicon",
            "value": "1",
            "delete": false,
            "lgpoType": "ENFORCE_REG_DWORD",
            "presentationId": "windows:StartMenuandTaskbar:RemovetheSecurityandMaintenanceicon"
          }
        ],
        "categoryPath": [
          "windows:StartMenuandTaskbar"
        ],
        "hasLgpo": true
      },
      {
        "state": "enabled",
        "name": "Remove user folder link from Start Menu",
        "kvps": [
          {
            "key": "Software\\Policies\\Microsoft\\Windows\\StartMenuandTaskbar",
            "valueName": "RemoveuserfolderlinkfromStartMenu",
            "value": "1",
            "delete": false,
            "lgpoType": "ENFORCE_REG_DWORD",
            "presentationId": "windows:StartMenuandTaskbar:RemoveuserfolderlinkfromStartMenu"
          }
        ],
        "categoryPath": [
          "windows:StartMenuandTaskbar"
        ],
        "hasLgpo": true
      },
      {
        "state": "enabled",
        "name": "Turn off feature advertisement balloon notifications",
        "kvps": [
          {
            "key": "Software\\Policies\\Microsoft\\Windows\\StartMenuandTaskbar",
            "valueName": "Turnofffeatureadvertisementballoonnotifications",
            "value": "1",
            "delete": false,
            "lgpoType": "ENFORCE_REG_DWORD",
            "presentationId": "windows:StartMenuandTaskbar:Turnofffeatureadvertisementballoonnotifications"
          }
        ],
        "categoryPath": [
          "windows:StartMenuandTaskbar"
        ],
        "hasLgpo": true
      },
      {
        "state": "enabled",
        "name": "Turn off user tracking",
        "kvps": [
          {
            "key": "Software\\Policies\\Microsoft\\Windows\\StartMenuandTaskbar",
            "valueName": "Turnoffusertracking",
            "value": "1",
            "delete": false,
            "lgpoType": "ENFORCE_REG_DWORD",
            "presentationId": "windows:StartMenuandTaskbar:Turnoffusertracking"
          }
        ],
        "categoryPath": [
          "windows:StartMenuandTaskbar"
        ],
        "hasLgpo": true
      },
      {
        "state": "enabled",
        "name": "Turn off toast notifications",
        "kvps": [
          {
            "key": "Software\\Policies\\Microsoft\\Windows\\StartMenuandTaskbar",
            "valueName": "Turnofftoastnotifications",
            "value": "1",
            "delete": false,
            "lgpoType": "ENFORCE_REG_DWORD",
            "presentationId": "windows:StartMenuandTaskbar/windef:Notifications:Turnofftoastnotifications"
          }
        ],
        "categoryPath": [
          "windows:StartMenuandTaskbar",
          "windef:Notifications"
        ],
        "hasLgpo": true
      },
      {
        "state": "enabled",
        "name": "Registry Setting - [Software\\Microsoft\\Windows\\CurrentVersion\\Policies\\Explorer",
        "kvps": [
          {
            "key": "Software\\Microsoft\\Windows\\CurrentVersion\\Policies\\Explorer",
            "valueName": "Enabled",
            "value": "\u0004",
            "delete": false,
            "lgpoType": "ENFORCE_REG_SZ",
            "presentationId": "windows:Registry/windef:UserSettings:Explorer_Enabled"
          }
        ],
        "categoryPath": [
          "windows:Registry",
          "windef:UserSettings"
        ],
        "hasLgpo": true
      },
      {
        "state": "enabled",
        "name": "Registry Setting - [Software\\Policies\\Microsoft\\Windows\\CurrentVersion\\PushNotifications",
        "kvps": [
          {
            "key": "Software\\Microsoft\\Windows\\CurrentVersion\\Policies\\Explorer",
            "valueName": "PushNotifications",
            "value": "\u0004",
            "delete": false,
            "lgpoType": "ENFORCE_REG_SZ",
            "presentationId": "windows:Registry/windef:UserSettings:Explorer_Software\\Policies\\Microsoft\\Windows\\CurrentVersion\\PushNotifications"
          }
        ],
        "categoryPath": [
          "windows:Registry",
          "windef:UserSettings"
        ],
        "hasLgpo": true
      },
      {
        "state": "enabled",
        "name": "Registry Setting - [Software\\Policies\\Microsoft\\Windows\\Explorer",
        "kvps": [
          {
            "key": "Software\\Policies\\Microsoft\\Windows\\Explorer",
            "valueName": "Enabled",
            "value": "\u0004",
            "delete": false,
            "lgpoType": "ENFORCE_REG_SZ",
            "presentationId": "windows:Registry/windef:UserSettings:Explorer_Enabled"
          }
        ],
        "categoryPath": [
          "windows:Registry",
          "windef:UserSettings"
        ],
        "hasLgpo": true
      }
    ],
    "useManagedDefinitions": false
  },
  "isTemplate": false,
  "priorityPool": 3,
  "type": {
    "id": 0,
    "name": "admxMachine",
    "initialContentSetName": "Enforce Windows",
    "policyTypeContentSetName": "Enforce Windows Machine Administrative Templates",
    "operatingSystem": "Windows",
    "policyClass": "machine",
    "endpointType": "cx",
    "readPrivilege": "enforce policy read",
    "writePrivilege": "enforce policy write",
    "contentSetId": 105,
    "policyTypeContentSetId": 276
  },
  "hasEnforcements": false,
  "taniumUsername": null,
  "taniumUpdatedUsername": null,
  "policySource": "standard"
}