{
  "id": null,
  "created_at": "2025-02-18T16:52:04.612Z",
  "updated_at": "2025-02-18T16:52:04.612Z",
  "deletedAt": null,
  "taniumUserId": 562,
  "updatedByTaniumUserId": 562,
  "changeType": "created",
  "contentSetId": 105,
  "name": "AVD-Computer-Config-Network",
  "description": "Converted from GPO: AVD-Computer-Config-Network (A185047B-C47B-44BE-A0BD-971149AABB37)",
  "version": 1,
  "priority": 220,
  "typeId": 0,
  "data": {
    "policyItems": [
      {
        "state": "disabled",
        "name": "Allow BITS Peercaching",
        "kvps": [
          {
            "key": "Software\\Policies\\Microsoft\\Windows\\Network",
            "valueName": "AllowBITSPeercaching",
            "value": 1,
            "delete": false,
            "lgpoType": "ENFORCE_REG_DWORD",
            "presentationId": "windows:network/windef:backgroundintelligenttransferservice(bits):network"
          }
        ],
        "categoryPath": [
          "windows:Network",
          "windef:BackgroundIntelligentTransferService(BITS)"
        ],
        "hasLgpo": true
      },
      {
        "state": "enabled",
        "name": "Do not allow the BITS client to use Windows Branch Cache",
        "kvps": [
          {
            "key": "Software\\Policies\\Microsoft\\Windows\\Network",
            "valueName": "DonotallowtheBITSclienttouseWindowsBranchCache",
            "value": 1,
            "delete": false,
            "lgpoType": "ENFORCE_REG_DWORD",
            "presentationId": "windows:network/windef:backgroundintelligenttransferservice(bits):network"
          }
        ],
        "categoryPath": [
          "windows:Network",
          "windef:BackgroundIntelligentTransferService(BITS)"
        ],
        "hasLgpo": true
      },
      {
        "state": "enabled",
        "name": "Do not allow the computer to act as a BITS Peercaching client",
        "kvps": [
          {
            "key": "Software\\Policies\\Microsoft\\Windows\\Network",
            "valueName": "DonotallowthecomputertoactasaBITSPeercachingclient",
            "value": 1,
            "delete": false,
            "lgpoType": "ENFORCE_REG_DWORD",
            "presentationId": "windows:network/windef:backgroundintelligenttransferservice(bits):network"
          }
        ],
        "categoryPath": [
          "windows:Network",
          "windef:BackgroundIntelligentTransferService(BITS)"
        ],
        "hasLgpo": true
      },
      {
        "state": "enabled",
        "name": "Do not allow the computer to act as a BITS Peercaching server",
        "kvps": [
          {
            "key": "Software\\Policies\\Microsoft\\Windows\\Network",
            "valueName": "DonotallowthecomputertoactasaBITSPeercachingserver",
            "value": 1,
            "delete": false,
            "lgpoType": "ENFORCE_REG_DWORD",
            "presentationId": "windows:network/windef:backgroundintelligenttransferservice(bits):network"
          }
        ],
        "categoryPath": [
          "windows:Network",
          "windef:BackgroundIntelligentTransferService(BITS)"
        ],
        "hasLgpo": true
      },
      {
        "state": "disabled",
        "name": "Turn on BranchCache",
        "kvps": [
          {
            "key": "Software\\Policies\\Microsoft\\Windows\\Network",
            "valueName": "TurnonBranchCache",
            "value": 1,
            "delete": false,
            "lgpoType": "ENFORCE_REG_DWORD",
            "presentationId": "windows:network/windef:branchcache:turnonbranchcache"
          }
        ],
        "categoryPath": [
          "windows:Network",
          "windef:BranchCache"
        ],
        "hasLgpo": true
      },
      {
        "state": "disabled",
        "name": "Enable Hotspot Authentication",
        "kvps": [
          {
            "key": "Software\\Policies\\Microsoft\\Windows\\Network",
            "valueName": "HotspotAuthentication",
            "value": 1,
            "delete": false,
            "lgpoType": "ENFORCE_REG_DWORD",
            "presentationId": "windows:network/windef:hotspotauthentication:network"
          }
        ],
        "categoryPath": [
          "windows:Network",
          "windef:HotspotAuthentication"
        ],
        "hasLgpo": true
      },
      {
        "state": "disabled",
        "name": "Allow or Disallow use of the Offline Files feature",
        "kvps": [
          {
            "key": "Software\\Policies\\Microsoft\\Windows\\Network",
            "valueName": "AlloworDisallowuseoftheOfflineFilesfeature",
            "value": 1,
            "delete": false,
            "lgpoType": "ENFORCE_REG_DWORD",
            "presentationId": "windows:network/windef:offlinefiles:network"
          }
        ],
        "categoryPath": [
          "windows:Network",
          "windef:OfflineFiles"
        ],
        "hasLgpo": true
      },
      {
        "state": "enabled",
        "name": "Prevent the computer from joining a homegroup",
        "kvps": [
          {
            "key": "Software\\Policies\\Microsoft\\Windows",
            "valueName": "Preventthecomputerfromjoiningahomegroup",
            "value": 1,
            "delete": false,
            "lgpoType": "ENFORCE_REG_DWORD",
            "presentationId": "windows:windowscomponents/windef:homegroup:windows"
          }
        ],
        "categoryPath": [
          "windows:WindowsComponents",
          "windef:HomeGroup"
        ],
        "hasLgpo": true
      },
      {
        "state": "enabled",
        "name": "Windows BITS",
        "kvps": [
          {
            "key": "Software\\Policies\\Microsoft\\PeerDist\\Service",
            "valueName": "BITS",
            "value": "\u0004",
            "delete": false,
            "lgpoType": "ENFORCE_REG_SZ",
            "presentationId": "windows:registry/windef:machinesettings:service"
          }
        ],
        "categoryPath": [
          "windows:Registry",
          "windef:MachineSettings",
          "PeerDist"
        ],
        "hasLgpo": true
      },
      {
        "state": "enabled",
        "name": "Windows BITS",
        "kvps": [
          {
            "key": "Software\\Policies\\Microsoft\\Windows\\BITS",
            "valueName": "Enabled",
            "value": "\u0004",
            "delete": false,
            "lgpoType": "ENFORCE_REG_SZ",
            "presentationId": "windows:registry/windef:machinesettings:bits"
          }
        ],
        "categoryPath": [
          "windows:Registry",
          "windef:MachineSettings",
          "Windows"
        ],
        "hasLgpo": true
      },
      {
        "state": "enabled",
        "name": "Windows HomeGroup",
        "kvps": [
          {
            "key": "Software\\Policies\\Microsoft\\Windows\\BITS",
            "valueName": "HomeGroup",
            "value": "\u0004",
            "delete": false,
            "lgpoType": "ENFORCE_REG_SZ",
            "presentationId": "windows:registry/windef:machinesettings:bits"
          }
        ],
        "categoryPath": [
          "windows:Registry",
          "windef:MachineSettings",
          "Windows"
        ],
        "hasLgpo": true
      },
      {
        "state": "enabled",
        "name": "Windows NetCache",
        "kvps": [
          {
            "key": "Software\\Policies\\Microsoft\\Windows\\HotspotAuthentication",
            "valueName": "NetCache",
            "value": "\u0004",
            "delete": false,
            "lgpoType": "ENFORCE_REG_SZ",
            "presentationId": "windows:registry/windef:machinesettings:hotspotauthentication"
          }
        ],
        "categoryPath": [
          "windows:Registry",
          "windef:MachineSettings",
          "Windows"
        ],
        "hasLgpo": true
      }
    ],
    "useManagedDefinitions": false
  },
  "isTemplate": false,
  "priorityPool": 3,
  "type": {
    "id": 0,
    "name": "admxMachine",
    "initialContentSetName": "Enforce Windows",
    "policyTypeContentSetName": "Enforce Windows Machine Administrative Templates",
    "operatingSystem": "Windows",
    "policyClass": "machine",
    "endpointType": "cx",
    "readPrivilege": "enforce policy read",
    "writePrivilege": "enforce policy write",
    "contentSetId": 105,
    "policyTypeContentSetId": 276
  },
  "hasEnforcements": false,
  "taniumUsername": "jessewyatt",
  "taniumUpdatedUsername": "jessewyatt",
  "policySource": "standard"
}