{
  "id": null,
  "created_at": "2025-02-18T16:52:04.280Z",
  "updated_at": "2025-02-18T16:52:04.280Z",
  "deletedAt": null,
  "taniumUserId": 562,
  "updatedByTaniumUserId": 562,
  "changeType": "created",
  "contentSetId": 105,
  "name": "AVD-User-Config-Network",
  "description": "Converted from GPO: AVD-User-Config-Network (A41A2075-9F71-48BE-A42E-7E850C676537)",
  "version": 1,
  "priority": 100,
  "typeId": 0,
  "data": {
    "policyItems": [
      {
        "state": "disabled",
        "name": "Ability to Enable/Disable a LAN connection",
        "kvps": [
          {
            "key": "Software\\Policies\\Microsoft\\Windows\\Network",
            "valueName": "AbilitytoEnableDisableaLANconnection",
            "value": 1,
            "delete": false,
            "lgpoType": "ENFORCE_REG_DWORD",
            "presentationId": "windows:network/windef:networkconnections:network"
          }
        ],
        "categoryPath": [
          "windows:Network",
          "windef:NetworkConnections"
        ],
        "hasLgpo": true
      },
      {
        "state": "enabled",
        "name": "Prohibit access to properties of a LAN connection",
        "kvps": [
          {
            "key": "Software\\Policies\\Microsoft\\Windows\\Network",
            "valueName": "ProhibitaccesstopropertiesofaLANconnection",
            "value": 1,
            "delete": false,
            "lgpoType": "ENFORCE_REG_DWORD",
            "presentationId": "windows:network/windef:networkconnections:network"
          }
        ],
        "categoryPath": [
          "windows:Network",
          "windef:NetworkConnections"
        ],
        "hasLgpo": true
      },
      {
        "state": "enabled",
        "name": "Windows Network Connections",
        "kvps": [
          {
            "key": "Software\\Policies\\Microsoft\\Windows\\Network Connections",
            "valueName": "Enabled",
            "value": "\u0004",
            "delete": false,
            "lgpoType": "ENFORCE_REG_SZ",
            "presentationId": "windows:registry/windef:usersettings:network connections"
          }
        ],
        "categoryPath": [
          "windows:Registry",
          "windef:UserSettings",
          "Windows"
        ],
        "hasLgpo": true
      }
    ],
    "useManagedDefinitions": false
  },
  "isTemplate": false,
  "priorityPool": 3,
  "type": {
    "id": 0,
    "name": "admxMachine",
    "initialContentSetName": "Enforce Windows",
    "policyTypeContentSetName": "Enforce Windows Machine Administrative Templates",
    "operatingSystem": "Windows",
    "policyClass": "machine",
    "endpointType": "cx",
    "readPrivilege": "enforce policy read",
    "writePrivilege": "enforce policy write",
    "contentSetId": 105,
    "policyTypeContentSetId": 276
  },
  "hasEnforcements": false,
  "taniumUsername": "jessewyatt",
  "taniumUpdatedUsername": "jessewyatt",
  "policySource": "standard"
}