{
  "id": null,
  "created_at": null,
  "updated_at": null,
  "deletedAt": null,
  "taniumUserId": null,
  "updatedByTaniumUserId": null,
  "changeType": "created",
  "contentSetId": 105,
  "name": "AVD-Computer-Config-System",
  "description": "Converted from GPO: AVD-Computer-Config-System ([object Object])",
  "version": 1,
  "priority": 7,
  "typeId": 0,
  "data": {
    "policyItems": [
      {
        "state": "enabled",
        "name": "Display highly detailed status messages",
        "kvps": [
          {
            "key": "Software\\Policies\\Microsoft\\Windows\\System",
            "valueName": "Displayhighlydetailedstatusmessages",
            "value": "1",
            "delete": false,
            "lgpoType": "ENFORCE_REG_DWORD",
            "presentationId": "windows:System:root"
          }
        ],
        "categoryPath": [
          "windows:System"
        ],
        "hasLgpo": true
      },
      {
        "state": "enabled",
        "name": "Do not send a Windows error report when a generic driver is installed on a device",
        "kvps": [
          {
            "key": "Software\\Policies\\Microsoft\\Windows\\System",
            "valueName": "DonotsendaWindowserrorreportwhenagenericdriverisinstalledonadevice",
            "value": "1",
            "delete": false,
            "lgpoType": "ENFORCE_REG_DWORD",
            "presentationId": "windows:System/windef:DeviceInstallation:root"
          }
        ],
        "categoryPath": [
          "windows:System",
          "windef:DeviceInstallation"
        ],
        "hasLgpo": true
      },
      {
        "state": "enabled",
        "name": "Prevent creation of a system restore point during device activity that would normally prompt creation of a restore point",
        "kvps": [
          {
            "key": "Software\\Policies\\Microsoft\\Windows\\System",
            "valueName": "Preventcreationofasystemrestorepointduringdeviceactivitythatwouldnormallypromptcreationofarestorepoint",
            "value": "1",
            "delete": false,
            "lgpoType": "ENFORCE_REG_DWORD",
            "presentationId": "windows:System/windef:DeviceInstallation:root"
          }
        ],
        "categoryPath": [
          "windows:System",
          "windef:DeviceInstallation"
        ],
        "hasLgpo": true
      },
      {
        "state": "enabled",
        "name": "Prevent device metadata retrieval from the Internet",
        "kvps": [
          {
            "key": "Software\\Policies\\Microsoft\\Windows\\System",
            "valueName": "PreventdevicemetadataretrievalfromtheInternet",
            "value": "1",
            "delete": false,
            "lgpoType": "ENFORCE_REG_DWORD",
            "presentationId": "windows:System/windef:DeviceInstallation:root"
          }
        ],
        "categoryPath": [
          "windows:System",
          "windef:DeviceInstallation"
        ],
        "hasLgpo": true
      },
      {
        "state": "enabled",
        "name": "Prevent Windows from sending an error report when a device driver requests additional software during installation",
        "kvps": [
          {
            "key": "Software\\Policies\\Microsoft\\Windows\\System",
            "valueName": "PreventWindowsfromsendinganerrorreportwhenadevicedriverrequestsadditionalsoftwareduringinstallation",
            "value": "1",
            "delete": false,
            "lgpoType": "ENFORCE_REG_DWORD",
            "presentationId": "windows:System/windef:DeviceInstallation:root"
          }
        ],
        "categoryPath": [
          "windows:System",
          "windef:DeviceInstallation"
        ],
        "hasLgpo": true
      },
      {
        "state": "enabled",
        "name": "Turn off \"Found New Hardware\" balloons during device installation",
        "kvps": [
          {
            "key": "Software\\Policies\\Microsoft\\Windows\\System",
            "valueName": "TurnoffFoundNewHardwareballoonsduringdeviceinstallation",
            "value": "1",
            "delete": false,
            "lgpoType": "ENFORCE_REG_DWORD",
            "presentationId": "windows:System/windef:DeviceInstallation:root"
          }
        ],
        "categoryPath": [
          "windows:System",
          "windef:DeviceInstallation"
        ],
        "hasLgpo": true
      },
      {
        "state": "enabled",
        "name": "Short name creation options",
        "kvps": [
          {
            "key": "Software\\Policies\\Microsoft\\Windows\\System",
            "valueName": "Shortnamecreationoptions",
            "value": "1",
            "delete": false,
            "lgpoType": "ENFORCE_REG_DWORD",
            "presentationId": "windows:System/windef:Filesystem/windef:NTFS:root"
          }
        ],
        "categoryPath": [
          "windows:System",
          "windef:Filesystem",
          "windef:NTFS"
        ],
        "hasLgpo": true
      },
      {
        "state": "disabled",
        "name": "Show first sign-in animation",
        "kvps": [
          {
            "key": "Software\\Policies\\Microsoft\\Windows\\System",
            "valueName": "Showfirstsigninanimation",
            "value": "0",
            "delete": false,
            "lgpoType": "ENFORCE_REG_DWORD",
            "presentationId": "windows:System/windef:Logon:root"
          }
        ],
        "categoryPath": [
          "windows:System",
          "windef:Logon"
        ],
        "hasLgpo": true
      },
      {
        "state": "enabled",
        "name": "Select an active power plan",
        "kvps": [
          {
            "key": "Software\\Policies\\Microsoft\\Windows\\System",
            "valueName": "Selectanactivepowerplan",
            "value": "1",
            "delete": false,
            "lgpoType": "ENFORCE_REG_DWORD",
            "presentationId": "windows:System/windef:PowerManagement:root"
          }
        ],
        "categoryPath": [
          "windows:System",
          "windef:PowerManagement"
        ],
        "hasLgpo": true
      },
      {
        "state": "disabled",
        "name": "Configure Offer Remote Assistance",
        "kvps": [
          {
            "key": "Software\\Policies\\Microsoft\\Windows\\System",
            "valueName": "ConfigureOfferRemoteAssistance",
            "value": "0",
            "delete": false,
            "lgpoType": "ENFORCE_REG_DWORD",
            "presentationId": "windows:System/windef:RemoteAssistance:root"
          }
        ],
        "categoryPath": [
          "windows:System",
          "windef:RemoteAssistance"
        ],
        "hasLgpo": true
      },
      {
        "state": "disabled",
        "name": "Configure Solicited Remote Assistance",
        "kvps": [
          {
            "key": "Software\\Policies\\Microsoft\\Windows\\System",
            "valueName": "ConfigureSolicitedRemoteAssistance",
            "value": "0",
            "delete": false,
            "lgpoType": "ENFORCE_REG_DWORD",
            "presentationId": "windows:System/windef:RemoteAssistance:root"
          }
        ],
        "categoryPath": [
          "windows:System",
          "windef:RemoteAssistance"
        ],
        "hasLgpo": true
      },
      {
        "state": "enabled",
        "name": "Registry Setting - [Software\\Microsoft\\Windows\\CurrentVersion\\Policies\\System",
        "kvps": [
          {
            "key": "Software\\Microsoft\\Windows\\CurrentVersion\\Policies\\System",
            "valueName": "Software\\Microsoft\\Windows\\CurrentVersion\\Policies\\System",
            "value": "",
            "delete": false,
            "lgpoType": "ENFORCE_REG_SZ",
            "presentationId": "windows:Registry/windef:MachineSettings:Software\\Microsoft\\Windows\\CurrentVersion\\Policies\\System"
          }
        ],
        "categoryPath": [
          "windows:Registry",
          "windef:MachineSettings"
        ],
        "hasLgpo": true
      },
      {
        "state": "enabled",
        "name": "Registry Setting - [Software\\Policies\\Microsoft\\Windows\\Device Metadata",
        "kvps": [
          {
            "key": "Software\\Policies\\Microsoft\\Power\\PowerSettings",
            "valueName": "Software\\Policies\\Microsoft\\Windows\\Device Metadata",
            "value": "",
            "delete": false,
            "lgpoType": "ENFORCE_REG_SZ",
            "presentationId": "windows:Registry/windef:MachineSettings:Software\\Policies\\Microsoft\\Windows\\Device Metadata"
          }
        ],
        "categoryPath": [
          "windows:Registry",
          "windef:MachineSettings"
        ],
        "hasLgpo": true
      },
      {
        "state": "enabled",
        "name": "Registry Setting - [Software\\Policies\\Microsoft\\Windows\\DeviceInstall\\Settings",
        "kvps": [
          {
            "key": "Software\\Policies\\Microsoft\\Windows\\DeviceInstall\\Settings",
            "valueName": "Software\\Policies\\Microsoft\\Windows\\DeviceInstall\\Settings",
            "value": "",
            "delete": false,
            "lgpoType": "ENFORCE_REG_SZ",
            "presentationId": "windows:Registry/windef:MachineSettings:Software\\Policies\\Microsoft\\Windows\\DeviceInstall\\Settings"
          }
        ],
        "categoryPath": [
          "windows:Registry",
          "windef:MachineSettings"
        ],
        "hasLgpo": true
      },
      {
        "state": "enabled",
        "name": "Registry Setting - [Software\\Policies\\Microsoft\\Windows\\DeviceInstall\\Settings",
        "kvps": [
          {
            "key": "Software\\Policies\\Microsoft\\Windows\\DeviceInstall\\Settings",
            "valueName": "Software\\Policies\\Microsoft\\Windows\\DeviceInstall\\Settings",
            "value": "",
            "delete": false,
            "lgpoType": "ENFORCE_REG_SZ",
            "presentationId": "windows:Registry/windef:MachineSettings:Software\\Policies\\Microsoft\\Windows\\DeviceInstall\\Settings"
          }
        ],
        "categoryPath": [
          "windows:Registry",
          "windef:MachineSettings"
        ],
        "hasLgpo": true
      },
      {
        "state": "enabled",
        "name": "Registry Setting - [Software\\Policies\\Microsoft\\Windows NT\\Terminal Services",
        "kvps": [
          {
            "key": "Software\\Policies\\Microsoft\\Windows NT\\Terminal Services",
            "valueName": "Software\\Policies\\Microsoft\\Windows NT\\Terminal Services",
            "value": "",
            "delete": false,
            "lgpoType": "ENFORCE_REG_SZ",
            "presentationId": "windows:Registry/windef:MachineSettings:Software\\Policies\\Microsoft\\Windows NT\\Terminal Services"
          }
        ],
        "categoryPath": [
          "windows:Registry",
          "windef:MachineSettings"
        ],
        "hasLgpo": true
      },
      {
        "state": "enabled",
        "name": "Registry Setting - [Software\\Policies\\Microsoft\\Windows NT\\Terminal Services",
        "kvps": [
          {
            "key": "Software\\Policies\\Microsoft\\Windows NT\\Terminal Services",
            "valueName": "Software\\Policies\\Microsoft\\Windows NT\\Terminal Services",
            "value": "",
            "delete": false,
            "lgpoType": "ENFORCE_REG_SZ",
            "presentationId": "windows:Registry/windef:MachineSettings:Software\\Policies\\Microsoft\\Windows NT\\Terminal Services"
          }
        ],
        "categoryPath": [
          "windows:Registry",
          "windef:MachineSettings"
        ],
        "hasLgpo": true
      },
      {
        "state": "enabled",
        "name": "Registry Setting - [Software\\Policies\\Microsoft\\Windows NT\\Terminal Services",
        "kvps": [
          {
            "key": "Software\\Policies\\Microsoft\\Windows NT\\Terminal Services",
            "valueName": "Software\\Policies\\Microsoft\\Windows NT\\Terminal Services",
            "value": "",
            "delete": false,
            "lgpoType": "ENFORCE_REG_SZ",
            "presentationId": "windows:Registry/windef:MachineSettings:Software\\Policies\\Microsoft\\Windows NT\\Terminal Services"
          }
        ],
        "categoryPath": [
          "windows:Registry",
          "windef:MachineSettings"
        ],
        "hasLgpo": true
      },
      {
        "state": "enabled",
        "name": "Registry Setting - [Software\\Policies\\Microsoft\\Windows NT\\Terminal Services\\RAUnsolicit",
        "kvps": [
          {
            "key": "Software\\Policies\\Microsoft\\Windows NT\\Terminal Services",
            "valueName": "Software\\Policies\\Microsoft\\Windows NT\\Terminal Services\\RAUnsolicit",
            "value": "",
            "delete": false,
            "lgpoType": "ENFORCE_REG_SZ",
            "presentationId": "windows:Registry/windef:MachineSettings:Software\\Policies\\Microsoft\\Windows NT\\Terminal Services\\RAUnsolicit"
          }
        ],
        "categoryPath": [
          "windows:Registry",
          "windef:MachineSettings"
        ],
        "hasLgpo": true
      }
    ],
    "useManagedDefinitions": false
  },
  "isTemplate": false,
  "priorityPool": 3,
  "type": {
    "id": 0,
    "name": "admxMachine",
    "initialContentSetName": "Enforce Windows",
    "policyTypeContentSetName": "Enforce Windows Machine Administrative Templates",
    "operatingSystem": "Windows",
    "policyClass": "machine",
    "endpointType": "cx",
    "readPrivilege": "enforce policy read",
    "writePrivilege": "enforce policy write",
    "contentSetId": 105,
    "policyTypeContentSetId": 276
  },
  "hasEnforcements": false,
  "taniumUsername": null,
  "taniumUpdatedUsername": null,
  "policySource": "standard"
}