{
  "id": null,
  "created_at": null,
  "updated_at": null,
  "deletedAt": null,
  "taniumUserId": null,
  "updatedByTaniumUserId": null,
  "changeType": "created",
  "contentSetId": 105,
  "name": "AVD-User-Config-OneDrive",
  "description": "Converted from GPO: AVD-User-Config-OneDrive ([object Object])",
  "version": 1,
  "priority": 7,
  "typeId": 0,
  "data": {
    "policyItems": [
      {
        "state": "enabled",
        "name": "Silently sign in users to the OneDrive sync app with their Windows credentials",
        "kvps": [
          {
            "key": "Software\\Policies\\Microsoft\\Windows\\OneDrive",
            "valueName": "SilentlysigninuserstotheOneDrivesyncappwiththeirWindowscredentials",
            "value": "1",
            "delete": false,
            "lgpoType": "ENFORCE_REG_DWORD",
            "presentationId": "windows:OneDrive:root"
          }
        ],
        "categoryPath": [
          "windows:OneDrive"
        ],
        "hasLgpo": true
      },
      {
        "state": "enabled",
        "name": "Use OneDrive Files On-Demand",
        "kvps": [
          {
            "key": "Software\\Policies\\Microsoft\\Windows\\OneDrive",
            "valueName": "UseOneDriveFilesOnDemand",
            "value": "1",
            "delete": false,
            "lgpoType": "ENFORCE_REG_DWORD",
            "presentationId": "windows:OneDrive:root"
          }
        ],
        "categoryPath": [
          "windows:OneDrive"
        ],
        "hasLgpo": true
      },
      {
        "state": "enabled",
        "name": "Registry Setting - [SOFTWARE\\Policies\\Microsoft\\OneDrive",
        "kvps": [
          {
            "key": "SOFTWARE\\Policies\\Microsoft\\OneDrive;SilentAccountConfig;\u0004;\u0004;\u0001",
            "valueName": "[SOFTWARE\\Policies\\Microsoft\\OneDrive",
            "value": "\u0004",
            "delete": false,
            "lgpoType": "ENFORCE_REG_SZ",
            "presentationId": "Machine:SOFTWARE\\Policies\\Microsoft\\OneDrive;SilentAccountConfig;\u0004;\u0004;\u0001:[SOFTWARE\\Policies\\Microsoft\\OneDrive"
          }
        ],
        "categoryPath": [
          "windows:Registry",
          "windef:MachineSettings"
        ],
        "hasLgpo": true
      }
    ],
    "useManagedDefinitions": false
  },
  "isTemplate": false,
  "priorityPool": 3,
  "type": {
    "id": 0,
    "name": "admxMachine",
    "initialContentSetName": "Enforce Windows",
    "policyTypeContentSetName": "Enforce Windows Machine Administrative Templates",
    "operatingSystem": "Windows",
    "policyClass": "machine",
    "endpointType": "cx",
    "readPrivilege": "enforce policy read",
    "writePrivilege": "enforce policy write",
    "contentSetId": 105,
    "policyTypeContentSetId": 276
  },
  "hasEnforcements": false,
  "taniumUsername": null,
  "taniumUpdatedUsername": null,
  "policySource": "standard"
}