{
  "id": null,
  "created_at": null,
  "updated_at": null,
  "deletedAt": null,
  "taniumUserId": null,
  "updatedByTaniumUserId": null,
  "changeType": "created",
  "contentSetId": 105,
  "name": "AVD-User-Config-Internet-Explorer",
  "description": "Converted from GPO: AVD-User-Config-Internet-Explorer ([object Object])",
  "version": 1,
  "priority": 7,
  "typeId": 0,
  "data": {
    "policyItems": [
      {
        "state": "enabled",
        "name": "Disable AutoComplete for forms",
        "kvps": [
          {
            "key": "Software\\Policies\\Microsoft\\Windows",
            "valueName": "AutoCompleteforforms",
            "value": 1,
            "delete": false,
            "lgpoType": "ENFORCE_REG_DWORD",
            "presentationId": "windows:windowscomponents/windef:internetexplorer:windows"
          }
        ],
        "categoryPath": [
          "windows:WindowsComponents",
          "windef:InternetExplorer"
        ],
        "hasLgpo": true
      },
      {
        "state": "enabled",
        "name": "Prevent managing SmartScreen Filter",
        "kvps": [
          {
            "key": "Software\\Policies\\Microsoft\\Windows",
            "valueName": "PreventmanagingSmartScreenFilter",
            "value": 1,
            "delete": false,
            "lgpoType": "ENFORCE_REG_DWORD",
            "presentationId": "windows:windowscomponents/windef:internetexplorer:windows"
          }
        ],
        "categoryPath": [
          "windows:WindowsComponents",
          "windef:InternetExplorer"
        ],
        "hasLgpo": true
      },
      {
        "state": "enabled",
        "name": "Prevent running First Run wizard",
        "kvps": [
          {
            "key": "Software\\Policies\\Microsoft\\Windows",
            "valueName": "PreventrunningFirstRunwizard",
            "value": 1,
            "delete": false,
            "lgpoType": "ENFORCE_REG_DWORD",
            "presentationId": "windows:windowscomponents/windef:internetexplorer:windows"
          }
        ],
        "categoryPath": [
          "windows:WindowsComponents",
          "windef:InternetExplorer"
        ],
        "hasLgpo": true
      },
      {
        "state": "enabled",
        "name": "Specify default behavior for a new tab",
        "kvps": [
          {
            "key": "Software\\Policies\\Microsoft\\Windows",
            "valueName": "Specifydefaultbehaviorforanewtab",
            "value": 1,
            "delete": false,
            "lgpoType": "ENFORCE_REG_DWORD",
            "presentationId": "windows:windowscomponents/windef:internetexplorer:windows"
          }
        ],
        "categoryPath": [
          "windows:WindowsComponents",
          "windef:InternetExplorer"
        ],
        "hasLgpo": true
      },
      {
        "state": "disabled",
        "name": "Turn off Favorites bar",
        "kvps": [
          {
            "key": "Software\\Policies\\Microsoft\\Windows",
            "valueName": "TurnoffFavoritesbar",
            "value": 1,
            "delete": false,
            "lgpoType": "ENFORCE_REG_DWORD",
            "presentationId": "windows:windowscomponents/windef:internetexplorer:windows"
          }
        ],
        "categoryPath": [
          "windows:WindowsComponents",
          "windef:InternetExplorer"
        ],
        "hasLgpo": true
      },
      {
        "state": "enabled",
        "name": "Turn on menu bar by default",
        "kvps": [
          {
            "key": "Software\\Policies\\Microsoft\\Windows",
            "valueName": "Turnonmenubarbydefault",
            "value": 1,
            "delete": false,
            "lgpoType": "ENFORCE_REG_DWORD",
            "presentationId": "windows:windowscomponents/windef:internetexplorer:windows"
          }
        ],
        "categoryPath": [
          "windows:WindowsComponents",
          "windef:InternetExplorer"
        ],
        "hasLgpo": true
      },
      {
        "state": "disabled",
        "name": "Turn on Suggested Sites",
        "kvps": [
          {
            "key": "Software\\Policies\\Microsoft\\Windows",
            "valueName": "TurnonSuggestedSites",
            "value": 1,
            "delete": false,
            "lgpoType": "ENFORCE_REG_DWORD",
            "presentationId": "windows:windowscomponents/windef:internetexplorer:windows"
          }
        ],
        "categoryPath": [
          "windows:WindowsComponents",
          "windef:InternetExplorer"
        ],
        "hasLgpo": true
      },
      {
        "state": "disabled",
        "name": "Turn on the auto-complete feature for user names and passwords on forms",
        "kvps": [
          {
            "key": "Software\\Policies\\Microsoft\\Windows",
            "valueName": "Turnontheautocompletefeatureforusernamesandpasswordsonforms",
            "value": 1,
            "delete": false,
            "lgpoType": "ENFORCE_REG_DWORD",
            "presentationId": "windows:windowscomponents/windef:internetexplorer:windows"
          }
        ],
        "categoryPath": [
          "windows:WindowsComponents",
          "windef:InternetExplorer"
        ],
        "hasLgpo": true
      },
      {
        "state": "disabled",
        "name": "Hide Favorites menu",
        "kvps": [
          {
            "key": "Software\\Policies\\Microsoft\\Windows",
            "valueName": "HideFavoritesmenu",
            "value": 1,
            "delete": false,
            "lgpoType": "ENFORCE_REG_DWORD",
            "presentationId": "windows:windowscomponents/windef:internetexplorer/windef:browsermenus:windows"
          }
        ],
        "categoryPath": [
          "windows:WindowsComponents",
          "windef:InternetExplorer",
          "windef:Browsermenus"
        ],
        "hasLgpo": true
      },
      {
        "state": "enabled",
        "name": "Include updated website lists from Microsoft",
        "kvps": [
          {
            "key": "Software\\Policies\\Microsoft\\Windows",
            "valueName": "IncludeupdatedwebsitelistsfromMicrosoft",
            "value": 1,
            "delete": false,
            "lgpoType": "ENFORCE_REG_DWORD",
            "presentationId": "windows:windowscomponents/windef:internetexplorer/windef:compatibilityview:windows"
          }
        ],
        "categoryPath": [
          "windows:WindowsComponents",
          "windef:InternetExplorer",
          "windef:CompatibilityView"
        ],
        "hasLgpo": true
      },
      {
        "state": "enabled",
        "name": "Allow deleting browsing history on exit",
        "kvps": [
          {
            "key": "Software\\Policies\\Microsoft\\Windows",
            "valueName": "Allowdeletingbrowsinghistoryonexit",
            "value": 1,
            "delete": false,
            "lgpoType": "ENFORCE_REG_DWORD",
            "presentationId": "windows:windowscomponents/windef:internetexplorer/windef:deletebrowsinghistory:windows"
          }
        ],
        "categoryPath": [
          "windows:WindowsComponents",
          "windef:InternetExplorer",
          "windef:DeleteBrowsingHistory"
        ],
        "hasLgpo": true
      },
      {
        "state": "disabled",
        "name": "Turn on Enhanced Protected Mode",
        "kvps": [
          {
            "key": "Software\\Policies\\Microsoft\\Windows",
            "valueName": "TurnonEnhancedProtectedMode",
            "value": 1,
            "delete": false,
            "lgpoType": "ENFORCE_REG_DWORD",
            "presentationId": "windows:windowscomponents/windef:internetexplorer/windef:internetcontrolpanel/windef:advancedpage:windows"
          }
        ],
        "categoryPath": [
          "windows:WindowsComponents",
          "windef:InternetExplorer",
          "windef:InternetControlPanel",
          "windef:AdvancedPage"
        ],
        "hasLgpo": true
      },
      {
        "state": "enabled",
        "name": "Internet Explorer Control Panel",
        "kvps": [
          {
            "key": "Software\\Policies\\Microsoft\\Internet Explorer\\BrowserEmulation",
            "valueName": "Control Panel",
            "value": "\u0004",
            "delete": false,
            "lgpoType": "ENFORCE_REG_SZ",
            "presentationId": "windows:registry/windef:usersettings:browseremulation"
          }
        ],
        "categoryPath": [
          "windows:Registry",
          "windef:UserSettings",
          "Internet Explorer"
        ],
        "hasLgpo": true
      },
      {
        "state": "enabled",
        "name": "Internet Explorer LinksBar",
        "kvps": [
          {
            "key": "Software\\Policies\\Microsoft\\Internet Explorer\\Control Panel",
            "valueName": "LinksBar",
            "value": "\u0004",
            "delete": false,
            "lgpoType": "ENFORCE_REG_SZ",
            "presentationId": "windows:registry/windef:usersettings:control panel"
          }
        ],
        "categoryPath": [
          "windows:Registry",
          "windef:UserSettings",
          "Internet Explorer"
        ],
        "hasLgpo": true
      },
      {
        "state": "enabled",
        "name": "Internet Explorer Main",
        "kvps": [
          {
            "key": "Software\\Policies\\Microsoft\\Internet Explorer\\Main",
            "valueName": "Enabled",
            "value": "\u0001",
            "delete": false,
            "lgpoType": "ENFORCE_REG_SZ",
            "presentationId": "windows:registry/windef:usersettings:main"
          }
        ],
        "categoryPath": [
          "windows:Registry",
          "windef:UserSettings",
          "Internet Explorer"
        ],
        "hasLgpo": true
      },
      {
        "state": "enabled",
        "name": "Internet Explorer Privacy",
        "kvps": [
          {
            "key": "Software\\Policies\\Microsoft\\Internet Explorer\\PhishingFilter",
            "valueName": "Privacy",
            "value": "\u0004",
            "delete": false,
            "lgpoType": "ENFORCE_REG_SZ",
            "presentationId": "windows:registry/windef:usersettings:phishingfilter"
          }
        ],
        "categoryPath": [
          "windows:Registry",
          "windef:UserSettings",
          "Internet Explorer"
        ],
        "hasLgpo": true
      },
      {
        "state": "enabled",
        "name": "Internet Explorer Suggested Sites",
        "kvps": [
          {
            "key": "Software\\Policies\\Microsoft\\Internet Explorer\\Restrictions",
            "valueName": "Suggested Sites",
            "value": "\u0004",
            "delete": false,
            "lgpoType": "ENFORCE_REG_SZ",
            "presentationId": "windows:registry/windef:usersettings:restrictions"
          }
        ],
        "categoryPath": [
          "windows:Registry",
          "windef:UserSettings",
          "Internet Explorer"
        ],
        "hasLgpo": true
      }
    ],
    "useManagedDefinitions": false
  },
  "isTemplate": false,
  "priorityPool": 3,
  "type": {
    "id": 0,
    "name": "admxMachine",
    "initialContentSetName": "Enforce Windows",
    "policyTypeContentSetName": "Enforce Windows Machine Administrative Templates",
    "operatingSystem": "Windows",
    "policyClass": "machine",
    "endpointType": "cx",
    "readPrivilege": "enforce policy read",
    "writePrivilege": "enforce policy write",
    "contentSetId": 105,
    "policyTypeContentSetId": 276
  },
  "hasEnforcements": false,
  "taniumUsername": null,
  "taniumUpdatedUsername": null,
  "policySource": "standard"
}