{
  "id": null,
  "created_at": null,
  "updated_at": null,
  "deletedAt": null,
  "taniumUserId": null,
  "updatedByTaniumUserId": null,
  "changeType": "created",
  "contentSetId": 105,
  "name": "AVD-Watermarking",
  "description": "Converted from GPO: AVD-Watermarking ([object Object])",
  "version": 1,
  "priority": 7,
  "typeId": 0,
  "data": {
    "policyItems": [
      {
        "state": "enabled",
        "name": "Enable Graphics related data logging for every connection interval",
        "kvps": [
          {
            "key": "Software\\Policies\\Microsoft\\Windows",
            "valueName": "Graphicsrelateddataloggingforeveryconnectioninterval",
            "value": "1",
            "delete": false,
            "lgpoType": "ENFORCE_REG_DWORD",
            "presentationId": "windows:WindowsComponents/windef:RemoteDesktopServices/windef:RemoteDesktopSessionHost/windef:AzureVirtualDesktop:Graphicsrelateddataloggingforeveryconnectioninterval"
          }
        ],
        "categoryPath": [
          "windows:WindowsComponents",
          "windef:RemoteDesktopServices",
          "windef:RemoteDesktopSessionHost",
          "windef:AzureVirtualDesktop"
        ],
        "hasLgpo": true
      },
      {
        "state": "disabled",
        "name": "Enable screen capture protection",
        "kvps": [
          {
            "key": "Software\\Policies\\Microsoft\\Windows",
            "valueName": "screencaptureprotection",
            "value": "0",
            "delete": false,
            "lgpoType": "ENFORCE_REG_DWORD",
            "presentationId": "windows:WindowsComponents/windef:RemoteDesktopServices/windef:RemoteDesktopSessionHost/windef:AzureVirtualDesktop:screencaptureprotection"
          }
        ],
        "categoryPath": [
          "windows:WindowsComponents",
          "windef:RemoteDesktopServices",
          "windef:RemoteDesktopSessionHost",
          "windef:AzureVirtualDesktop"
        ],
        "hasLgpo": true
      },
      {
        "state": "disabled",
        "name": "Enable watermarking",
        "kvps": [
          {
            "key": "Software\\Policies\\Microsoft\\Windows",
            "valueName": "watermarking",
            "value": "0",
            "delete": false,
            "lgpoType": "ENFORCE_REG_DWORD",
            "presentationId": "windows:WindowsComponents/windef:RemoteDesktopServices/windef:RemoteDesktopSessionHost/windef:AzureVirtualDesktop:watermarking"
          }
        ],
        "categoryPath": [
          "windows:WindowsComponents",
          "windef:RemoteDesktopServices",
          "windef:RemoteDesktopSessionHost",
          "windef:AzureVirtualDesktop"
        ],
        "hasLgpo": true
      },
      {
        "state": "enabled",
        "name": "Registry Setting - [SOFTWARE\\Policies\\Microsoft\\Windows NT\\Terminal Services",
        "kvps": [
          {
            "key": "SOFTWARE\\Policies\\Microsoft\\Windows NT\\Terminal Services",
            "valueName": "Enabled",
            "value": "\u0001",
            "delete": false,
            "lgpoType": "ENFORCE_REG_SZ",
            "presentationId": "windows:Registry/windef:MachineSettings:Terminal Services_Enabled"
          }
        ],
        "categoryPath": [
          "windows:Registry",
          "windef:MachineSettings"
        ],
        "hasLgpo": true
      }
    ],
    "useManagedDefinitions": false
  },
  "isTemplate": false,
  "priorityPool": 3,
  "type": {
    "id": 0,
    "name": "admxMachine",
    "initialContentSetName": "Enforce Windows",
    "policyTypeContentSetName": "Enforce Windows Machine Administrative Templates",
    "operatingSystem": "Windows",
    "policyClass": "machine",
    "endpointType": "cx",
    "readPrivilege": "enforce policy read",
    "writePrivilege": "enforce policy write",
    "contentSetId": 105,
    "policyTypeContentSetId": 276
  },
  "hasEnforcements": false,
  "taniumUsername": null,
  "taniumUpdatedUsername": null,
  "policySource": "standard"
}