{
  "id": null,
  "created_at": null,
  "updated_at": null,
  "deletedAt": null,
  "taniumUserId": null,
  "updatedByTaniumUserId": null,
  "changeType": "created",
  "contentSetId": 105,
  "name": "AVD-Computer-Config-Search",
  "description": "Converted from GPO: AVD-Computer-Config-Search ({1FEDECA2-FBCE-489D-8D40-3DCEA51324C5})",
  "version": 1,
  "priority": 7,
  "typeId": 0,
  "data": {
    "policyItems": [
      {
        "state": "disabled",
        "name": "Allow Cortana",
        "kvps": [
          {
            "key": "Software\\Policies\\Microsoft\\Windows",
            "valueName": "AllowCortana",
            "value": 1,
            "delete": false,
            "lgpoType": "ENFORCE_REG_DWORD",
            "presentationId": "windows:windowscomponents/windef:search:allowcortana"
          }
        ],
        "categoryPath": [
          "windows:WindowsComponents",
          "windef:Search"
        ],
        "hasLgpo": true
      },
      {
        "state": "disabled",
        "name": "Allow Cortana above lock screen",
        "kvps": [
          {
            "key": "Software\\Policies\\Microsoft\\Windows",
            "valueName": "AllowCortanaabovelockscreen",
            "value": 1,
            "delete": false,
            "lgpoType": "ENFORCE_REG_DWORD",
            "presentationId": "windows:windowscomponents/windef:search:windows"
          }
        ],
        "categoryPath": [
          "windows:WindowsComponents",
          "windef:Search"
        ],
        "hasLgpo": true
      },
      {
        "state": "disabled",
        "name": "Allow search and Cortana to use location",
        "kvps": [
          {
            "key": "Software\\Policies\\Microsoft\\Windows",
            "valueName": "AllowsearchandCortanatouselocation",
            "value": 1,
            "delete": false,
            "lgpoType": "ENFORCE_REG_DWORD",
            "presentationId": "windows:windowscomponents/windef:search:windows"
          }
        ],
        "categoryPath": [
          "windows:WindowsComponents",
          "windef:Search"
        ],
        "hasLgpo": true
      },
      {
        "state": "enabled",
        "name": "Do not allow web search",
        "kvps": [
          {
            "key": "Software\\Policies\\Microsoft\\Windows",
            "valueName": "Donotallowwebsearch",
            "value": 1,
            "delete": false,
            "lgpoType": "ENFORCE_REG_DWORD",
            "presentationId": "windows:windowscomponents/windef:search:donotallowwebsearch"
          }
        ],
        "categoryPath": [
          "windows:WindowsComponents",
          "windef:Search"
        ],
        "hasLgpo": true
      },
      {
        "state": "enabled",
        "name": "Prevent adding UNC locations to index from Control Panel",
        "kvps": [
          {
            "key": "Software\\Policies\\Microsoft\\Windows",
            "valueName": "PreventaddingUNClocationstoindexfromControlPanel",
            "value": 1,
            "delete": false,
            "lgpoType": "ENFORCE_REG_DWORD",
            "presentationId": "windows:windowscomponents/windef:search:windows"
          }
        ],
        "categoryPath": [
          "windows:WindowsComponents",
          "windef:Search"
        ],
        "hasLgpo": true
      },
      {
        "state": "enabled",
        "name": "Prevent indexing files in offline files cache",
        "kvps": [
          {
            "key": "Software\\Policies\\Microsoft\\Windows",
            "valueName": "Preventindexingfilesinofflinefilescache",
            "value": 1,
            "delete": false,
            "lgpoType": "ENFORCE_REG_DWORD",
            "presentationId": "windows:windowscomponents/windef:search:windows"
          }
        ],
        "categoryPath": [
          "windows:WindowsComponents",
          "windef:Search"
        ],
        "hasLgpo": true
      },
      {
        "state": "enabled",
        "name": "Windows Windows Search",
        "kvps": [
          {
            "key": "SOFTWARE\\Policies\\Microsoft\\Windows\\Windows Search",
            "valueName": "Enabled",
            "value": "\u0004",
            "delete": false,
            "lgpoType": "ENFORCE_REG_SZ",
            "presentationId": "windows:registry/windef:machinesettings:windows search"
          }
        ],
        "categoryPath": [
          "windows:Registry",
          "windef:MachineSettings",
          "Windows"
        ],
        "hasLgpo": true
      }
    ],
    "useManagedDefinitions": false
  },
  "isTemplate": false,
  "priorityPool": 3,
  "type": {
    "id": 0,
    "name": "admxMachine",
    "initialContentSetName": "Enforce Windows",
    "policyTypeContentSetName": "Enforce Windows Machine Administrative Templates",
    "operatingSystem": "Windows",
    "policyClass": "machine",
    "endpointType": "cx",
    "readPrivilege": "enforce policy read",
    "writePrivilege": "enforce policy write",
    "contentSetId": 105,
    "policyTypeContentSetId": 276
  },
  "hasEnforcements": false,
  "taniumUsername": null,
  "taniumUpdatedUsername": null,
  "policySource": "standard"
}