{
  "id": null,
  "created_at": null,
  "updated_at": null,
  "deletedAt": null,
  "taniumUserId": null,
  "updatedByTaniumUserId": null,
  "changeType": "created",
  "contentSetId": 105,
  "name": "AVD-Computer-Config-Session",
  "description": "Converted from GPO: AVD-Computer-Config-Session ([object Object])",
  "version": 1,
  "priority": 7,
  "typeId": 0,
  "data": {
    "policyItems": [
      {
        "state": "enabled",
        "name": "Registry Setting - [Software\\Policies\\Microsoft\\Windows\\System",
        "kvps": [
          {
            "key": "Software\\Policies\\Microsoft\\Windows\\System;EnableLogonOptimization;\u0004;\u0004;",
            "valueName": "[Software\\Policies\\Microsoft\\Windows\\System",
            "value": "\u0001",
            "delete": false,
            "lgpoType": "ENFORCE_REG_SZ",
            "presentationId": "Machine:Software\\Policies\\Microsoft\\Windows\\System;EnableLogonOptimization;\u0004;\u0004;:[Software\\Policies\\Microsoft\\Windows\\System"
          }
        ],
        "categoryPath": [
          "windows:Registry",
          "windef:MachineSettings"
        ],
        "hasLgpo": true
      },
      {
        "state": "enabled",
        "name": "Registry Setting - [Software\\Policies\\Microsoft\\Windows\\System",
        "kvps": [
          {
            "key": "Software\\Policies\\Microsoft\\Windows\\System;**del.SyncModeNoDCThreshold;\u0001;\u0004; ",
            "valueName": "[Software\\Policies\\Microsoft\\Windows\\System",
            "value": "\u0004",
            "delete": false,
            "lgpoType": "ENFORCE_REG_SZ",
            "presentationId": "Machine:Software\\Policies\\Microsoft\\Windows\\System;**del.SyncModeNoDCThreshold;\u0001;\u0004; :[Software\\Policies\\Microsoft\\Windows\\System"
          }
        ],
        "categoryPath": [
          "windows:Registry",
          "windef:MachineSettings"
        ],
        "hasLgpo": true
      },
      {
        "state": "enabled",
        "name": "Registry Setting - [Software\\Policies\\Microsoft\\Windows\\System",
        "kvps": [
          {
            "key": "Software\\Policies\\Microsoft\\Windows\\System;AsyncScriptDelay;\u0004;\u0004;",
            "valueName": "[Software\\Policies\\Microsoft\\Windows\\System",
            "value": "\u0004",
            "delete": false,
            "lgpoType": "ENFORCE_REG_SZ",
            "presentationId": "Machine:Software\\Policies\\Microsoft\\Windows\\System;AsyncScriptDelay;\u0004;\u0004;:[Software\\Policies\\Microsoft\\Windows\\System"
          }
        ],
        "categoryPath": [
          "windows:Registry",
          "windef:MachineSettings"
        ],
        "hasLgpo": true
      },
      {
        "state": "enabled",
        "name": "Registry Setting - [Software\\Policies\\Microsoft\\Windows NT\\Terminal Services",
        "kvps": [
          {
            "key": "Software\\Policies\\Microsoft\\Windows\\System;WaitForNetwork;\u0004;\u0004;",
            "valueName": "[Software\\Policies\\Microsoft\\Windows NT\\Terminal Services",
            "value": "\u0004",
            "delete": false,
            "lgpoType": "ENFORCE_REG_SZ",
            "presentationId": "Machine:Software\\Policies\\Microsoft\\Windows\\System;WaitForNetwork;\u0004;\u0004;:[Software\\Policies\\Microsoft\\Windows NT\\Terminal Services"
          }
        ],
        "categoryPath": [
          "windows:Registry",
          "windef:MachineSettings"
        ],
        "hasLgpo": true
      },
      {
        "state": "enabled",
        "name": "Registry Setting - [Software\\Policies\\Microsoft\\Windows NT\\Terminal Services",
        "kvps": [
          {
            "key": "Software\\Policies\\Microsoft\\Windows NT\\Terminal Services;fEnableSmartCard;\u0004;\u0004;",
            "valueName": "[Software\\Policies\\Microsoft\\Windows NT\\Terminal Services",
            "value": "\u0004",
            "delete": false,
            "lgpoType": "ENFORCE_REG_SZ",
            "presentationId": "Machine:Software\\Policies\\Microsoft\\Windows NT\\Terminal Services;fEnableSmartCard;\u0004;\u0004;:[Software\\Policies\\Microsoft\\Windows NT\\Terminal Services"
          }
        ],
        "categoryPath": [
          "windows:Registry",
          "windef:MachineSettings"
        ],
        "hasLgpo": true
      }
    ],
    "useManagedDefinitions": false
  },
  "isTemplate": false,
  "priorityPool": 3,
  "type": {
    "id": 0,
    "name": "admxMachine",
    "initialContentSetName": "Enforce Windows",
    "policyTypeContentSetName": "Enforce Windows Machine Administrative Templates",
    "operatingSystem": "Windows",
    "policyClass": "machine",
    "endpointType": "cx",
    "readPrivilege": "enforce policy read",
    "writePrivilege": "enforce policy write",
    "contentSetId": 105,
    "policyTypeContentSetId": 276
  },
  "hasEnforcements": false,
  "taniumUsername": null,
  "taniumUpdatedUsername": null,
  "policySource": "standard"
}