{
  "id": null,
  "created_at": null,
  "updated_at": null,
  "deletedAt": null,
  "taniumUserId": null,
  "updatedByTaniumUserId": null,
  "changeType": "created",
  "contentSetId": 105,
  "name": "AVD-Computer-Config-Update",
  "description": "Converted from GPO: AVD-Computer-Config-Update ([object Object])",
  "version": 1,
  "priority": 7,
  "typeId": 0,
  "data": {
    "policyItems": [
      {
        "state": "enabled",
        "name": "Allow Automatic Updates immediate installation",
        "kvps": [
          {
            "key": "Software\\Policies\\Microsoft\\Windows",
            "valueName": "AllowAutomaticUpdatesimmediateinstallation",
            "value": "1",
            "delete": false,
            "lgpoType": "ENFORCE_REG_DWORD",
            "presentationId": "windows:WindowsComponents/windef:WindowsUpdate/windef:LegacyPolicies:AllowAutomaticUpdatesimmediateinstallation"
          }
        ],
        "categoryPath": [
          "windows:WindowsComponents",
          "windef:WindowsUpdate",
          "windef:LegacyPolicies"
        ],
        "hasLgpo": true
      },
      {
        "state": "disabled",
        "name": "Allow non-administrators to receive update notifications",
        "kvps": [
          {
            "key": "Software\\Policies\\Microsoft\\Windows",
            "valueName": "Allownonadministratorstoreceiveupdatenotifications",
            "value": "0",
            "delete": false,
            "lgpoType": "ENFORCE_REG_DWORD",
            "presentationId": "windows:WindowsComponents/windef:WindowsUpdate/windef:LegacyPolicies:Allownonadministratorstoreceiveupdatenotifications"
          }
        ],
        "categoryPath": [
          "windows:WindowsComponents",
          "windef:WindowsUpdate",
          "windef:LegacyPolicies"
        ],
        "hasLgpo": true
      },
      {
        "state": "enabled",
        "name": "Remove access to use all Windows Update features",
        "kvps": [
          {
            "key": "Software\\Policies\\Microsoft\\Windows",
            "valueName": "RemoveaccesstouseallWindowsUpdatefeatures",
            "value": "1",
            "delete": false,
            "lgpoType": "ENFORCE_REG_DWORD",
            "presentationId": "windows:WindowsComponents/windef:WindowsUpdate/windef:Manageenduserexperience:RemoveaccesstouseallWindowsUpdatefeatures"
          }
        ],
        "categoryPath": [
          "windows:WindowsComponents",
          "windef:WindowsUpdate",
          "windef:Manageenduserexperience"
        ],
        "hasLgpo": true
      },
      {
        "state": "enabled",
        "name": "Registry Setting - [Software\\Policies\\Microsoft\\Windows\\WindowsUpdate",
        "kvps": [
          {
            "key": "Software\\Policies\\Microsoft\\Windows\\WindowsUpdate",
            "valueName": "Enabled",
            "value": "\u0004",
            "delete": false,
            "lgpoType": "ENFORCE_REG_SZ",
            "presentationId": "windows:Registry/windef:MachineSettings:WindowsUpdate_Enabled"
          }
        ],
        "categoryPath": [
          "windows:Registry",
          "windef:MachineSettings"
        ],
        "hasLgpo": true
      }
    ],
    "useManagedDefinitions": false
  },
  "isTemplate": false,
  "priorityPool": 3,
  "type": {
    "id": 0,
    "name": "admxMachine",
    "initialContentSetName": "Enforce Windows",
    "policyTypeContentSetName": "Enforce Windows Machine Administrative Templates",
    "operatingSystem": "Windows",
    "policyClass": "machine",
    "endpointType": "cx",
    "readPrivilege": "enforce policy read",
    "writePrivilege": "enforce policy write",
    "contentSetId": 105,
    "policyTypeContentSetId": 276
  },
  "hasEnforcements": false,
  "taniumUsername": null,
  "taniumUpdatedUsername": null,
  "policySource": "standard"
}