{
  "id": null,
  "created_at": null,
  "updated_at": null,
  "deletedAt": null,
  "taniumUserId": null,
  "updatedByTaniumUserId": null,
  "changeType": "created",
  "contentSetId": 105,
  "name": "AVD-User-Config-Office",
  "description": "Converted from GPO: AVD-User-Config-Office ([object Object])",
  "version": 1,
  "priority": 7,
  "typeId": 0,
  "data": {
    "policyItems": [
      {
        "state": "enabled",
        "name": "Do not open files from the Internet zone in Protected View",
        "kvps": [
          {
            "key": "Software\\Policies\\Microsoft\\Windows\\MicrosoftExcel2016",
            "valueName": "DonotopenfilesfromtheInternetzoneinProtectedView",
            "value": "1",
            "delete": false,
            "lgpoType": "ENFORCE_REG_DWORD",
            "presentationId": "windows:MicrosoftExcel2016/windef:ExcelOptions/windef:Security/windef:TrustCenter/windef:ProtectedView:root"
          }
        ],
        "categoryPath": [
          "windows:MicrosoftExcel2016",
          "windef:ExcelOptions",
          "windef:Security",
          "windef:TrustCenter",
          "windef:ProtectedView"
        ],
        "hasLgpo": true
      },
      {
        "state": "enabled",
        "name": "Disable First Run Movie",
        "kvps": [
          {
            "key": "Software\\Policies\\Microsoft\\Windows\\MicrosoftOffice2016",
            "valueName": "FirstRunMovie",
            "value": "1",
            "delete": false,
            "lgpoType": "ENFORCE_REG_DWORD",
            "presentationId": "windows:MicrosoftOffice2016/windef:FirstRun:root"
          }
        ],
        "categoryPath": [
          "windows:MicrosoftOffice2016",
          "windef:FirstRun"
        ],
        "hasLgpo": true
      },
      {
        "state": "enabled",
        "name": "Disable Office First Run on application boot",
        "kvps": [
          {
            "key": "Software\\Policies\\Microsoft\\Windows\\MicrosoftOffice2016",
            "valueName": "OfficeFirstRunonapplicationboot",
            "value": "1",
            "delete": false,
            "lgpoType": "ENFORCE_REG_DWORD",
            "presentationId": "windows:MicrosoftOffice2016/windef:FirstRun:root"
          }
        ],
        "categoryPath": [
          "windows:MicrosoftOffice2016",
          "windef:FirstRun"
        ],
        "hasLgpo": true
      },
      {
        "state": "enabled",
        "name": "Allow roaming of all user customizations",
        "kvps": [
          {
            "key": "Software\\Policies\\Microsoft\\Windows\\MicrosoftOffice2016",
            "valueName": "Allowroamingofallusercustomizations",
            "value": "1",
            "delete": false,
            "lgpoType": "ENFORCE_REG_DWORD",
            "presentationId": "windows:MicrosoftOffice2016/windef:GlobalOptions/windef:Customize:root"
          }
        ],
        "categoryPath": [
          "windows:MicrosoftOffice2016",
          "windef:GlobalOptions",
          "windef:Customize"
        ],
        "hasLgpo": true
      },
      {
        "state": "enabled",
        "name": "Block signing into Office",
        "kvps": [
          {
            "key": "Software\\Policies\\Microsoft\\Windows\\MicrosoftOffice2016",
            "valueName": "BlocksigningintoOffice",
            "value": "1",
            "delete": false,
            "lgpoType": "ENFORCE_REG_DWORD",
            "presentationId": "windows:MicrosoftOffice2016/windef:Miscellaneous:root"
          }
        ],
        "categoryPath": [
          "windows:MicrosoftOffice2016",
          "windef:Miscellaneous"
        ],
        "hasLgpo": true
      },
      {
        "state": "enabled",
        "name": "Disable Office animations",
        "kvps": [
          {
            "key": "Software\\Policies\\Microsoft\\Windows\\MicrosoftOffice2016",
            "valueName": "Officeanimations",
            "value": "1",
            "delete": false,
            "lgpoType": "ENFORCE_REG_DWORD",
            "presentationId": "windows:MicrosoftOffice2016/windef:Miscellaneous:root"
          }
        ],
        "categoryPath": [
          "windows:MicrosoftOffice2016",
          "windef:Miscellaneous"
        ],
        "hasLgpo": true
      },
      {
        "state": "enabled",
        "name": "Do not use hardware graphics acceleration",
        "kvps": [
          {
            "key": "Software\\Policies\\Microsoft\\Windows\\MicrosoftOffice2016",
            "valueName": "Donotusehardwaregraphicsacceleration",
            "value": "1",
            "delete": false,
            "lgpoType": "ENFORCE_REG_DWORD",
            "presentationId": "windows:MicrosoftOffice2016/windef:Miscellaneous:root"
          }
        ],
        "categoryPath": [
          "windows:MicrosoftOffice2016",
          "windef:Miscellaneous"
        ],
        "hasLgpo": true
      },
      {
        "state": "enabled",
        "name": "Suppress recommended settings dialog",
        "kvps": [
          {
            "key": "Software\\Policies\\Microsoft\\Windows\\MicrosoftOffice2016",
            "valueName": "Suppressrecommendedsettingsdialog",
            "value": "1",
            "delete": false,
            "lgpoType": "ENFORCE_REG_DWORD",
            "presentationId": "windows:MicrosoftOffice2016/windef:Miscellaneous:root"
          }
        ],
        "categoryPath": [
          "windows:MicrosoftOffice2016",
          "windef:Miscellaneous"
        ],
        "hasLgpo": true
      },
      {
        "state": "disabled",
        "name": "Automatically receive small updates to improve reliability",
        "kvps": [
          {
            "key": "Software\\Policies\\Microsoft\\Windows\\MicrosoftOffice2016",
            "valueName": "Automaticallyreceivesmallupdatestoimprovereliability",
            "value": "0",
            "delete": false,
            "lgpoType": "ENFORCE_REG_DWORD",
            "presentationId": "windows:MicrosoftOffice2016/windef:Privacy/windef:TrustCenter:root"
          }
        ],
        "categoryPath": [
          "windows:MicrosoftOffice2016",
          "windef:Privacy",
          "windef:TrustCenter"
        ],
        "hasLgpo": true
      },
      {
        "state": "enabled",
        "name": "Disable Opt-in Wizard on first run",
        "kvps": [
          {
            "key": "Software\\Policies\\Microsoft\\Windows\\MicrosoftOffice2016",
            "valueName": "OptinWizardonfirstrun",
            "value": "1",
            "delete": false,
            "lgpoType": "ENFORCE_REG_DWORD",
            "presentationId": "windows:MicrosoftOffice2016/windef:Privacy/windef:TrustCenter:root"
          }
        ],
        "categoryPath": [
          "windows:MicrosoftOffice2016",
          "windef:Privacy",
          "windef:TrustCenter"
        ],
        "hasLgpo": true
      },
      {
        "state": "disabled",
        "name": "Enable Customer Experience Improvement Program",
        "kvps": [
          {
            "key": "Software\\Policies\\Microsoft\\Windows\\MicrosoftOffice2016",
            "valueName": "CustomerExperienceImprovementProgram",
            "value": "0",
            "delete": false,
            "lgpoType": "ENFORCE_REG_DWORD",
            "presentationId": "windows:MicrosoftOffice2016/windef:Privacy/windef:TrustCenter:root"
          }
        ],
        "categoryPath": [
          "windows:MicrosoftOffice2016",
          "windef:Privacy",
          "windef:TrustCenter"
        ],
        "hasLgpo": true
      },
      {
        "state": "enabled",
        "name": "Online Content Options",
        "kvps": [
          {
            "key": "Software\\Policies\\Microsoft\\Windows\\MicrosoftOffice2016",
            "valueName": "OnlineContentOptions",
            "value": "1",
            "delete": false,
            "lgpoType": "ENFORCE_REG_DWORD",
            "presentationId": "windows:MicrosoftOffice2016/windef:Tools|Options|General|ServiceOptions.../windef:OnlineContent:root"
          }
        ],
        "categoryPath": [
          "windows:MicrosoftOffice2016",
          "windef:Tools|Options|General|ServiceOptions...",
          "windef:OnlineContent"
        ],
        "hasLgpo": true
      },
      {
        "state": "enabled",
        "name": "Automatically configure profile based on Active Directory Primary SMTP address",
        "kvps": [
          {
            "key": "Software\\Policies\\Microsoft\\Windows\\MicrosoftOutlook2016",
            "valueName": "AutomaticallyconfigureprofilebasedonActiveDirectoryPrimarySMTPaddress",
            "value": "1",
            "delete": false,
            "lgpoType": "ENFORCE_REG_DWORD",
            "presentationId": "windows:MicrosoftOutlook2016/windef:AccountSettings/windef:Exchange:root"
          }
        ],
        "categoryPath": [
          "windows:MicrosoftOutlook2016",
          "windef:AccountSettings",
          "windef:Exchange"
        ],
        "hasLgpo": true
      },
      {
        "state": "disabled",
        "name": "Use Cached Exchange Mode for new and existing Outlook profiles",
        "kvps": [
          {
            "key": "Software\\Policies\\Microsoft\\Windows\\MicrosoftOutlook2016",
            "valueName": "UseCachedExchangeModefornewandexistingOutlookprofiles",
            "value": "0",
            "delete": false,
            "lgpoType": "ENFORCE_REG_DWORD",
            "presentationId": "windows:MicrosoftOutlook2016/windef:AccountSettings/windef:Exchange/windef:CachedExchangeMode:root"
          }
        ],
        "categoryPath": [
          "windows:MicrosoftOutlook2016",
          "windef:AccountSettings",
          "windef:Exchange",
          "windef:CachedExchangeMode"
        ],
        "hasLgpo": true
      },
      {
        "state": "enabled",
        "name": "Prevent installation prompts when Windows Desktop Search component is not present",
        "kvps": [
          {
            "key": "Software\\Policies\\Microsoft\\Windows\\MicrosoftOutlook2016",
            "valueName": "PreventinstallationpromptswhenWindowsDesktopSearchcomponentisnotpresent",
            "value": "1",
            "delete": false,
            "lgpoType": "ENFORCE_REG_DWORD",
            "presentationId": "windows:MicrosoftOutlook2016/windef:OutlookOptions/windef:Preferences/windef:SearchOptions:root"
          }
        ],
        "categoryPath": [
          "windows:MicrosoftOutlook2016",
          "windef:OutlookOptions",
          "windef:Preferences",
          "windef:SearchOptions"
        ],
        "hasLgpo": true
      },
      {
        "state": "enabled",
        "name": "Automatically download content for e-mail from people in Safe Senders and Safe Recipients Lists",
        "kvps": [
          {
            "key": "Software\\Policies\\Microsoft\\Windows\\MicrosoftOutlook2016",
            "valueName": "AutomaticallydownloadcontentforemailfrompeopleinSafeSendersandSafeRecipientsLists",
            "value": "1",
            "delete": false,
            "lgpoType": "ENFORCE_REG_DWORD",
            "presentationId": "windows:MicrosoftOutlook2016/windef:Security/windef:AutomaticPictureDownloadSettings:root"
          }
        ],
        "categoryPath": [
          "windows:MicrosoftOutlook2016",
          "windef:Security",
          "windef:AutomaticPictureDownloadSettings"
        ],
        "hasLgpo": true
      },
      {
        "state": "disabled",
        "name": "Display pictures and external content in HTML e-mail",
        "kvps": [
          {
            "key": "Software\\Policies\\Microsoft\\Windows\\MicrosoftOutlook2016",
            "valueName": "DisplaypicturesandexternalcontentinHTMLemail",
            "value": "0",
            "delete": false,
            "lgpoType": "ENFORCE_REG_DWORD",
            "presentationId": "windows:MicrosoftOutlook2016/windef:Security/windef:AutomaticPictureDownloadSettings:root"
          }
        ],
        "categoryPath": [
          "windows:MicrosoftOutlook2016",
          "windef:Security",
          "windef:AutomaticPictureDownloadSettings"
        ],
        "hasLgpo": true
      },
      {
        "state": "enabled",
        "name": "Do not open files from the Internet zone in Protected View",
        "kvps": [
          {
            "key": "Software\\Policies\\Microsoft\\Windows\\MicrosoftPowerPoint2016",
            "valueName": "DonotopenfilesfromtheInternetzoneinProtectedView",
            "value": "1",
            "delete": false,
            "lgpoType": "ENFORCE_REG_DWORD",
            "presentationId": "windows:MicrosoftPowerPoint2016/windef:PowerPointOptions/windef:Security/windef:TrustCenter/windef:ProtectedView:root"
          }
        ],
        "categoryPath": [
          "windows:MicrosoftPowerPoint2016",
          "windef:PowerPointOptions",
          "windef:Security",
          "windef:TrustCenter",
          "windef:ProtectedView"
        ],
        "hasLgpo": true
      },
      {
        "state": "enabled",
        "name": "Do not open files from the Internet zone in Protected View",
        "kvps": [
          {
            "key": "Software\\Policies\\Microsoft\\Windows\\MicrosoftWord2016",
            "valueName": "DonotopenfilesfromtheInternetzoneinProtectedView",
            "value": "1",
            "delete": false,
            "lgpoType": "ENFORCE_REG_DWORD",
            "presentationId": "windows:MicrosoftWord2016/windef:WordOptions/windef:Security/windef:TrustCenter/windef:ProtectedView:root"
          }
        ],
        "categoryPath": [
          "windows:MicrosoftWord2016",
          "windef:WordOptions",
          "windef:Security",
          "windef:TrustCenter",
          "windef:ProtectedView"
        ],
        "hasLgpo": true
      },
      {
        "state": "enabled",
        "name": "Registry Setting - [software\\policies\\microsoft\\office\\16.0\\common",
        "kvps": [
          {
            "key": "software\\policies\\microsoft\\office\\16.0\\common",
            "valueName": "software\\policies\\microsoft\\office\\16.0\\common",
            "value": "",
            "delete": false,
            "lgpoType": "ENFORCE_REG_SZ",
            "presentationId": "windows:Registry/windef:UserSettings:software\\policies\\microsoft\\office\\16.0\\common"
          }
        ],
        "categoryPath": [
          "windows:Registry",
          "windef:UserSettings"
        ],
        "hasLgpo": true
      },
      {
        "state": "enabled",
        "name": "Registry Setting - [software\\policies\\microsoft\\office\\16.0\\common\\general",
        "kvps": [
          {
            "key": "software\\policies\\microsoft\\office\\16.0\\common\\general",
            "valueName": "software\\policies\\microsoft\\office\\16.0\\common\\general",
            "value": "",
            "delete": false,
            "lgpoType": "ENFORCE_REG_SZ",
            "presentationId": "windows:Registry/windef:UserSettings:software\\policies\\microsoft\\office\\16.0\\common\\general"
          }
        ],
        "categoryPath": [
          "windows:Registry",
          "windef:UserSettings"
        ],
        "hasLgpo": true
      },
      {
        "state": "enabled",
        "name": "Registry Setting - [software\\policies\\microsoft\\office\\16.0\\common\\graphics",
        "kvps": [
          {
            "key": "software\\policies\\microsoft\\office\\16.0\\common\\graphics",
            "valueName": "software\\policies\\microsoft\\office\\16.0\\common\\graphics",
            "value": "",
            "delete": false,
            "lgpoType": "ENFORCE_REG_SZ",
            "presentationId": "windows:Registry/windef:UserSettings:software\\policies\\microsoft\\office\\16.0\\common\\graphics"
          }
        ],
        "categoryPath": [
          "windows:Registry",
          "windef:UserSettings"
        ],
        "hasLgpo": true
      },
      {
        "state": "enabled",
        "name": "Registry Setting - [software\\policies\\microsoft\\office\\16.0\\common\\signin",
        "kvps": [
          {
            "key": "software\\policies\\microsoft\\office\\16.0\\common\\internet",
            "valueName": "software\\policies\\microsoft\\office\\16.0\\common\\signin",
            "value": "",
            "delete": false,
            "lgpoType": "ENFORCE_REG_SZ",
            "presentationId": "windows:Registry/windef:UserSettings:software\\policies\\microsoft\\office\\16.0\\common\\signin"
          }
        ],
        "categoryPath": [
          "windows:Registry",
          "windef:UserSettings"
        ],
        "hasLgpo": true
      },
      {
        "state": "enabled",
        "name": "Registry Setting - [software\\policies\\microsoft\\office\\16.0\\excel\\security\\protectedview",
        "kvps": [
          {
            "key": "software\\policies\\microsoft\\office\\16.0\\common\\toolbars",
            "valueName": "software\\policies\\microsoft\\office\\16.0\\excel\\security\\protectedview",
            "value": "",
            "delete": false,
            "lgpoType": "ENFORCE_REG_SZ",
            "presentationId": "windows:Registry/windef:UserSettings:software\\policies\\microsoft\\office\\16.0\\excel\\security\\protectedview"
          }
        ],
        "categoryPath": [
          "windows:Registry",
          "windef:UserSettings"
        ],
        "hasLgpo": true
      },
      {
        "state": "enabled",
        "name": "Registry Setting - [software\\policies\\microsoft\\office\\16.0\\firstrun",
        "kvps": [
          {
            "key": "software\\policies\\microsoft\\office\\16.0\\firstrun",
            "valueName": "software\\policies\\microsoft\\office\\16.0\\firstrun",
            "value": "",
            "delete": false,
            "lgpoType": "ENFORCE_REG_SZ",
            "presentationId": "windows:Registry/windef:UserSettings:software\\policies\\microsoft\\office\\16.0\\firstrun"
          }
        ],
        "categoryPath": [
          "windows:Registry",
          "windef:UserSettings"
        ],
        "hasLgpo": true
      },
      {
        "state": "enabled",
        "name": "Registry Setting - [software\\policies\\microsoft\\office\\16.0\\outlook\\cached mode",
        "kvps": [
          {
            "key": "software\\policies\\microsoft\\office\\16.0\\outlook\\autodiscover",
            "valueName": "software\\policies\\microsoft\\office\\16.0\\outlook\\cached mode",
            "value": "",
            "delete": false,
            "lgpoType": "ENFORCE_REG_SZ",
            "presentationId": "windows:Registry/windef:UserSettings:software\\policies\\microsoft\\office\\16.0\\outlook\\cached mode"
          }
        ],
        "categoryPath": [
          "windows:Registry",
          "windef:UserSettings"
        ],
        "hasLgpo": true
      },
      {
        "state": "enabled",
        "name": "Registry Setting - [software\\policies\\microsoft\\office\\16.0\\outlook\\options\\mail",
        "kvps": [
          {
            "key": "software\\policies\\microsoft\\office\\16.0\\outlook\\options\\mail",
            "valueName": "software\\policies\\microsoft\\office\\16.0\\outlook\\options\\mail",
            "value": "",
            "delete": false,
            "lgpoType": "ENFORCE_REG_SZ",
            "presentationId": "windows:Registry/windef:UserSettings:software\\policies\\microsoft\\office\\16.0\\outlook\\options\\mail"
          }
        ],
        "categoryPath": [
          "windows:Registry",
          "windef:UserSettings"
        ],
        "hasLgpo": true
      },
      {
        "state": "enabled",
        "name": "Registry Setting - [software\\policies\\microsoft\\office\\16.0\\powerpoint\\security\\protectedview",
        "kvps": [
          {
            "key": "software\\policies\\microsoft\\office\\16.0\\outlook\\search",
            "valueName": "software\\policies\\microsoft\\office\\16.0\\powerpoint\\security\\protectedview",
            "value": "",
            "delete": false,
            "lgpoType": "ENFORCE_REG_SZ",
            "presentationId": "windows:Registry/windef:UserSettings:software\\policies\\microsoft\\office\\16.0\\powerpoint\\security\\protectedview"
          }
        ],
        "categoryPath": [
          "windows:Registry",
          "windef:UserSettings"
        ],
        "hasLgpo": true
      }
    ],
    "useManagedDefinitions": false
  },
  "isTemplate": false,
  "priorityPool": 3,
  "type": {
    "id": 0,
    "name": "admxMachine",
    "initialContentSetName": "Enforce Windows",
    "policyTypeContentSetName": "Enforce Windows Machine Administrative Templates",
    "operatingSystem": "Windows",
    "policyClass": "machine",
    "endpointType": "cx",
    "readPrivilege": "enforce policy read",
    "writePrivilege": "enforce policy write",
    "contentSetId": 105,
    "policyTypeContentSetId": 276
  },
  "hasEnforcements": false,
  "taniumUsername": null,
  "taniumUpdatedUsername": null,
  "policySource": "standard"
}