{
  "id": null,
  "created_at": null,
  "updated_at": null,
  "deletedAt": null,
  "taniumUserId": null,
  "updatedByTaniumUserId": null,
  "changeType": "created",
  "contentSetId": 105,
  "name": "AVD-User-Config-Desktop",
  "description": "Converted from GPO: AVD-User-Config-Desktop ([object Object])",
  "version": 1,
  "priority": 7,
  "typeId": 0,
  "data": {
    "policyItems": [
      {
        "state": "enabled",
        "name": "Do not add shares of recently opened documents to Network Locations",
        "kvps": [
          {
            "key": "Software\\Policies\\Microsoft\\Windows\\Desktop",
            "valueName": "DonotaddsharesofrecentlyopeneddocumentstoNetworkLocations",
            "value": "1",
            "delete": false,
            "lgpoType": "ENFORCE_REG_DWORD",
            "presentationId": "windows:Desktop:root"
          }
        ],
        "categoryPath": [
          "windows:Desktop"
        ],
        "hasLgpo": true
      },
      {
        "state": "enabled",
        "name": "Hide Network Locations icon on desktop",
        "kvps": [
          {
            "key": "Software\\Policies\\Microsoft\\Windows\\Desktop",
            "valueName": "HideNetworkLocationsiconondesktop",
            "value": "1",
            "delete": false,
            "lgpoType": "ENFORCE_REG_DWORD",
            "presentationId": "windows:Desktop:root"
          }
        ],
        "categoryPath": [
          "windows:Desktop"
        ],
        "hasLgpo": true
      },
      {
        "state": "enabled",
        "name": "Prohibit User from manually redirecting Profile Folders",
        "kvps": [
          {
            "key": "Software\\Policies\\Microsoft\\Windows\\Desktop",
            "valueName": "ProhibitUserfrommanuallyredirectingProfileFolders",
            "value": "1",
            "delete": false,
            "lgpoType": "ENFORCE_REG_DWORD",
            "presentationId": "windows:Desktop:root"
          }
        ],
        "categoryPath": [
          "windows:Desktop"
        ],
        "hasLgpo": true
      },
      {
        "state": "enabled",
        "name": "Remove Properties from the Computer icon context menu",
        "kvps": [
          {
            "key": "Software\\Policies\\Microsoft\\Windows\\Desktop",
            "valueName": "RemovePropertiesfromtheComputericoncontextmenu",
            "value": "1",
            "delete": false,
            "lgpoType": "ENFORCE_REG_DWORD",
            "presentationId": "windows:Desktop:root"
          }
        ],
        "categoryPath": [
          "windows:Desktop"
        ],
        "hasLgpo": true
      },
      {
        "state": "enabled",
        "name": "Remove Properties from the Recycle Bin context menu",
        "kvps": [
          {
            "key": "Software\\Policies\\Microsoft\\Windows\\Desktop",
            "valueName": "RemovePropertiesfromtheRecycleBincontextmenu",
            "value": "1",
            "delete": false,
            "lgpoType": "ENFORCE_REG_DWORD",
            "presentationId": "windows:Desktop:root"
          }
        ],
        "categoryPath": [
          "windows:Desktop"
        ],
        "hasLgpo": true
      },
      {
        "state": "enabled",
        "name": "Maximum size of Active Directory searches",
        "kvps": [
          {
            "key": "Software\\Policies\\Microsoft\\Windows\\Desktop",
            "valueName": "MaximumsizeofActiveDirectorysearches",
            "value": "1",
            "delete": false,
            "lgpoType": "ENFORCE_REG_DWORD",
            "presentationId": "windows:Desktop/windef:ActiveDirectory:root"
          }
        ],
        "categoryPath": [
          "windows:Desktop",
          "windef:ActiveDirectory"
        ],
        "hasLgpo": true
      },
      {
        "state": "enabled",
        "name": "Registry Setting - [Software\\Microsoft\\Windows\\CurrentVersion\\Policies\\Explorer",
        "kvps": [
          {
            "key": "Software\\Microsoft\\Windows\\CurrentVersion\\Policies\\Explorer;NoRecentDocsNetHood;\u0004;\u0004;\u0001",
            "valueName": "[Software\\Microsoft\\Windows\\CurrentVersion\\Policies\\Explorer",
            "value": "\u0004",
            "delete": false,
            "lgpoType": "ENFORCE_REG_SZ",
            "presentationId": "User:Software\\Microsoft\\Windows\\CurrentVersion\\Policies\\Explorer;NoRecentDocsNetHood;\u0004;\u0004;\u0001:[Software\\Microsoft\\Windows\\CurrentVersion\\Policies\\Explorer"
          }
        ],
        "categoryPath": [
          "windows:Registry",
          "windef:UserSettings"
        ],
        "hasLgpo": true
      },
      {
        "state": "enabled",
        "name": "Registry Setting - [Software\\Microsoft\\Windows\\CurrentVersion\\Policies\\Explorer",
        "kvps": [
          {
            "key": "Software\\Microsoft\\Windows\\CurrentVersion\\Policies\\Explorer;DisablePersonalDirChange;\u0004;\u0004;\u0001",
            "valueName": "[Software\\Microsoft\\Windows\\CurrentVersion\\Policies\\Explorer",
            "value": "\u0004",
            "delete": false,
            "lgpoType": "ENFORCE_REG_SZ",
            "presentationId": "User:Software\\Microsoft\\Windows\\CurrentVersion\\Policies\\Explorer;DisablePersonalDirChange;\u0004;\u0004;\u0001:[Software\\Microsoft\\Windows\\CurrentVersion\\Policies\\Explorer"
          }
        ],
        "categoryPath": [
          "windows:Registry",
          "windef:UserSettings"
        ],
        "hasLgpo": true
      },
      {
        "state": "enabled",
        "name": "Registry Setting - [Software\\Policies\\Microsoft\\Windows\\Directory UI",
        "kvps": [
          {
            "key": "Software\\Microsoft\\Windows\\CurrentVersion\\Policies\\Explorer;NoPropertiesRecycleBin;\u0004;\u0004;\u0001",
            "valueName": "[Software\\Policies\\Microsoft\\Windows\\Directory UI",
            "value": "\u0004",
            "delete": false,
            "lgpoType": "ENFORCE_REG_SZ",
            "presentationId": "User:Software\\Microsoft\\Windows\\CurrentVersion\\Policies\\Explorer;NoPropertiesRecycleBin;\u0004;\u0004;\u0001:[Software\\Policies\\Microsoft\\Windows\\Directory UI"
          }
        ],
        "categoryPath": [
          "windows:Registry",
          "windef:UserSettings"
        ],
        "hasLgpo": true
      }
    ],
    "useManagedDefinitions": false
  },
  "isTemplate": false,
  "priorityPool": 3,
  "type": {
    "id": 0,
    "name": "admxMachine",
    "initialContentSetName": "Enforce Windows",
    "policyTypeContentSetName": "Enforce Windows Machine Administrative Templates",
    "operatingSystem": "Windows",
    "policyClass": "machine",
    "endpointType": "cx",
    "readPrivilege": "enforce policy read",
    "writePrivilege": "enforce policy write",
    "contentSetId": 105,
    "policyTypeContentSetId": 276
  },
  "hasEnforcements": false,
  "taniumUsername": null,
  "taniumUpdatedUsername": null,
  "policySource": "standard"
}