{
  "id": null,
  "created_at": null,
  "updated_at": null,
  "deletedAt": null,
  "taniumUserId": null,
  "updatedByTaniumUserId": null,
  "changeType": "created",
  "contentSetId": 105,
  "name": "AVD-Computer-Config-Internet-Explorer",
  "description": "Converted from GPO: AVD-Computer-Config-Internet-Explorer ([object Object])",
  "version": 1,
  "priority": 7,
  "typeId": 0,
  "data": {
    "policyItems": [
      {
        "state": "disabled",
        "name": "Allow Microsoft services to provide enhanced suggestions as the user types in the Address bar",
        "kvps": [
          {
            "key": "Software\\Policies\\Microsoft\\Windows",
            "valueName": "AllowMicrosoftservicestoprovideenhancedsuggestionsastheusertypesintheAddressbar",
            "value": "0",
            "delete": false,
            "lgpoType": "ENFORCE_REG_DWORD",
            "presentationId": "windows:WindowsComponents/windef:InternetExplorer:root"
          }
        ],
        "categoryPath": [
          "windows:WindowsComponents",
          "windef:InternetExplorer"
        ],
        "hasLgpo": true
      },
      {
        "state": "enabled",
        "name": "Disable Periodic Check for Internet Explorer software updates",
        "kvps": [
          {
            "key": "Software\\Policies\\Microsoft\\Windows",
            "valueName": "PeriodicCheckforInternetExplorersoftwareupdates",
            "value": "1",
            "delete": false,
            "lgpoType": "ENFORCE_REG_DWORD",
            "presentationId": "windows:WindowsComponents/windef:InternetExplorer:root"
          }
        ],
        "categoryPath": [
          "windows:WindowsComponents",
          "windef:InternetExplorer"
        ],
        "hasLgpo": true
      },
      {
        "state": "enabled",
        "name": "Disable showing the splash screen",
        "kvps": [
          {
            "key": "Software\\Policies\\Microsoft\\Windows",
            "valueName": "showingthesplashscreen",
            "value": "1",
            "delete": false,
            "lgpoType": "ENFORCE_REG_DWORD",
            "presentationId": "windows:WindowsComponents/windef:InternetExplorer:root"
          }
        ],
        "categoryPath": [
          "windows:WindowsComponents",
          "windef:InternetExplorer"
        ],
        "hasLgpo": true
      },
      {
        "state": "disabled",
        "name": "Install new versions of Internet Explorer automatically",
        "kvps": [
          {
            "key": "Software\\Policies\\Microsoft\\Windows",
            "valueName": "InstallnewversionsofInternetExplorerautomatically",
            "value": "0",
            "delete": false,
            "lgpoType": "ENFORCE_REG_DWORD",
            "presentationId": "windows:WindowsComponents/windef:InternetExplorer:root"
          }
        ],
        "categoryPath": [
          "windows:WindowsComponents",
          "windef:InternetExplorer"
        ],
        "hasLgpo": true
      },
      {
        "state": "enabled",
        "name": "Prevent participation in the Customer Experience Improvement Program",
        "kvps": [
          {
            "key": "Software\\Policies\\Microsoft\\Windows",
            "valueName": "PreventparticipationintheCustomerExperienceImprovementProgram",
            "value": "1",
            "delete": false,
            "lgpoType": "ENFORCE_REG_DWORD",
            "presentationId": "windows:WindowsComponents/windef:InternetExplorer:root"
          }
        ],
        "categoryPath": [
          "windows:WindowsComponents",
          "windef:InternetExplorer"
        ],
        "hasLgpo": true
      },
      {
        "state": "enabled",
        "name": "Prevent running First Run wizard",
        "kvps": [
          {
            "key": "Software\\Policies\\Microsoft\\Windows",
            "valueName": "PreventrunningFirstRunwizard",
            "value": "1",
            "delete": false,
            "lgpoType": "ENFORCE_REG_DWORD",
            "presentationId": "windows:WindowsComponents/windef:InternetExplorer:root"
          }
        ],
        "categoryPath": [
          "windows:WindowsComponents",
          "windef:InternetExplorer"
        ],
        "hasLgpo": true
      },
      {
        "state": "enabled",
        "name": "Set tab process growth",
        "kvps": [
          {
            "key": "Software\\Policies\\Microsoft\\Windows",
            "valueName": "Settabprocessgrowth",
            "value": "1",
            "delete": false,
            "lgpoType": "ENFORCE_REG_DWORD",
            "presentationId": "windows:WindowsComponents/windef:InternetExplorer:root"
          }
        ],
        "categoryPath": [
          "windows:WindowsComponents",
          "windef:InternetExplorer"
        ],
        "hasLgpo": true
      },
      {
        "state": "enabled",
        "name": "Specify default behavior for a new tab",
        "kvps": [
          {
            "key": "Software\\Policies\\Microsoft\\Windows",
            "valueName": "Specifydefaultbehaviorforanewtab",
            "value": "1",
            "delete": false,
            "lgpoType": "ENFORCE_REG_DWORD",
            "presentationId": "windows:WindowsComponents/windef:InternetExplorer:root"
          }
        ],
        "categoryPath": [
          "windows:WindowsComponents",
          "windef:InternetExplorer"
        ],
        "hasLgpo": true
      },
      {
        "state": "enabled",
        "name": "Turn off add-on performance notifications",
        "kvps": [
          {
            "key": "Software\\Policies\\Microsoft\\Windows",
            "valueName": "Turnoffaddonperformancenotifications",
            "value": "1",
            "delete": false,
            "lgpoType": "ENFORCE_REG_DWORD",
            "presentationId": "windows:WindowsComponents/windef:InternetExplorer:root"
          }
        ],
        "categoryPath": [
          "windows:WindowsComponents",
          "windef:InternetExplorer"
        ],
        "hasLgpo": true
      },
      {
        "state": "enabled",
        "name": "Turn off browser geolocation",
        "kvps": [
          {
            "key": "Software\\Policies\\Microsoft\\Windows",
            "valueName": "Turnoffbrowsergeolocation",
            "value": "1",
            "delete": false,
            "lgpoType": "ENFORCE_REG_DWORD",
            "presentationId": "windows:WindowsComponents/windef:InternetExplorer:root"
          }
        ],
        "categoryPath": [
          "windows:WindowsComponents",
          "windef:InternetExplorer"
        ],
        "hasLgpo": true
      },
      {
        "state": "enabled",
        "name": "Turn off Reopen Last Browsing Session",
        "kvps": [
          {
            "key": "Software\\Policies\\Microsoft\\Windows",
            "valueName": "TurnoffReopenLastBrowsingSession",
            "value": "1",
            "delete": false,
            "lgpoType": "ENFORCE_REG_DWORD",
            "presentationId": "windows:WindowsComponents/windef:InternetExplorer:root"
          }
        ],
        "categoryPath": [
          "windows:WindowsComponents",
          "windef:InternetExplorer"
        ],
        "hasLgpo": true
      },
      {
        "state": "enabled",
        "name": "Turn off suggestions for all user-installed providers",
        "kvps": [
          {
            "key": "Software\\Policies\\Microsoft\\Windows",
            "valueName": "Turnoffsuggestionsforalluserinstalledproviders",
            "value": "1",
            "delete": false,
            "lgpoType": "ENFORCE_REG_DWORD",
            "presentationId": "windows:WindowsComponents/windef:InternetExplorer:root"
          }
        ],
        "categoryPath": [
          "windows:WindowsComponents",
          "windef:InternetExplorer"
        ],
        "hasLgpo": true
      },
      {
        "state": "disabled",
        "name": "Turn on Suggested Sites",
        "kvps": [
          {
            "key": "Software\\Policies\\Microsoft\\Windows",
            "valueName": "TurnonSuggestedSites",
            "value": "0",
            "delete": false,
            "lgpoType": "ENFORCE_REG_DWORD",
            "presentationId": "windows:WindowsComponents/windef:InternetExplorer:root"
          }
        ],
        "categoryPath": [
          "windows:WindowsComponents",
          "windef:InternetExplorer"
        ],
        "hasLgpo": true
      },
      {
        "state": "enabled",
        "name": "Allow deleting browsing history on exit",
        "kvps": [
          {
            "key": "Software\\Policies\\Microsoft\\Windows",
            "valueName": "Allowdeletingbrowsinghistoryonexit",
            "value": "1",
            "delete": false,
            "lgpoType": "ENFORCE_REG_DWORD",
            "presentationId": "windows:WindowsComponents/windef:InternetExplorer/windef:DeleteBrowsingHistory:root"
          }
        ],
        "categoryPath": [
          "windows:WindowsComponents",
          "windef:InternetExplorer",
          "windef:DeleteBrowsingHistory"
        ],
        "hasLgpo": true
      },
      {
        "state": "enabled",
        "name": "Turn off phone number detection",
        "kvps": [
          {
            "key": "Software\\Policies\\Microsoft\\Windows",
            "valueName": "Turnoffphonenumberdetection",
            "value": "1",
            "delete": false,
            "lgpoType": "ENFORCE_REG_DWORD",
            "presentationId": "windows:WindowsComponents/windef:InternetExplorer/windef:InternetSettings/windef:Advancedsettings/windef:Browsing:root"
          }
        ],
        "categoryPath": [
          "windows:WindowsComponents",
          "windef:InternetExplorer",
          "windef:InternetSettings",
          "windef:Advancedsettings",
          "windef:Browsing"
        ],
        "hasLgpo": true
      },
      {
        "state": "disabled",
        "name": "Allow Internet Explorer to play media files that use alternative codecs",
        "kvps": [
          {
            "key": "Software\\Policies\\Microsoft\\Windows",
            "valueName": "AllowInternetExplorertoplaymediafilesthatusealternativecodecs",
            "value": "0",
            "delete": false,
            "lgpoType": "ENFORCE_REG_DWORD",
            "presentationId": "windows:WindowsComponents/windef:InternetExplorer/windef:InternetSettings/windef:Advancedsettings/windef:Multimedia:root"
          }
        ],
        "categoryPath": [
          "windows:WindowsComponents",
          "windef:InternetExplorer",
          "windef:InternetSettings",
          "windef:Advancedsettings",
          "windef:Multimedia"
        ],
        "hasLgpo": true
      },
      {
        "state": "enabled",
        "name": "Turn off URL Suggestions",
        "kvps": [
          {
            "key": "Software\\Policies\\Microsoft\\Windows",
            "valueName": "TurnoffURLSuggestions",
            "value": "1",
            "delete": false,
            "lgpoType": "ENFORCE_REG_DWORD",
            "presentationId": "windows:WindowsComponents/windef:InternetExplorer/windef:InternetSettings/windef:AutoComplete:root"
          }
        ],
        "categoryPath": [
          "windows:WindowsComponents",
          "windef:InternetExplorer",
          "windef:InternetSettings",
          "windef:AutoComplete"
        ],
        "hasLgpo": true
      },
      {
        "state": "enabled",
        "name": "Turn off Windows Search AutoComplete",
        "kvps": [
          {
            "key": "Software\\Policies\\Microsoft\\Windows",
            "valueName": "TurnoffWindowsSearchAutoComplete",
            "value": "1",
            "delete": false,
            "lgpoType": "ENFORCE_REG_DWORD",
            "presentationId": "windows:WindowsComponents/windef:InternetExplorer/windef:InternetSettings/windef:AutoComplete:root"
          }
        ],
        "categoryPath": [
          "windows:WindowsComponents",
          "windef:InternetExplorer",
          "windef:InternetSettings",
          "windef:AutoComplete"
        ],
        "hasLgpo": true
      },
      {
        "state": "enabled",
        "name": "Registry Setting - [Software\\Policies\\Microsoft\\Internet Explorer",
        "kvps": [
          {
            "key": "Software\\Microsoft\\Windows\\CurrentVersion\\Policies\\Ext",
            "valueName": "Software\\Policies\\Microsoft\\Internet Explorer",
            "value": "",
            "delete": false,
            "lgpoType": "ENFORCE_REG_SZ",
            "presentationId": "windows:Registry/windef:MachineSettings:Software\\Policies\\Microsoft\\Internet Explorer"
          }
        ],
        "categoryPath": [
          "windows:Registry",
          "windef:MachineSettings"
        ],
        "hasLgpo": true
      },
      {
        "state": "enabled",
        "name": "Registry Setting - [Software\\Policies\\Microsoft\\Internet Explorer\\Geolocation",
        "kvps": [
          {
            "key": "Software\\Policies\\Microsoft\\Internet Explorer\\DomainSuggestion",
            "valueName": "Software\\Policies\\Microsoft\\Internet Explorer\\Geolocation",
            "value": "",
            "delete": false,
            "lgpoType": "ENFORCE_REG_SZ",
            "presentationId": "windows:Registry/windef:MachineSettings:Software\\Policies\\Microsoft\\Internet Explorer\\Geolocation"
          }
        ],
        "categoryPath": [
          "windows:Registry",
          "windef:MachineSettings"
        ],
        "hasLgpo": true
      },
      {
        "state": "enabled",
        "name": "Registry Setting - [Software\\Policies\\Microsoft\\Internet Explorer\\Infodelivery\\Restrictions",
        "kvps": [
          {
            "key": "Software\\Policies\\Microsoft\\Internet Explorer\\Infodelivery\\Restrictions",
            "valueName": "Software\\Policies\\Microsoft\\Internet Explorer\\Infodelivery\\Restrictions",
            "value": "",
            "delete": false,
            "lgpoType": "ENFORCE_REG_SZ",
            "presentationId": "windows:Registry/windef:MachineSettings:Software\\Policies\\Microsoft\\Internet Explorer\\Infodelivery\\Restrictions"
          }
        ],
        "categoryPath": [
          "windows:Registry",
          "windef:MachineSettings"
        ],
        "hasLgpo": true
      },
      {
        "state": "enabled",
        "name": "Registry Setting - [Software\\Policies\\Microsoft\\Internet Explorer\\Main",
        "kvps": [
          {
            "key": "Software\\Policies\\Microsoft\\Internet Explorer\\Main",
            "valueName": "Software\\Policies\\Microsoft\\Internet Explorer\\Main",
            "value": "",
            "delete": false,
            "lgpoType": "ENFORCE_REG_SZ",
            "presentationId": "windows:Registry/windef:MachineSettings:Software\\Policies\\Microsoft\\Internet Explorer\\Main"
          }
        ],
        "categoryPath": [
          "windows:Registry",
          "windef:MachineSettings"
        ],
        "hasLgpo": true
      },
      {
        "state": "enabled",
        "name": "Registry Setting - [Software\\Policies\\Microsoft\\Internet Explorer\\Main",
        "kvps": [
          {
            "key": "Software\\Policies\\Microsoft\\Internet Explorer\\Main",
            "valueName": "Software\\Policies\\Microsoft\\Internet Explorer\\Main",
            "value": "",
            "delete": false,
            "lgpoType": "ENFORCE_REG_SZ",
            "presentationId": "windows:Registry/windef:MachineSettings:Software\\Policies\\Microsoft\\Internet Explorer\\Main"
          }
        ],
        "categoryPath": [
          "windows:Registry",
          "windef:MachineSettings"
        ],
        "hasLgpo": true
      },
      {
        "state": "enabled",
        "name": "Registry Setting - [Software\\Policies\\Microsoft\\Internet Explorer\\Main\\WindowsSearch",
        "kvps": [
          {
            "key": "Software\\Policies\\Microsoft\\Internet Explorer\\Main\\FormatDetection",
            "valueName": "Software\\Policies\\Microsoft\\Internet Explorer\\Main\\WindowsSearch",
            "value": "",
            "delete": false,
            "lgpoType": "ENFORCE_REG_SZ",
            "presentationId": "windows:Registry/windef:MachineSettings:Software\\Policies\\Microsoft\\Internet Explorer\\Main\\WindowsSearch"
          }
        ],
        "categoryPath": [
          "windows:Registry",
          "windef:MachineSettings"
        ],
        "hasLgpo": true
      },
      {
        "state": "enabled",
        "name": "Registry Setting - [Software\\Policies\\Microsoft\\Internet Explorer\\Recovery",
        "kvps": [
          {
            "key": "Software\\Policies\\Microsoft\\Internet Explorer\\Privacy",
            "valueName": "Software\\Policies\\Microsoft\\Internet Explorer\\Recovery",
            "value": "",
            "delete": false,
            "lgpoType": "ENFORCE_REG_SZ",
            "presentationId": "windows:Registry/windef:MachineSettings:Software\\Policies\\Microsoft\\Internet Explorer\\Recovery"
          }
        ],
        "categoryPath": [
          "windows:Registry",
          "windef:MachineSettings"
        ],
        "hasLgpo": true
      },
      {
        "state": "enabled",
        "name": "Registry Setting - [Software\\Policies\\Microsoft\\Internet Explorer\\SQM",
        "kvps": [
          {
            "key": "Software\\Policies\\Microsoft\\Internet Explorer\\SearchScopes",
            "valueName": "Software\\Policies\\Microsoft\\Internet Explorer\\SQM",
            "value": "",
            "delete": false,
            "lgpoType": "ENFORCE_REG_SZ",
            "presentationId": "windows:Registry/windef:MachineSettings:Software\\Policies\\Microsoft\\Internet Explorer\\SQM"
          }
        ],
        "categoryPath": [
          "windows:Registry",
          "windef:MachineSettings"
        ],
        "hasLgpo": true
      },
      {
        "state": "enabled",
        "name": "Registry Setting - [Software\\Policies\\Microsoft\\Internet Explorer\\TabbedBrowsing",
        "kvps": [
          {
            "key": "Software\\Policies\\Microsoft\\Internet Explorer\\Suggested Sites",
            "valueName": "Software\\Policies\\Microsoft\\Internet Explorer\\TabbedBrowsing",
            "value": "",
            "delete": false,
            "lgpoType": "ENFORCE_REG_SZ",
            "presentationId": "windows:Registry/windef:MachineSettings:Software\\Policies\\Microsoft\\Internet Explorer\\TabbedBrowsing"
          }
        ],
        "categoryPath": [
          "windows:Registry",
          "windef:MachineSettings"
        ],
        "hasLgpo": true
      }
    ],
    "useManagedDefinitions": false
  },
  "isTemplate": false,
  "priorityPool": 3,
  "type": {
    "id": 0,
    "name": "admxMachine",
    "initialContentSetName": "Enforce Windows",
    "policyTypeContentSetName": "Enforce Windows Machine Administrative Templates",
    "operatingSystem": "Windows",
    "policyClass": "machine",
    "endpointType": "cx",
    "readPrivilege": "enforce policy read",
    "writePrivilege": "enforce policy write",
    "contentSetId": 105,
    "policyTypeContentSetId": 276
  },
  "hasEnforcements": false,
  "taniumUsername": null,
  "taniumUpdatedUsername": null,
  "policySource": "standard"
}