{
  "id": null,
  "created_at": "2025-02-18T16:52:04.503Z",
  "updated_at": "2025-02-18T16:52:04.503Z",
  "deletedAt": null,
  "taniumUserId": 562,
  "updatedByTaniumUserId": 562,
  "changeType": "created",
  "contentSetId": 105,
  "name": "Base Server Policies",
  "description": "Converted from GPO: Base Server Policies (6468C7C3-B17F-4D14-9D52-8CB56F087C98)",
  "version": 1,
  "priority": 164,
  "typeId": 0,
  "data": {
    "policyItems": [
      {
        "state": "enabled",
        "name": "Windows Defender Firewall: Allow ICMP exceptions",
        "kvps": [
          {
            "key": "Software\\Policies\\Microsoft\\Windows\\Network",
            "valueName": "WindowsDefenderFirewallAllowICMPexceptions",
            "value": 1,
            "delete": false,
            "lgpoType": "ENFORCE_REG_DWORD",
            "presentationId": "windows:network/windef:networkconnections/windef:windowsdefenderfirewall/windef:domainprofile:network"
          }
        ],
        "categoryPath": [
          "windows:Network",
          "windef:NetworkConnections",
          "windef:WindowsDefenderFirewall",
          "windef:DomainProfile"
        ],
        "hasLgpo": true
      },
      {
        "state": "enabled",
        "name": "Windows Defender Firewall: Allow inbound Remote Desktop exceptions",
        "kvps": [
          {
            "key": "Software\\Policies\\Microsoft\\Windows\\Network",
            "valueName": "WindowsDefenderFirewallAllowinboundRemoteDesktopexceptions",
            "value": 1,
            "delete": false,
            "lgpoType": "ENFORCE_REG_DWORD",
            "presentationId": "windows:network/windef:networkconnections/windef:windowsdefenderfirewall/windef:domainprofile:network"
          }
        ],
        "categoryPath": [
          "windows:Network",
          "windef:NetworkConnections",
          "windef:WindowsDefenderFirewall",
          "windef:DomainProfile"
        ],
        "hasLgpo": true
      },
      {
        "state": "enabled",
        "name": "Windows Defender Firewall: Define inbound port exceptions",
        "kvps": [
          {
            "key": "Software\\Policies\\Microsoft\\Windows\\Network",
            "valueName": "WindowsDefenderFirewallDefineinboundportexceptions",
            "value": 1,
            "delete": false,
            "lgpoType": "ENFORCE_REG_DWORD",
            "presentationId": "windows:network/windef:networkconnections/windef:windowsdefenderfirewall/windef:domainprofile:network"
          }
        ],
        "categoryPath": [
          "windows:Network",
          "windef:NetworkConnections",
          "windef:WindowsDefenderFirewall",
          "windef:DomainProfile"
        ],
        "hasLgpo": true
      },
      {
        "state": "enabled",
        "name": "Windows Defender Firewall: Define inbound program exceptions",
        "kvps": [
          {
            "key": "Software\\Policies\\Microsoft\\Windows\\Network",
            "valueName": "WindowsDefenderFirewallDefineinboundprogramexceptions",
            "value": 1,
            "delete": false,
            "lgpoType": "ENFORCE_REG_DWORD",
            "presentationId": "windows:network/windef:networkconnections/windef:windowsdefenderfirewall/windef:domainprofile:network"
          }
        ],
        "categoryPath": [
          "windows:Network",
          "windef:NetworkConnections",
          "windef:WindowsDefenderFirewall",
          "windef:DomainProfile"
        ],
        "hasLgpo": true
      },
      {
        "state": "disabled",
        "name": "Do not allow COM port redirection",
        "kvps": [
          {
            "key": "Software\\Policies\\Microsoft\\Windows",
            "valueName": "DonotallowCOMportredirection",
            "value": 1,
            "delete": false,
            "lgpoType": "ENFORCE_REG_DWORD",
            "presentationId": "windows:windowscomponents/windef:remotedesktopservices/windef:remotedesktopsessionhost/windef:deviceandresourceredirection:windows"
          }
        ],
        "categoryPath": [
          "windows:WindowsComponents",
          "windef:RemoteDesktopServices",
          "windef:RemoteDesktopSessionHost",
          "windef:DeviceandResourceRedirection"
        ],
        "hasLgpo": true
      },
      {
        "state": "disabled",
        "name": "Allow Automatic Updates immediate installation",
        "kvps": [
          {
            "key": "Software\\Policies\\Microsoft\\Windows",
            "valueName": "AllowAutomaticUpdatesimmediateinstallation",
            "value": 1,
            "delete": false,
            "lgpoType": "ENFORCE_REG_DWORD",
            "presentationId": "windows:windowscomponents/windef:windowsupdate/windef:legacypolicies:windows"
          }
        ],
        "categoryPath": [
          "windows:WindowsComponents",
          "windef:WindowsUpdate",
          "windef:LegacyPolicies"
        ],
        "hasLgpo": true
      },
      {
        "state": "disabled",
        "name": "Allow non-administrators to receive update notifications",
        "kvps": [
          {
            "key": "Software\\Policies\\Microsoft\\Windows",
            "valueName": "Allownonadministratorstoreceiveupdatenotifications",
            "value": 1,
            "delete": false,
            "lgpoType": "ENFORCE_REG_DWORD",
            "presentationId": "windows:windowscomponents/windef:windowsupdate/windef:legacypolicies:windows"
          }
        ],
        "categoryPath": [
          "windows:WindowsComponents",
          "windef:WindowsUpdate",
          "windef:LegacyPolicies"
        ],
        "hasLgpo": true
      },
      {
        "state": "enabled",
        "name": "No auto-restart with logged on users for scheduled automatic updates installations",
        "kvps": [
          {
            "key": "Software\\Policies\\Microsoft\\Windows",
            "valueName": "Noautorestartwithloggedonusersforscheduledautomaticupdatesinstallations",
            "value": 1,
            "delete": false,
            "lgpoType": "ENFORCE_REG_DWORD",
            "presentationId": "windows:windowscomponents/windef:windowsupdate/windef:legacypolicies:windows"
          }
        ],
        "categoryPath": [
          "windows:WindowsComponents",
          "windef:WindowsUpdate",
          "windef:LegacyPolicies"
        ],
        "hasLgpo": true
      },
      {
        "state": "disabled",
        "name": "Re-prompt for restart with scheduled installations",
        "kvps": [
          {
            "key": "Software\\Policies\\Microsoft\\Windows",
            "valueName": "Repromptforrestartwithscheduledinstallations",
            "value": 1,
            "delete": false,
            "lgpoType": "ENFORCE_REG_DWORD",
            "presentationId": "windows:windowscomponents/windef:windowsupdate/windef:legacypolicies:windows"
          }
        ],
        "categoryPath": [
          "windows:WindowsComponents",
          "windef:WindowsUpdate",
          "windef:LegacyPolicies"
        ],
        "hasLgpo": true
      },
      {
        "state": "disabled",
        "name": "Turn on recommended updates via Automatic Updates",
        "kvps": [
          {
            "key": "Software\\Policies\\Microsoft\\Windows",
            "valueName": "TurnonrecommendedupdatesviaAutomaticUpdates",
            "value": 1,
            "delete": false,
            "lgpoType": "ENFORCE_REG_DWORD",
            "presentationId": "windows:windowscomponents/windef:windowsupdate/windef:legacypolicies:windows"
          }
        ],
        "categoryPath": [
          "windows:WindowsComponents",
          "windef:WindowsUpdate",
          "windef:LegacyPolicies"
        ],
        "hasLgpo": true
      },
      {
        "state": "disabled",
        "name": "Configure Automatic Updates",
        "kvps": [
          {
            "key": "Software\\Policies\\Microsoft\\Windows",
            "valueName": "ConfigureAutomaticUpdates",
            "value": 1,
            "delete": false,
            "lgpoType": "ENFORCE_REG_DWORD",
            "presentationId": "windows:windowscomponents/windef:windowsupdate/windef:manageenduserexperience:windows"
          }
        ],
        "categoryPath": [
          "windows:WindowsComponents",
          "windef:WindowsUpdate",
          "windef:Manageenduserexperience"
        ],
        "hasLgpo": true
      },
      {
        "state": "enabled",
        "name": "Enable client-side targeting",
        "kvps": [
          {
            "key": "Software\\Policies\\Microsoft\\Windows",
            "valueName": "clientsidetargeting",
            "value": 1,
            "delete": false,
            "lgpoType": "ENFORCE_REG_DWORD",
            "presentationId": "windows:windowscomponents/windef:windowsupdate/windef:manageupdatesofferedfromwindowsserverupdateservice:windows"
          }
        ],
        "categoryPath": [
          "windows:WindowsComponents",
          "windef:WindowsUpdate",
          "windef:ManageupdatesofferedfromWindowsServerUpdateService"
        ],
        "hasLgpo": true
      },
      {
        "state": "enabled",
        "name": "Windows WindowsUpdate",
        "kvps": [
          {
            "key": "Software\\Policies\\Microsoft\\Windows\\WindowsUpdate",
            "valueName": "Enabled",
            "value": "\u0001",
            "delete": false,
            "lgpoType": "ENFORCE_REG_SZ",
            "presentationId": "windows:registry/windef:machinesettings:windowsupdate"
          }
        ],
        "categoryPath": [
          "windows:Registry",
          "windef:MachineSettings",
          "Windows"
        ],
        "hasLgpo": true
      },
      {
        "state": "enabled",
        "name": "WindowsUpdate AU",
        "kvps": [
          {
            "key": "Software\\Policies\\Microsoft\\Windows\\WindowsUpdate",
            "valueName": "AU",
            "value": "\u0004",
            "delete": false,
            "lgpoType": "ENFORCE_REG_SZ",
            "presentationId": "windows:registry/windef:machinesettings:windowsupdate"
          }
        ],
        "categoryPath": [
          "windows:Registry",
          "windef:MachineSettings",
          "Windows"
        ],
        "hasLgpo": true
      },
      {
        "state": "enabled",
        "name": "WindowsUpdate AU",
        "kvps": [
          {
            "key": "Software\\Policies\\Microsoft\\Windows\\WindowsUpdate\\AU",
            "valueName": "Enabled",
            "value": "\u0004",
            "delete": false,
            "lgpoType": "ENFORCE_REG_SZ",
            "presentationId": "windows:registry/windef:machinesettings:au"
          }
        ],
        "categoryPath": [
          "windows:Registry",
          "windef:MachineSettings",
          "WindowsUpdate"
        ],
        "hasLgpo": true
      },
      {
        "state": "enabled",
        "name": "Windows NT Terminal Services",
        "kvps": [
          {
            "key": "Software\\Policies\\Microsoft\\Windows\\WindowsUpdate\\AU",
            "valueName": "Terminal Services",
            "value": "\u0004",
            "delete": false,
            "lgpoType": "ENFORCE_REG_SZ",
            "presentationId": "windows:registry/windef:machinesettings:au"
          }
        ],
        "categoryPath": [
          "windows:Registry",
          "windef:MachineSettings",
          "WindowsUpdate"
        ],
        "hasLgpo": true
      },
      {
        "state": "enabled",
        "name": "AuthorizedApplications List",
        "kvps": [
          {
            "key": "Software\\Policies\\Microsoft\\WindowsFirewall\\DomainProfile\\AuthorizedApplications",
            "valueName": "List",
            "value": "\u0001",
            "delete": false,
            "lgpoType": "ENFORCE_REG_SZ",
            "presentationId": "windows:registry/windef:machinesettings:authorizedapplications"
          }
        ],
        "categoryPath": [
          "windows:Registry",
          "windef:MachineSettings",
          "DomainProfile"
        ],
        "hasLgpo": true
      },
      {
        "state": "enabled",
        "name": "AuthorizedApplications List",
        "kvps": [
          {
            "key": "Software\\Policies\\Microsoft\\WindowsFirewall\\DomainProfile\\AuthorizedApplications\\List",
            "valueName": "Enabled",
            "value": "\u0001",
            "delete": false,
            "lgpoType": "ENFORCE_REG_SZ",
            "presentationId": "windows:registry/windef:machinesettings:list"
          }
        ],
        "categoryPath": [
          "windows:Registry",
          "windef:MachineSettings",
          "AuthorizedApplications"
        ],
        "hasLgpo": true
      },
      {
        "state": "enabled",
        "name": "GloballyOpenPorts List",
        "kvps": [
          {
            "key": "Software\\Policies\\Microsoft\\WindowsFirewall\\DomainProfile\\GloballyOpenPorts",
            "valueName": "List",
            "value": "\u0001",
            "delete": false,
            "lgpoType": "ENFORCE_REG_SZ",
            "presentationId": "windows:registry/windef:machinesettings:globallyopenports"
          }
        ],
        "categoryPath": [
          "windows:Registry",
          "windef:MachineSettings",
          "DomainProfile"
        ],
        "hasLgpo": true
      },
      {
        "state": "enabled",
        "name": "GloballyOpenPorts List",
        "kvps": [
          {
            "key": "Software\\Policies\\Microsoft\\WindowsFirewall\\DomainProfile\\GloballyOpenPorts\\List",
            "valueName": "Enabled",
            "value": "\u0001",
            "delete": false,
            "lgpoType": "ENFORCE_REG_SZ",
            "presentationId": "windows:registry/windef:machinesettings:list"
          }
        ],
        "categoryPath": [
          "windows:Registry",
          "windef:MachineSettings",
          "GloballyOpenPorts"
        ],
        "hasLgpo": true
      },
      {
        "state": "enabled",
        "name": "DomainProfile IcmpSettings",
        "kvps": [
          {
            "key": "Software\\Policies\\Microsoft\\WindowsFirewall\\DomainProfile\\GloballyOpenPorts\\List",
            "valueName": "IcmpSettings",
            "value": "\u0004",
            "delete": false,
            "lgpoType": "ENFORCE_REG_SZ",
            "presentationId": "windows:registry/windef:machinesettings:list"
          }
        ],
        "categoryPath": [
          "windows:Registry",
          "windef:MachineSettings",
          "GloballyOpenPorts"
        ],
        "hasLgpo": true
      },
      {
        "state": "enabled",
        "name": "DomainProfile IcmpSettings",
        "kvps": [
          {
            "key": "Software\\Policies\\Microsoft\\WindowsFirewall\\DomainProfile\\IcmpSettings",
            "valueName": "Enabled",
            "value": "\u0004",
            "delete": false,
            "lgpoType": "ENFORCE_REG_SZ",
            "presentationId": "windows:registry/windef:machinesettings:icmpsettings"
          }
        ],
        "categoryPath": [
          "windows:Registry",
          "windef:MachineSettings",
          "DomainProfile"
        ],
        "hasLgpo": true
      },
      {
        "state": "enabled",
        "name": "Services RemoteDesktop",
        "kvps": [
          {
            "key": "Software\\Policies\\Microsoft\\WindowsFirewall\\DomainProfile\\IcmpSettings",
            "valueName": "RemoteDesktop",
            "value": "\u0004",
            "delete": false,
            "lgpoType": "ENFORCE_REG_SZ",
            "presentationId": "windows:registry/windef:machinesettings:icmpsettings"
          }
        ],
        "categoryPath": [
          "windows:Registry",
          "windef:MachineSettings",
          "DomainProfile"
        ],
        "hasLgpo": true
      }
    ],
    "useManagedDefinitions": false
  },
  "isTemplate": false,
  "priorityPool": 3,
  "type": {
    "id": 0,
    "name": "admxMachine",
    "initialContentSetName": "Enforce Windows",
    "policyTypeContentSetName": "Enforce Windows Machine Administrative Templates",
    "operatingSystem": "Windows",
    "policyClass": "machine",
    "endpointType": "cx",
    "readPrivilege": "enforce policy read",
    "writePrivilege": "enforce policy write",
    "contentSetId": 105,
    "policyTypeContentSetId": 276
  },
  "hasEnforcements": false,
  "taniumUsername": "jessewyatt",
  "taniumUpdatedUsername": "jessewyatt",
  "policySource": "standard"
}