{
  "id": null,
  "created_at": null,
  "updated_at": null,
  "deletedAt": null,
  "taniumUserId": null,
  "updatedByTaniumUserId": null,
  "changeType": "created",
  "contentSetId": 105,
  "name": "Base Server Policies",
  "description": "Converted from GPO: Base Server Policies ([object Object])",
  "version": 1,
  "priority": 7,
  "typeId": 0,
  "data": {
    "policyItems": [
      {
        "state": "enabled",
        "name": "Windows Defender Firewall: Allow ICMP exceptions",
        "kvps": [
          {
            "key": "Software\\Policies\\Microsoft\\Windows\\Network",
            "valueName": "WindowsDefenderFirewallAllowICMPexceptions",
            "value": "1",
            "delete": false,
            "lgpoType": "ENFORCE_REG_DWORD",
            "presentationId": "windows:Network/windef:NetworkConnections/windef:WindowsDefenderFirewall/windef:DomainProfile:WindowsDefenderFirewallAllowICMPexceptions"
          }
        ],
        "categoryPath": [
          "windows:Network",
          "windef:NetworkConnections",
          "windef:WindowsDefenderFirewall",
          "windef:DomainProfile"
        ],
        "hasLgpo": true
      },
      {
        "state": "enabled",
        "name": "Windows Defender Firewall: Allow inbound Remote Desktop exceptions",
        "kvps": [
          {
            "key": "Software\\Policies\\Microsoft\\Windows\\Network",
            "valueName": "WindowsDefenderFirewallAllowinboundRemoteDesktopexceptions",
            "value": "1",
            "delete": false,
            "lgpoType": "ENFORCE_REG_DWORD",
            "presentationId": "windows:Network/windef:NetworkConnections/windef:WindowsDefenderFirewall/windef:DomainProfile:WindowsDefenderFirewallAllowinboundRemoteDesktopexceptions"
          }
        ],
        "categoryPath": [
          "windows:Network",
          "windef:NetworkConnections",
          "windef:WindowsDefenderFirewall",
          "windef:DomainProfile"
        ],
        "hasLgpo": true
      },
      {
        "state": "enabled",
        "name": "Windows Defender Firewall: Define inbound port exceptions",
        "kvps": [
          {
            "key": "Software\\Policies\\Microsoft\\Windows\\Network",
            "valueName": "WindowsDefenderFirewallDefineinboundportexceptions",
            "value": "1",
            "delete": false,
            "lgpoType": "ENFORCE_REG_DWORD",
            "presentationId": "windows:Network/windef:NetworkConnections/windef:WindowsDefenderFirewall/windef:DomainProfile:WindowsDefenderFirewallDefineinboundportexceptions"
          }
        ],
        "categoryPath": [
          "windows:Network",
          "windef:NetworkConnections",
          "windef:WindowsDefenderFirewall",
          "windef:DomainProfile"
        ],
        "hasLgpo": true
      },
      {
        "state": "enabled",
        "name": "Windows Defender Firewall: Define inbound program exceptions",
        "kvps": [
          {
            "key": "Software\\Policies\\Microsoft\\Windows\\Network",
            "valueName": "WindowsDefenderFirewallDefineinboundprogramexceptions",
            "value": "1",
            "delete": false,
            "lgpoType": "ENFORCE_REG_DWORD",
            "presentationId": "windows:Network/windef:NetworkConnections/windef:WindowsDefenderFirewall/windef:DomainProfile:WindowsDefenderFirewallDefineinboundprogramexceptions"
          }
        ],
        "categoryPath": [
          "windows:Network",
          "windef:NetworkConnections",
          "windef:WindowsDefenderFirewall",
          "windef:DomainProfile"
        ],
        "hasLgpo": true
      },
      {
        "state": "disabled",
        "name": "Do not allow COM port redirection",
        "kvps": [
          {
            "key": "Software\\Policies\\Microsoft\\Windows",
            "valueName": "DonotallowCOMportredirection",
            "value": "0",
            "delete": false,
            "lgpoType": "ENFORCE_REG_DWORD",
            "presentationId": "windows:WindowsComponents/windef:RemoteDesktopServices/windef:RemoteDesktopSessionHost/windef:DeviceandResourceRedirection:DonotallowCOMportredirection"
          }
        ],
        "categoryPath": [
          "windows:WindowsComponents",
          "windef:RemoteDesktopServices",
          "windef:RemoteDesktopSessionHost",
          "windef:DeviceandResourceRedirection"
        ],
        "hasLgpo": true
      },
      {
        "state": "disabled",
        "name": "Allow Automatic Updates immediate installation",
        "kvps": [
          {
            "key": "Software\\Policies\\Microsoft\\Windows",
            "valueName": "AllowAutomaticUpdatesimmediateinstallation",
            "value": "0",
            "delete": false,
            "lgpoType": "ENFORCE_REG_DWORD",
            "presentationId": "windows:WindowsComponents/windef:WindowsUpdate/windef:LegacyPolicies:AllowAutomaticUpdatesimmediateinstallation"
          }
        ],
        "categoryPath": [
          "windows:WindowsComponents",
          "windef:WindowsUpdate",
          "windef:LegacyPolicies"
        ],
        "hasLgpo": true
      },
      {
        "state": "disabled",
        "name": "Allow non-administrators to receive update notifications",
        "kvps": [
          {
            "key": "Software\\Policies\\Microsoft\\Windows",
            "valueName": "Allownonadministratorstoreceiveupdatenotifications",
            "value": "0",
            "delete": false,
            "lgpoType": "ENFORCE_REG_DWORD",
            "presentationId": "windows:WindowsComponents/windef:WindowsUpdate/windef:LegacyPolicies:Allownonadministratorstoreceiveupdatenotifications"
          }
        ],
        "categoryPath": [
          "windows:WindowsComponents",
          "windef:WindowsUpdate",
          "windef:LegacyPolicies"
        ],
        "hasLgpo": true
      },
      {
        "state": "enabled",
        "name": "No auto-restart with logged on users for scheduled automatic updates installations",
        "kvps": [
          {
            "key": "Software\\Policies\\Microsoft\\Windows",
            "valueName": "Noautorestartwithloggedonusersforscheduledautomaticupdatesinstallations",
            "value": "1",
            "delete": false,
            "lgpoType": "ENFORCE_REG_DWORD",
            "presentationId": "windows:WindowsComponents/windef:WindowsUpdate/windef:LegacyPolicies:Noautorestartwithloggedonusersforscheduledautomaticupdatesinstallations"
          }
        ],
        "categoryPath": [
          "windows:WindowsComponents",
          "windef:WindowsUpdate",
          "windef:LegacyPolicies"
        ],
        "hasLgpo": true
      },
      {
        "state": "disabled",
        "name": "Re-prompt for restart with scheduled installations",
        "kvps": [
          {
            "key": "Software\\Policies\\Microsoft\\Windows",
            "valueName": "Repromptforrestartwithscheduledinstallations",
            "value": "0",
            "delete": false,
            "lgpoType": "ENFORCE_REG_DWORD",
            "presentationId": "windows:WindowsComponents/windef:WindowsUpdate/windef:LegacyPolicies:Repromptforrestartwithscheduledinstallations"
          }
        ],
        "categoryPath": [
          "windows:WindowsComponents",
          "windef:WindowsUpdate",
          "windef:LegacyPolicies"
        ],
        "hasLgpo": true
      },
      {
        "state": "disabled",
        "name": "Turn on recommended updates via Automatic Updates",
        "kvps": [
          {
            "key": "Software\\Policies\\Microsoft\\Windows",
            "valueName": "TurnonrecommendedupdatesviaAutomaticUpdates",
            "value": "0",
            "delete": false,
            "lgpoType": "ENFORCE_REG_DWORD",
            "presentationId": "windows:WindowsComponents/windef:WindowsUpdate/windef:LegacyPolicies:TurnonrecommendedupdatesviaAutomaticUpdates"
          }
        ],
        "categoryPath": [
          "windows:WindowsComponents",
          "windef:WindowsUpdate",
          "windef:LegacyPolicies"
        ],
        "hasLgpo": true
      },
      {
        "state": "disabled",
        "name": "Configure Automatic Updates",
        "kvps": [
          {
            "key": "Software\\Policies\\Microsoft\\Windows",
            "valueName": "ConfigureAutomaticUpdates",
            "value": "0",
            "delete": false,
            "lgpoType": "ENFORCE_REG_DWORD",
            "presentationId": "windows:WindowsComponents/windef:WindowsUpdate/windef:Manageenduserexperience:ConfigureAutomaticUpdates"
          }
        ],
        "categoryPath": [
          "windows:WindowsComponents",
          "windef:WindowsUpdate",
          "windef:Manageenduserexperience"
        ],
        "hasLgpo": true
      },
      {
        "state": "enabled",
        "name": "Enable client-side targeting",
        "kvps": [
          {
            "key": "Software\\Policies\\Microsoft\\Windows",
            "valueName": "clientsidetargeting",
            "value": "1",
            "delete": false,
            "lgpoType": "ENFORCE_REG_DWORD",
            "presentationId": "windows:WindowsComponents/windef:WindowsUpdate/windef:ManageupdatesofferedfromWindowsServerUpdateService:clientsidetargeting"
          }
        ],
        "categoryPath": [
          "windows:WindowsComponents",
          "windef:WindowsUpdate",
          "windef:ManageupdatesofferedfromWindowsServerUpdateService"
        ],
        "hasLgpo": true
      },
      {
        "state": "enabled",
        "name": "Registry Setting - [Software\\Policies\\Microsoft\\Windows\\WindowsUpdate",
        "kvps": [
          {
            "key": "Software\\Policies\\Microsoft\\Windows\\WindowsUpdate",
            "valueName": "Enabled",
            "value": "\u0001",
            "delete": false,
            "lgpoType": "ENFORCE_REG_SZ",
            "presentationId": "windows:Registry/windef:MachineSettings:WindowsUpdate_Enabled"
          }
        ],
        "categoryPath": [
          "windows:Registry",
          "windef:MachineSettings"
        ],
        "hasLgpo": true
      },
      {
        "state": "enabled",
        "name": "Registry Setting - [Software\\Policies\\Microsoft\\Windows\\WindowsUpdate\\AU",
        "kvps": [
          {
            "key": "Software\\Policies\\Microsoft\\Windows\\WindowsUpdate",
            "valueName": "AU",
            "value": "\u0004",
            "delete": false,
            "lgpoType": "ENFORCE_REG_SZ",
            "presentationId": "windows:Registry/windef:MachineSettings:WindowsUpdate_Software\\Policies\\Microsoft\\Windows\\WindowsUpdate\\AU"
          }
        ],
        "categoryPath": [
          "windows:Registry",
          "windef:MachineSettings"
        ],
        "hasLgpo": true
      },
      {
        "state": "enabled",
        "name": "Registry Setting - [Software\\Policies\\Microsoft\\Windows NT\\Terminal Services",
        "kvps": [
          {
            "key": "Software\\Policies\\Microsoft\\Windows\\WindowsUpdate\\AU",
            "valueName": "Terminal Services",
            "value": "\u0004",
            "delete": false,
            "lgpoType": "ENFORCE_REG_SZ",
            "presentationId": "windows:Registry/windef:MachineSettings:AU_Software\\Policies\\Microsoft\\Windows NT\\Terminal Services"
          }
        ],
        "categoryPath": [
          "windows:Registry",
          "windef:MachineSettings"
        ],
        "hasLgpo": true
      },
      {
        "state": "enabled",
        "name": "Registry Setting - [Software\\Policies\\Microsoft\\WindowsFirewall\\DomainProfile\\AuthorizedApplications\\List",
        "kvps": [
          {
            "key": "Software\\Policies\\Microsoft\\WindowsFirewall\\DomainProfile\\AuthorizedApplications",
            "valueName": "List",
            "value": "\u0001",
            "delete": false,
            "lgpoType": "ENFORCE_REG_SZ",
            "presentationId": "windows:Registry/windef:MachineSettings:AuthorizedApplications_Software\\Policies\\Microsoft\\WindowsFirewall\\DomainProfile\\AuthorizedApplications\\List"
          }
        ],
        "categoryPath": [
          "windows:Registry",
          "windef:MachineSettings"
        ],
        "hasLgpo": true
      },
      {
        "state": "enabled",
        "name": "Registry Setting - [Software\\Policies\\Microsoft\\WindowsFirewall\\DomainProfile\\GloballyOpenPorts\\List",
        "kvps": [
          {
            "key": "Software\\Policies\\Microsoft\\WindowsFirewall\\DomainProfile\\GloballyOpenPorts",
            "valueName": "List",
            "value": "\u0001",
            "delete": false,
            "lgpoType": "ENFORCE_REG_SZ",
            "presentationId": "windows:Registry/windef:MachineSettings:GloballyOpenPorts_Software\\Policies\\Microsoft\\WindowsFirewall\\DomainProfile\\GloballyOpenPorts\\List"
          }
        ],
        "categoryPath": [
          "windows:Registry",
          "windef:MachineSettings"
        ],
        "hasLgpo": true
      },
      {
        "state": "enabled",
        "name": "Registry Setting - [Software\\Policies\\Microsoft\\WindowsFirewall\\DomainProfile\\IcmpSettings",
        "kvps": [
          {
            "key": "Software\\Policies\\Microsoft\\WindowsFirewall\\DomainProfile\\GloballyOpenPorts\\List",
            "valueName": "IcmpSettings",
            "value": "\u0004",
            "delete": false,
            "lgpoType": "ENFORCE_REG_SZ",
            "presentationId": "windows:Registry/windef:MachineSettings:List_Software\\Policies\\Microsoft\\WindowsFirewall\\DomainProfile\\IcmpSettings"
          }
        ],
        "categoryPath": [
          "windows:Registry",
          "windef:MachineSettings"
        ],
        "hasLgpo": true
      },
      {
        "state": "enabled",
        "name": "Registry Setting - [Software\\Policies\\Microsoft\\WindowsFirewall\\DomainProfile\\Services\\RemoteDesktop",
        "kvps": [
          {
            "key": "Software\\Policies\\Microsoft\\WindowsFirewall\\DomainProfile\\IcmpSettings",
            "valueName": "RemoteDesktop",
            "value": "\u0004",
            "delete": false,
            "lgpoType": "ENFORCE_REG_SZ",
            "presentationId": "windows:Registry/windef:MachineSettings:IcmpSettings_Software\\Policies\\Microsoft\\WindowsFirewall\\DomainProfile\\Services\\RemoteDesktop"
          }
        ],
        "categoryPath": [
          "windows:Registry",
          "windef:MachineSettings"
        ],
        "hasLgpo": true
      }
    ],
    "useManagedDefinitions": false
  },
  "isTemplate": false,
  "priorityPool": 3,
  "type": {
    "id": 0,
    "name": "admxMachine",
    "initialContentSetName": "Enforce Windows",
    "policyTypeContentSetName": "Enforce Windows Machine Administrative Templates",
    "operatingSystem": "Windows",
    "policyClass": "machine",
    "endpointType": "cx",
    "readPrivilege": "enforce policy read",
    "writePrivilege": "enforce policy write",
    "contentSetId": 105,
    "policyTypeContentSetId": 276
  },
  "hasEnforcements": false,
  "taniumUsername": null,
  "taniumUpdatedUsername": null,
  "policySource": "standard"
}