{
  "id": null,
  "created_at": null,
  "updated_at": null,
  "deletedAt": null,
  "taniumUserId": null,
  "updatedByTaniumUserId": null,
  "changeType": "created",
  "contentSetId": 105,
  "name": "CyberArk PSM Hardening 11.7",
  "description": "Converted from GPO: CyberArk PSM Hardening 11.7 ([object Object])",
  "version": 1,
  "priority": 7,
  "typeId": 0,
  "data": {
    "policyItems": [
      {
        "state": "enabled",
        "name": "Registry Setting - [Software\\Microsoft\\Windows\\CurrentVersion\\Policies\\Explorer",
        "kvps": [
          {
            "key": "Software\\Microsoft\\Windows\\CurrentVersion\\Policies\\Explorer",
            "valueName": "Enabled",
            "value": "\u0004",
            "delete": false,
            "lgpoType": "ENFORCE_REG_SZ",
            "presentationId": "windows:Registry/windef:MachineSettings:Explorer_Enabled"
          }
        ],
        "categoryPath": [
          "windows:Registry",
          "windef:MachineSettings"
        ],
        "hasLgpo": true
      },
      {
        "state": "enabled",
        "name": "Registry Setting - [Software\\Microsoft\\Windows\\CurrentVersion\\Policies\\Ext",
        "kvps": [
          {
            "key": "Software\\Microsoft\\Windows\\CurrentVersion\\Policies\\Ext",
            "valueName": "Enabled",
            "value": "\u0004",
            "delete": false,
            "lgpoType": "ENFORCE_REG_SZ",
            "presentationId": "windows:Registry/windef:MachineSettings:Ext_Enabled"
          }
        ],
        "categoryPath": [
          "windows:Registry",
          "windef:MachineSettings"
        ],
        "hasLgpo": true
      },
      {
        "state": "enabled",
        "name": "Registry Setting - [Software\\Policies\\Google\\Chrome",
        "kvps": [
          {
            "key": "Software\\Microsoft\\Windows\\CurrentVersion\\Policies\\Ext\\CLSID",
            "valueName": "Chrome",
            "value": "\u0004",
            "delete": false,
            "lgpoType": "ENFORCE_REG_SZ",
            "presentationId": "windows:Registry/windef:MachineSettings:CLSID_Software\\Policies\\Google\\Chrome"
          }
        ],
        "categoryPath": [
          "windows:Registry",
          "windef:MachineSettings"
        ],
        "hasLgpo": true
      },
      {
        "state": "enabled",
        "name": "Registry Setting - [Software\\Policies\\Google\\Chrome\\ExtensionInstallBlacklist",
        "kvps": [
          {
            "key": "Software\\Policies\\Google\\Chrome\\CookiesSessionOnlyForUrls",
            "valueName": "ExtensionInstallBlacklist",
            "value": "\u0001",
            "delete": false,
            "lgpoType": "ENFORCE_REG_SZ",
            "presentationId": "windows:Registry/windef:MachineSettings:CookiesSessionOnlyForUrls_Software\\Policies\\Google\\Chrome\\ExtensionInstallBlacklist"
          }
        ],
        "categoryPath": [
          "windows:Registry",
          "windef:MachineSettings"
        ],
        "hasLgpo": true
      },
      {
        "state": "enabled",
        "name": "Registry Setting - [Software\\Policies\\Google\\Chrome\\PluginsAllowedForUrls",
        "kvps": [
          {
            "key": "Software\\Policies\\Google\\Chrome\\ExtensionInstallBlacklist",
            "valueName": "PluginsAllowedForUrls",
            "value": "\u0001",
            "delete": false,
            "lgpoType": "ENFORCE_REG_SZ",
            "presentationId": "windows:Registry/windef:MachineSettings:ExtensionInstallBlacklist_Software\\Policies\\Google\\Chrome\\PluginsAllowedForUrls"
          }
        ],
        "categoryPath": [
          "windows:Registry",
          "windef:MachineSettings"
        ],
        "hasLgpo": true
      },
      {
        "state": "enabled",
        "name": "Registry Setting - [Software\\Policies\\Google\\Chrome\\URLBlacklist",
        "kvps": [
          {
            "key": "Software\\Policies\\Google\\Chrome\\URLBlacklist",
            "valueName": "Enabled",
            "value": "\u0001",
            "delete": false,
            "lgpoType": "ENFORCE_REG_SZ",
            "presentationId": "windows:Registry/windef:MachineSettings:URLBlacklist_Enabled"
          }
        ],
        "categoryPath": [
          "windows:Registry",
          "windef:MachineSettings"
        ],
        "hasLgpo": true
      },
      {
        "state": "enabled",
        "name": "Registry Setting - [Software\\Policies\\Google\\Chrome\\URLWhitelist",
        "kvps": [
          {
            "key": "Software\\Policies\\Google\\Chrome\\URLWhitelist",
            "valueName": "Enabled",
            "value": "\u0001",
            "delete": false,
            "lgpoType": "ENFORCE_REG_SZ",
            "presentationId": "windows:Registry/windef:MachineSettings:URLWhitelist_Enabled"
          }
        ],
        "categoryPath": [
          "windows:Registry",
          "windef:MachineSettings"
        ],
        "hasLgpo": true
      },
      {
        "state": "enabled",
        "name": "Registry Setting - [Software\\Policies\\Microsoft\\Internet Explorer\\CommandBar",
        "kvps": [
          {
            "key": "Software\\Policies\\Microsoft\\Internet Explorer",
            "valueName": "CommandBar",
            "value": "\u0004",
            "delete": false,
            "lgpoType": "ENFORCE_REG_SZ",
            "presentationId": "windows:Registry/windef:MachineSettings:Internet Explorer_Software\\Policies\\Microsoft\\Internet Explorer\\CommandBar"
          }
        ],
        "categoryPath": [
          "windows:Registry",
          "windef:MachineSettings"
        ],
        "hasLgpo": true
      },
      {
        "state": "enabled",
        "name": "Registry Setting - [Software\\Policies\\Microsoft\\Internet Explorer\\Control Panel",
        "kvps": [
          {
            "key": "Software\\Policies\\Microsoft\\Internet Explorer\\Control Panel",
            "valueName": "Enabled",
            "value": "\u0004",
            "delete": false,
            "lgpoType": "ENFORCE_REG_SZ",
            "presentationId": "windows:Registry/windef:MachineSettings:Control Panel_Enabled"
          }
        ],
        "categoryPath": [
          "windows:Registry",
          "windef:MachineSettings"
        ],
        "hasLgpo": true
      },
      {
        "state": "enabled",
        "name": "Registry Setting - [Software\\Policies\\Microsoft\\Internet Explorer\\Geolocation",
        "kvps": [
          {
            "key": "Software\\Policies\\Microsoft\\Internet Explorer\\Control Panel",
            "valueName": "Geolocation",
            "value": "\u0004",
            "delete": false,
            "lgpoType": "ENFORCE_REG_SZ",
            "presentationId": "windows:Registry/windef:MachineSettings:Control Panel_Software\\Policies\\Microsoft\\Internet Explorer\\Geolocation"
          }
        ],
        "categoryPath": [
          "windows:Registry",
          "windef:MachineSettings"
        ],
        "hasLgpo": true
      },
      {
        "state": "enabled",
        "name": "Registry Setting - [Software\\Policies\\Microsoft\\Internet Explorer\\LinksBar",
        "kvps": [
          {
            "key": "Software\\Policies\\Microsoft\\Internet Explorer\\IEDevTools",
            "valueName": "LinksBar",
            "value": "\u0004",
            "delete": false,
            "lgpoType": "ENFORCE_REG_SZ",
            "presentationId": "windows:Registry/windef:MachineSettings:IEDevTools_Software\\Policies\\Microsoft\\Internet Explorer\\LinksBar"
          }
        ],
        "categoryPath": [
          "windows:Registry",
          "windef:MachineSettings"
        ],
        "hasLgpo": true
      },
      {
        "state": "enabled",
        "name": "Registry Setting - [Software\\Policies\\Microsoft\\Internet Explorer\\Main",
        "kvps": [
          {
            "key": "Software\\Policies\\Microsoft\\Internet Explorer\\Main",
            "valueName": "Enabled",
            "value": "\u0001",
            "delete": false,
            "lgpoType": "ENFORCE_REG_SZ",
            "presentationId": "windows:Registry/windef:MachineSettings:Main_Enabled"
          }
        ],
        "categoryPath": [
          "windows:Registry",
          "windef:MachineSettings"
        ],
        "hasLgpo": true
      },
      {
        "state": "enabled",
        "name": "Registry Setting - [Software\\Policies\\Microsoft\\Internet Explorer\\Main\\FeatureControl\\FEATURE_DISABLE_MK_PROTOCOL",
        "kvps": [
          {
            "key": "Software\\Policies\\Microsoft\\Internet Explorer\\Main\\FeatureControl\\FEATURE_DISABLE_MK_PROTOCOL",
            "valueName": "Enabled",
            "value": "\u0001",
            "delete": false,
            "lgpoType": "ENFORCE_REG_SZ",
            "presentationId": "windows:Registry/windef:MachineSettings:FEATURE_DISABLE_MK_PROTOCOL_Enabled"
          }
        ],
        "categoryPath": [
          "windows:Registry",
          "windef:MachineSettings"
        ],
        "hasLgpo": true
      },
      {
        "state": "enabled",
        "name": "Registry Setting - [Software\\Policies\\Microsoft\\Internet Explorer\\Main\\FeatureControl\\FEATURE_RESTRICT_FILEDOWNLOAD",
        "kvps": [
          {
            "key": "Software\\Policies\\Microsoft\\Internet Explorer\\Main\\FeatureControl\\FEATURE_DISABLE_MK_PROTOCOL",
            "valueName": "FEATURE_RESTRICT_FILEDOWNLOAD",
            "value": "\u0001",
            "delete": false,
            "lgpoType": "ENFORCE_REG_SZ",
            "presentationId": "windows:Registry/windef:MachineSettings:FEATURE_DISABLE_MK_PROTOCOL_Software\\Policies\\Microsoft\\Internet Explorer\\Main\\FeatureControl\\FEATURE_RESTRICT_FILEDOWNLOAD"
          }
        ],
        "categoryPath": [
          "windows:Registry",
          "windef:MachineSettings"
        ],
        "hasLgpo": true
      },
      {
        "state": "enabled",
        "name": "Registry Setting - [Software\\Policies\\Microsoft\\Internet Explorer\\Main\\FeatureControl\\FEATURE_ZONE_ELEVATION",
        "kvps": [
          {
            "key": "Software\\Policies\\Microsoft\\Internet Explorer\\Main\\FeatureControl\\FEATURE_ZONE_ELEVATION",
            "valueName": "Enabled",
            "value": "\u0001",
            "delete": false,
            "lgpoType": "ENFORCE_REG_SZ",
            "presentationId": "windows:Registry/windef:MachineSettings:FEATURE_ZONE_ELEVATION_Enabled"
          }
        ],
        "categoryPath": [
          "windows:Registry",
          "windef:MachineSettings"
        ],
        "hasLgpo": true
      },
      {
        "state": "enabled",
        "name": "Registry Setting - [Software\\Policies\\Microsoft\\Internet Explorer\\Privacy",
        "kvps": [
          {
            "key": "Software\\Policies\\Microsoft\\Internet Explorer\\Main\\FeatureControl\\FEATURE_ZONE_ELEVATION",
            "valueName": "Privacy",
            "value": "\u0004",
            "delete": false,
            "lgpoType": "ENFORCE_REG_SZ",
            "presentationId": "windows:Registry/windef:MachineSettings:FEATURE_ZONE_ELEVATION_Software\\Policies\\Microsoft\\Internet Explorer\\Privacy"
          }
        ],
        "categoryPath": [
          "windows:Registry",
          "windef:MachineSettings"
        ],
        "hasLgpo": true
      },
      {
        "state": "enabled",
        "name": "Registry Setting - [Software\\Policies\\Microsoft\\Internet Explorer\\Recovery",
        "kvps": [
          {
            "key": "Software\\Policies\\Microsoft\\Internet Explorer\\Privacy",
            "valueName": "Recovery",
            "value": "\u0004",
            "delete": false,
            "lgpoType": "ENFORCE_REG_SZ",
            "presentationId": "windows:Registry/windef:MachineSettings:Privacy_Software\\Policies\\Microsoft\\Internet Explorer\\Recovery"
          }
        ],
        "categoryPath": [
          "windows:Registry",
          "windef:MachineSettings"
        ],
        "hasLgpo": true
      },
      {
        "state": "enabled",
        "name": "Registry Setting - [Software\\Policies\\Microsoft\\Internet Explorer\\Restrictions",
        "kvps": [
          {
            "key": "Software\\Policies\\Microsoft\\Internet Explorer\\Restrictions",
            "valueName": "Enabled",
            "value": "\u0004",
            "delete": false,
            "lgpoType": "ENFORCE_REG_SZ",
            "presentationId": "windows:Registry/windef:MachineSettings:Restrictions_Enabled"
          }
        ],
        "categoryPath": [
          "windows:Registry",
          "windef:MachineSettings"
        ],
        "hasLgpo": true
      },
      {
        "state": "enabled",
        "name": "Registry Setting - [Software\\Policies\\Microsoft\\Internet Explorer\\TabbedBrowsing",
        "kvps": [
          {
            "key": "Software\\Policies\\Microsoft\\Internet Explorer\\Restrictions",
            "valueName": "TabbedBrowsing",
            "value": "\u0004",
            "delete": false,
            "lgpoType": "ENFORCE_REG_SZ",
            "presentationId": "windows:Registry/windef:MachineSettings:Restrictions_Software\\Policies\\Microsoft\\Internet Explorer\\TabbedBrowsing"
          }
        ],
        "categoryPath": [
          "windows:Registry",
          "windef:MachineSettings"
        ],
        "hasLgpo": true
      },
      {
        "state": "enabled",
        "name": "Registry Setting - [Software\\Policies\\Microsoft\\Windows\\CurrentVersion\\Internet Settings\\Zones\\3",
        "kvps": [
          {
            "key": "Software\\Policies\\Microsoft\\Windows\\CurrentVersion\\Internet Settings\\Url History",
            "valueName": "3",
            "value": "\u0004",
            "delete": false,
            "lgpoType": "ENFORCE_REG_SZ",
            "presentationId": "windows:Registry/windef:MachineSettings:Url History_Software\\Policies\\Microsoft\\Windows\\CurrentVersion\\Internet Settings\\Zones\\3"
          }
        ],
        "categoryPath": [
          "windows:Registry",
          "windef:MachineSettings"
        ],
        "hasLgpo": true
      },
      {
        "state": "enabled",
        "name": "Registry Setting - [Software\\Policies\\Microsoft\\Windows NT\\Terminal Services",
        "kvps": [
          {
            "key": "Software\\Policies\\Microsoft\\Windows NT\\Terminal Services",
            "valueName": "Enabled",
            "value": "\u0004",
            "delete": false,
            "lgpoType": "ENFORCE_REG_SZ",
            "presentationId": "windows:Registry/windef:MachineSettings:Terminal Services_Enabled"
          }
        ],
        "categoryPath": [
          "windows:Registry",
          "windef:MachineSettings"
        ],
        "hasLgpo": true
      }
    ],
    "useManagedDefinitions": false
  },
  "isTemplate": false,
  "priorityPool": 3,
  "type": {
    "id": 0,
    "name": "admxMachine",
    "initialContentSetName": "Enforce Windows",
    "policyTypeContentSetName": "Enforce Windows Machine Administrative Templates",
    "operatingSystem": "Windows",
    "policyClass": "machine",
    "endpointType": "cx",
    "readPrivilege": "enforce policy read",
    "writePrivilege": "enforce policy write",
    "contentSetId": 105,
    "policyTypeContentSetId": 276
  },
  "hasEnforcements": false,
  "taniumUsername": null,
  "taniumUpdatedUsername": null,
  "policySource": "standard"
}