{
  "id": null,
  "created_at": null,
  "updated_at": null,
  "deletedAt": null,
  "taniumUserId": null,
  "updatedByTaniumUserId": null,
  "changeType": "created",
  "contentSetId": 105,
  "name": "Cyberark CPM Hardening 11.7",
  "description": "Converted from GPO: Cyberark CPM Hardening 11.7 ([object Object])",
  "version": 1,
  "priority": 7,
  "typeId": 0,
  "data": {
    "policyItems": [
      {
        "state": "disabled",
        "name": "Windows Defender Firewall: Allow ICMP exceptions",
        "kvps": [
          {
            "key": "Software\\Policies\\Microsoft\\Windows\\Network",
            "valueName": "WindowsDefenderFirewallAllowICMPexceptions",
            "value": "0",
            "delete": false,
            "lgpoType": "ENFORCE_REG_DWORD",
            "presentationId": "windows:Network/windef:NetworkConnections/windef:WindowsDefenderFirewall/windef:DomainProfile:root"
          }
        ],
        "categoryPath": [
          "windows:Network",
          "windef:NetworkConnections",
          "windef:WindowsDefenderFirewall",
          "windef:DomainProfile"
        ],
        "hasLgpo": true
      },
      {
        "state": "enabled",
        "name": "Windows Defender Firewall: Allow inbound Remote Desktop exceptions",
        "kvps": [
          {
            "key": "Software\\Policies\\Microsoft\\Windows\\Network",
            "valueName": "WindowsDefenderFirewallAllowinboundRemoteDesktopexceptions",
            "value": "1",
            "delete": false,
            "lgpoType": "ENFORCE_REG_DWORD",
            "presentationId": "windows:Network/windef:NetworkConnections/windef:WindowsDefenderFirewall/windef:DomainProfile:root"
          }
        ],
        "categoryPath": [
          "windows:Network",
          "windef:NetworkConnections",
          "windef:WindowsDefenderFirewall",
          "windef:DomainProfile"
        ],
        "hasLgpo": true
      },
      {
        "state": "disabled",
        "name": "Windows Defender Firewall: Allow inbound UPnP framework exceptions",
        "kvps": [
          {
            "key": "Software\\Policies\\Microsoft\\Windows\\Network",
            "valueName": "WindowsDefenderFirewallAllowinboundUPnPframeworkexceptions",
            "value": "0",
            "delete": false,
            "lgpoType": "ENFORCE_REG_DWORD",
            "presentationId": "windows:Network/windef:NetworkConnections/windef:WindowsDefenderFirewall/windef:DomainProfile:root"
          }
        ],
        "categoryPath": [
          "windows:Network",
          "windef:NetworkConnections",
          "windef:WindowsDefenderFirewall",
          "windef:DomainProfile"
        ],
        "hasLgpo": true
      },
      {
        "state": "disabled",
        "name": "Windows Defender Firewall: Allow local port exceptions",
        "kvps": [
          {
            "key": "Software\\Policies\\Microsoft\\Windows\\Network",
            "valueName": "WindowsDefenderFirewallAllowlocalportexceptions",
            "value": "0",
            "delete": false,
            "lgpoType": "ENFORCE_REG_DWORD",
            "presentationId": "windows:Network/windef:NetworkConnections/windef:WindowsDefenderFirewall/windef:DomainProfile:root"
          }
        ],
        "categoryPath": [
          "windows:Network",
          "windef:NetworkConnections",
          "windef:WindowsDefenderFirewall",
          "windef:DomainProfile"
        ],
        "hasLgpo": true
      },
      {
        "state": "disabled",
        "name": "Windows Defender Firewall: Allow local program exceptions",
        "kvps": [
          {
            "key": "Software\\Policies\\Microsoft\\Windows\\Network",
            "valueName": "WindowsDefenderFirewallAllowlocalprogramexceptions",
            "value": "0",
            "delete": false,
            "lgpoType": "ENFORCE_REG_DWORD",
            "presentationId": "windows:Network/windef:NetworkConnections/windef:WindowsDefenderFirewall/windef:DomainProfile:root"
          }
        ],
        "categoryPath": [
          "windows:Network",
          "windef:NetworkConnections",
          "windef:WindowsDefenderFirewall",
          "windef:DomainProfile"
        ],
        "hasLgpo": true
      },
      {
        "state": "enabled",
        "name": "Windows Defender Firewall: Define inbound port exceptions",
        "kvps": [
          {
            "key": "Software\\Policies\\Microsoft\\Windows\\Network",
            "valueName": "WindowsDefenderFirewallDefineinboundportexceptions",
            "value": "1",
            "delete": false,
            "lgpoType": "ENFORCE_REG_DWORD",
            "presentationId": "windows:Network/windef:NetworkConnections/windef:WindowsDefenderFirewall/windef:DomainProfile:root"
          }
        ],
        "categoryPath": [
          "windows:Network",
          "windef:NetworkConnections",
          "windef:WindowsDefenderFirewall",
          "windef:DomainProfile"
        ],
        "hasLgpo": true
      },
      {
        "state": "enabled",
        "name": "Windows Defender Firewall: Define inbound program exceptions",
        "kvps": [
          {
            "key": "Software\\Policies\\Microsoft\\Windows\\Network",
            "valueName": "WindowsDefenderFirewallDefineinboundprogramexceptions",
            "value": "1",
            "delete": false,
            "lgpoType": "ENFORCE_REG_DWORD",
            "presentationId": "windows:Network/windef:NetworkConnections/windef:WindowsDefenderFirewall/windef:DomainProfile:root"
          }
        ],
        "categoryPath": [
          "windows:Network",
          "windef:NetworkConnections",
          "windef:WindowsDefenderFirewall",
          "windef:DomainProfile"
        ],
        "hasLgpo": true
      },
      {
        "state": "disabled",
        "name": "Windows Defender Firewall: Prohibit unicast response to multicast or broadcast requests",
        "kvps": [
          {
            "key": "Software\\Policies\\Microsoft\\Windows\\Network",
            "valueName": "WindowsDefenderFirewallProhibitunicastresponsetomulticastorbroadcastrequests",
            "value": "0",
            "delete": false,
            "lgpoType": "ENFORCE_REG_DWORD",
            "presentationId": "windows:Network/windef:NetworkConnections/windef:WindowsDefenderFirewall/windef:DomainProfile:root"
          }
        ],
        "categoryPath": [
          "windows:Network",
          "windef:NetworkConnections",
          "windef:WindowsDefenderFirewall",
          "windef:DomainProfile"
        ],
        "hasLgpo": true
      },
      {
        "state": "enabled",
        "name": "Windows Defender Firewall: Protect all network connections",
        "kvps": [
          {
            "key": "Software\\Policies\\Microsoft\\Windows\\Network",
            "valueName": "WindowsDefenderFirewallProtectallnetworkconnections",
            "value": "1",
            "delete": false,
            "lgpoType": "ENFORCE_REG_DWORD",
            "presentationId": "windows:Network/windef:NetworkConnections/windef:WindowsDefenderFirewall/windef:DomainProfile:root"
          }
        ],
        "categoryPath": [
          "windows:Network",
          "windef:NetworkConnections",
          "windef:WindowsDefenderFirewall",
          "windef:DomainProfile"
        ],
        "hasLgpo": true
      },
      {
        "state": "enabled",
        "name": "Windows Defender Firewall: Allow inbound Remote Desktop exceptions",
        "kvps": [
          {
            "key": "Software\\Policies\\Microsoft\\Windows\\Network",
            "valueName": "WindowsDefenderFirewallAllowinboundRemoteDesktopexceptions",
            "value": "1",
            "delete": false,
            "lgpoType": "ENFORCE_REG_DWORD",
            "presentationId": "windows:Network/windef:NetworkConnections/windef:WindowsDefenderFirewall/windef:StandardProfile:root"
          }
        ],
        "categoryPath": [
          "windows:Network",
          "windef:NetworkConnections",
          "windef:WindowsDefenderFirewall",
          "windef:StandardProfile"
        ],
        "hasLgpo": true
      },
      {
        "state": "enabled",
        "name": "Windows Defender Firewall: Allow local program exceptions",
        "kvps": [
          {
            "key": "Software\\Policies\\Microsoft\\Windows\\Network",
            "valueName": "WindowsDefenderFirewallAllowlocalprogramexceptions",
            "value": "1",
            "delete": false,
            "lgpoType": "ENFORCE_REG_DWORD",
            "presentationId": "windows:Network/windef:NetworkConnections/windef:WindowsDefenderFirewall/windef:StandardProfile:root"
          }
        ],
        "categoryPath": [
          "windows:Network",
          "windef:NetworkConnections",
          "windef:WindowsDefenderFirewall",
          "windef:StandardProfile"
        ],
        "hasLgpo": true
      },
      {
        "state": "enabled",
        "name": "Windows Defender Firewall: Protect all network connections",
        "kvps": [
          {
            "key": "Software\\Policies\\Microsoft\\Windows\\Network",
            "valueName": "WindowsDefenderFirewallProtectallnetworkconnections",
            "value": "1",
            "delete": false,
            "lgpoType": "ENFORCE_REG_DWORD",
            "presentationId": "windows:Network/windef:NetworkConnections/windef:WindowsDefenderFirewall/windef:StandardProfile:root"
          }
        ],
        "categoryPath": [
          "windows:Network",
          "windef:NetworkConnections",
          "windef:WindowsDefenderFirewall",
          "windef:StandardProfile"
        ],
        "hasLgpo": true
      },
      {
        "state": "disabled",
        "name": "Automatic reconnection",
        "kvps": [
          {
            "key": "Software\\Policies\\Microsoft\\Windows",
            "valueName": "Automaticreconnection",
            "value": "0",
            "delete": false,
            "lgpoType": "ENFORCE_REG_DWORD",
            "presentationId": "windows:WindowsComponents/windef:RemoteDesktopServices/windef:RemoteDesktopSessionHost/windef:Connections:root"
          }
        ],
        "categoryPath": [
          "windows:WindowsComponents",
          "windef:RemoteDesktopServices",
          "windef:RemoteDesktopSessionHost",
          "windef:Connections"
        ],
        "hasLgpo": true
      },
      {
        "state": "enabled",
        "name": "Configure keep-alive connection interval",
        "kvps": [
          {
            "key": "Software\\Policies\\Microsoft\\Windows",
            "valueName": "Configurekeepaliveconnectioninterval",
            "value": "1",
            "delete": false,
            "lgpoType": "ENFORCE_REG_DWORD",
            "presentationId": "windows:WindowsComponents/windef:RemoteDesktopServices/windef:RemoteDesktopSessionHost/windef:Connections:root"
          }
        ],
        "categoryPath": [
          "windows:WindowsComponents",
          "windef:RemoteDesktopServices",
          "windef:RemoteDesktopSessionHost",
          "windef:Connections"
        ],
        "hasLgpo": true
      },
      {
        "state": "enabled",
        "name": "Deny logoff of an administrator logged in to the console session",
        "kvps": [
          {
            "key": "Software\\Policies\\Microsoft\\Windows",
            "valueName": "Denylogoffofanadministratorloggedintotheconsolesession",
            "value": "1",
            "delete": false,
            "lgpoType": "ENFORCE_REG_DWORD",
            "presentationId": "windows:WindowsComponents/windef:RemoteDesktopServices/windef:RemoteDesktopSessionHost/windef:Connections:root"
          }
        ],
        "categoryPath": [
          "windows:WindowsComponents",
          "windef:RemoteDesktopServices",
          "windef:RemoteDesktopSessionHost",
          "windef:Connections"
        ],
        "hasLgpo": true
      },
      {
        "state": "enabled",
        "name": "Set rules for remote control of Remote Desktop Services user sessions",
        "kvps": [
          {
            "key": "Software\\Policies\\Microsoft\\Windows",
            "valueName": "SetrulesforremotecontrolofRemoteDesktopServicesusersessions",
            "value": "1",
            "delete": false,
            "lgpoType": "ENFORCE_REG_DWORD",
            "presentationId": "windows:WindowsComponents/windef:RemoteDesktopServices/windef:RemoteDesktopSessionHost/windef:Connections:root"
          }
        ],
        "categoryPath": [
          "windows:WindowsComponents",
          "windef:RemoteDesktopServices",
          "windef:RemoteDesktopSessionHost",
          "windef:Connections"
        ],
        "hasLgpo": true
      },
      {
        "state": "enabled",
        "name": "Do not allow Clipboard redirection",
        "kvps": [
          {
            "key": "Software\\Policies\\Microsoft\\Windows",
            "valueName": "DonotallowClipboardredirection",
            "value": "1",
            "delete": false,
            "lgpoType": "ENFORCE_REG_DWORD",
            "presentationId": "windows:WindowsComponents/windef:RemoteDesktopServices/windef:RemoteDesktopSessionHost/windef:DeviceandResourceRedirection:root"
          }
        ],
        "categoryPath": [
          "windows:WindowsComponents",
          "windef:RemoteDesktopServices",
          "windef:RemoteDesktopSessionHost",
          "windef:DeviceandResourceRedirection"
        ],
        "hasLgpo": true
      },
      {
        "state": "enabled",
        "name": "Do not allow COM port redirection",
        "kvps": [
          {
            "key": "Software\\Policies\\Microsoft\\Windows",
            "valueName": "DonotallowCOMportredirection",
            "value": "1",
            "delete": false,
            "lgpoType": "ENFORCE_REG_DWORD",
            "presentationId": "windows:WindowsComponents/windef:RemoteDesktopServices/windef:RemoteDesktopSessionHost/windef:DeviceandResourceRedirection:root"
          }
        ],
        "categoryPath": [
          "windows:WindowsComponents",
          "windef:RemoteDesktopServices",
          "windef:RemoteDesktopSessionHost",
          "windef:DeviceandResourceRedirection"
        ],
        "hasLgpo": true
      },
      {
        "state": "enabled",
        "name": "Do not allow drive redirection",
        "kvps": [
          {
            "key": "Software\\Policies\\Microsoft\\Windows",
            "valueName": "Donotallowdriveredirection",
            "value": "1",
            "delete": false,
            "lgpoType": "ENFORCE_REG_DWORD",
            "presentationId": "windows:WindowsComponents/windef:RemoteDesktopServices/windef:RemoteDesktopSessionHost/windef:DeviceandResourceRedirection:root"
          }
        ],
        "categoryPath": [
          "windows:WindowsComponents",
          "windef:RemoteDesktopServices",
          "windef:RemoteDesktopSessionHost",
          "windef:DeviceandResourceRedirection"
        ],
        "hasLgpo": true
      },
      {
        "state": "enabled",
        "name": "Do not allow LPT port redirection",
        "kvps": [
          {
            "key": "Software\\Policies\\Microsoft\\Windows",
            "valueName": "DonotallowLPTportredirection",
            "value": "1",
            "delete": false,
            "lgpoType": "ENFORCE_REG_DWORD",
            "presentationId": "windows:WindowsComponents/windef:RemoteDesktopServices/windef:RemoteDesktopSessionHost/windef:DeviceandResourceRedirection:root"
          }
        ],
        "categoryPath": [
          "windows:WindowsComponents",
          "windef:RemoteDesktopServices",
          "windef:RemoteDesktopSessionHost",
          "windef:DeviceandResourceRedirection"
        ],
        "hasLgpo": true
      },
      {
        "state": "enabled",
        "name": "Do not allow supported Plug and Play device redirection",
        "kvps": [
          {
            "key": "Software\\Policies\\Microsoft\\Windows",
            "valueName": "DonotallowsupportedPlugandPlaydeviceredirection",
            "value": "1",
            "delete": false,
            "lgpoType": "ENFORCE_REG_DWORD",
            "presentationId": "windows:WindowsComponents/windef:RemoteDesktopServices/windef:RemoteDesktopSessionHost/windef:DeviceandResourceRedirection:root"
          }
        ],
        "categoryPath": [
          "windows:WindowsComponents",
          "windef:RemoteDesktopServices",
          "windef:RemoteDesktopSessionHost",
          "windef:DeviceandResourceRedirection"
        ],
        "hasLgpo": true
      },
      {
        "state": "enabled",
        "name": "Remove \"Disconnect\" option from Shut Down dialog",
        "kvps": [
          {
            "key": "Software\\Policies\\Microsoft\\Windows",
            "valueName": "RemoveDisconnectoptionfromShutDowndialog",
            "value": "1",
            "delete": false,
            "lgpoType": "ENFORCE_REG_DWORD",
            "presentationId": "windows:WindowsComponents/windef:RemoteDesktopServices/windef:RemoteDesktopSessionHost/windef:RemoteSessionEnvironment:root"
          }
        ],
        "categoryPath": [
          "windows:WindowsComponents",
          "windef:RemoteDesktopServices",
          "windef:RemoteDesktopSessionHost",
          "windef:RemoteSessionEnvironment"
        ],
        "hasLgpo": true
      },
      {
        "state": "enabled",
        "name": "Remove Windows Security item from Start menu",
        "kvps": [
          {
            "key": "Software\\Policies\\Microsoft\\Windows",
            "valueName": "RemoveWindowsSecurityitemfromStartmenu",
            "value": "1",
            "delete": false,
            "lgpoType": "ENFORCE_REG_DWORD",
            "presentationId": "windows:WindowsComponents/windef:RemoteDesktopServices/windef:RemoteDesktopSessionHost/windef:RemoteSessionEnvironment:root"
          }
        ],
        "categoryPath": [
          "windows:WindowsComponents",
          "windef:RemoteDesktopServices",
          "windef:RemoteDesktopSessionHost",
          "windef:RemoteSessionEnvironment"
        ],
        "hasLgpo": true
      },
      {
        "state": "enabled",
        "name": "Do not allow local administrators to customize permissions",
        "kvps": [
          {
            "key": "Software\\Policies\\Microsoft\\Windows",
            "valueName": "Donotallowlocaladministratorstocustomizepermissions",
            "value": "1",
            "delete": false,
            "lgpoType": "ENFORCE_REG_DWORD",
            "presentationId": "windows:WindowsComponents/windef:RemoteDesktopServices/windef:RemoteDesktopSessionHost/windef:Security:root"
          }
        ],
        "categoryPath": [
          "windows:WindowsComponents",
          "windef:RemoteDesktopServices",
          "windef:RemoteDesktopSessionHost",
          "windef:Security"
        ],
        "hasLgpo": true
      },
      {
        "state": "enabled",
        "name": "Require secure RPC communication",
        "kvps": [
          {
            "key": "Software\\Policies\\Microsoft\\Windows",
            "valueName": "RequiresecureRPCcommunication",
            "value": "1",
            "delete": false,
            "lgpoType": "ENFORCE_REG_DWORD",
            "presentationId": "windows:WindowsComponents/windef:RemoteDesktopServices/windef:RemoteDesktopSessionHost/windef:Security:root"
          }
        ],
        "categoryPath": [
          "windows:WindowsComponents",
          "windef:RemoteDesktopServices",
          "windef:RemoteDesktopSessionHost",
          "windef:Security"
        ],
        "hasLgpo": true
      },
      {
        "state": "enabled",
        "name": "Set client connection encryption level",
        "kvps": [
          {
            "key": "Software\\Policies\\Microsoft\\Windows",
            "valueName": "Setclientconnectionencryptionlevel",
            "value": "1",
            "delete": false,
            "lgpoType": "ENFORCE_REG_DWORD",
            "presentationId": "windows:WindowsComponents/windef:RemoteDesktopServices/windef:RemoteDesktopSessionHost/windef:Security:root"
          }
        ],
        "categoryPath": [
          "windows:WindowsComponents",
          "windef:RemoteDesktopServices",
          "windef:RemoteDesktopSessionHost",
          "windef:Security"
        ],
        "hasLgpo": true
      },
      {
        "state": "enabled",
        "name": "End session when time limits are reached",
        "kvps": [
          {
            "key": "Software\\Policies\\Microsoft\\Windows",
            "valueName": "Endsessionwhentimelimitsarereached",
            "value": "1",
            "delete": false,
            "lgpoType": "ENFORCE_REG_DWORD",
            "presentationId": "windows:WindowsComponents/windef:RemoteDesktopServices/windef:RemoteDesktopSessionHost/windef:SessionTimeLimits:root"
          }
        ],
        "categoryPath": [
          "windows:WindowsComponents",
          "windef:RemoteDesktopServices",
          "windef:RemoteDesktopSessionHost",
          "windef:SessionTimeLimits"
        ],
        "hasLgpo": true
      },
      {
        "state": "enabled",
        "name": "Set time limit for active but idle Remote Desktop Services sessions",
        "kvps": [
          {
            "key": "Software\\Policies\\Microsoft\\Windows",
            "valueName": "SettimelimitforactivebutidleRemoteDesktopServicessessions",
            "value": "1",
            "delete": false,
            "lgpoType": "ENFORCE_REG_DWORD",
            "presentationId": "windows:WindowsComponents/windef:RemoteDesktopServices/windef:RemoteDesktopSessionHost/windef:SessionTimeLimits:root"
          }
        ],
        "categoryPath": [
          "windows:WindowsComponents",
          "windef:RemoteDesktopServices",
          "windef:RemoteDesktopSessionHost",
          "windef:SessionTimeLimits"
        ],
        "hasLgpo": true
      },
      {
        "state": "enabled",
        "name": "Set time limit for disconnected sessions",
        "kvps": [
          {
            "key": "Software\\Policies\\Microsoft\\Windows",
            "valueName": "Settimelimitfordisconnectedsessions",
            "value": "1",
            "delete": false,
            "lgpoType": "ENFORCE_REG_DWORD",
            "presentationId": "windows:WindowsComponents/windef:RemoteDesktopServices/windef:RemoteDesktopSessionHost/windef:SessionTimeLimits:root"
          }
        ],
        "categoryPath": [
          "windows:WindowsComponents",
          "windef:RemoteDesktopServices",
          "windef:RemoteDesktopSessionHost",
          "windef:SessionTimeLimits"
        ],
        "hasLgpo": true
      },
      {
        "state": "disabled",
        "name": "Do not delete temp folders upon exit",
        "kvps": [
          {
            "key": "Software\\Policies\\Microsoft\\Windows",
            "valueName": "Donotdeletetempfoldersuponexit",
            "value": "0",
            "delete": false,
            "lgpoType": "ENFORCE_REG_DWORD",
            "presentationId": "windows:WindowsComponents/windef:RemoteDesktopServices/windef:RemoteDesktopSessionHost/windef:Temporaryfolders:root"
          }
        ],
        "categoryPath": [
          "windows:WindowsComponents",
          "windef:RemoteDesktopServices",
          "windef:RemoteDesktopSessionHost",
          "windef:Temporaryfolders"
        ],
        "hasLgpo": true
      },
      {
        "state": "disabled",
        "name": "Do not use temporary folders per session",
        "kvps": [
          {
            "key": "Software\\Policies\\Microsoft\\Windows",
            "valueName": "Donotusetemporaryfolderspersession",
            "value": "0",
            "delete": false,
            "lgpoType": "ENFORCE_REG_DWORD",
            "presentationId": "windows:WindowsComponents/windef:RemoteDesktopServices/windef:RemoteDesktopSessionHost/windef:Temporaryfolders:root"
          }
        ],
        "categoryPath": [
          "windows:WindowsComponents",
          "windef:RemoteDesktopServices",
          "windef:RemoteDesktopSessionHost",
          "windef:Temporaryfolders"
        ],
        "hasLgpo": true
      },
      {
        "state": "enabled",
        "name": "Registry Setting - [SOFTWARE\\Microsoft\\Windows\\CurrentVersion\\Policies\\Explorer",
        "kvps": [
          {
            "key": "SOFTWARE\\Microsoft\\Windows\\CurrentVersion\\Policies\\Explorer;NoDisconnect;\u0004;\u0004;\u0001",
            "valueName": "[SOFTWARE\\Microsoft\\Windows\\CurrentVersion\\Policies\\Explorer",
            "value": "\u0004",
            "delete": false,
            "lgpoType": "ENFORCE_REG_SZ",
            "presentationId": "Machine:SOFTWARE\\Microsoft\\Windows\\CurrentVersion\\Policies\\Explorer;NoDisconnect;\u0004;\u0004;\u0001:[SOFTWARE\\Microsoft\\Windows\\CurrentVersion\\Policies\\Explorer"
          }
        ],
        "categoryPath": [
          "windows:Registry",
          "windef:MachineSettings"
        ],
        "hasLgpo": true
      },
      {
        "state": "enabled",
        "name": "Registry Setting - [SOFTWARE\\Policies\\Microsoft\\Windows NT\\Terminal Services",
        "kvps": [
          {
            "key": "SOFTWARE\\Policies\\Microsoft\\Windows NT\\Terminal Services;fDisableAutoReconnect;\u0004;\u0004;\u0001",
            "valueName": "[SOFTWARE\\Policies\\Microsoft\\Windows NT\\Terminal Services",
            "value": "\u0004",
            "delete": false,
            "lgpoType": "ENFORCE_REG_SZ",
            "presentationId": "Machine:SOFTWARE\\Policies\\Microsoft\\Windows NT\\Terminal Services;fDisableAutoReconnect;\u0004;\u0004;\u0001:[SOFTWARE\\Policies\\Microsoft\\Windows NT\\Terminal Services"
          }
        ],
        "categoryPath": [
          "windows:Registry",
          "windef:MachineSettings"
        ],
        "hasLgpo": true
      },
      {
        "state": "enabled",
        "name": "Registry Setting - [SOFTWARE\\Policies\\Microsoft\\Windows NT\\Terminal Services",
        "kvps": [
          {
            "key": "SOFTWARE\\Policies\\Microsoft\\Windows NT\\Terminal Services;KeepAliveInterval;\u0004;\u0004;\u0001",
            "valueName": "[SOFTWARE\\Policies\\Microsoft\\Windows NT\\Terminal Services",
            "value": "\u0004",
            "delete": false,
            "lgpoType": "ENFORCE_REG_SZ",
            "presentationId": "Machine:SOFTWARE\\Policies\\Microsoft\\Windows NT\\Terminal Services;KeepAliveInterval;\u0004;\u0004;\u0001:[SOFTWARE\\Policies\\Microsoft\\Windows NT\\Terminal Services"
          }
        ],
        "categoryPath": [
          "windows:Registry",
          "windef:MachineSettings"
        ],
        "hasLgpo": true
      },
      {
        "state": "enabled",
        "name": "Registry Setting - [SOFTWARE\\Policies\\Microsoft\\Windows NT\\Terminal Services",
        "kvps": [
          {
            "key": "SOFTWARE\\Policies\\Microsoft\\Windows NT\\Terminal Services;Shadow;\u0004;\u0004;",
            "valueName": "[SOFTWARE\\Policies\\Microsoft\\Windows NT\\Terminal Services",
            "value": "\u0004",
            "delete": false,
            "lgpoType": "ENFORCE_REG_SZ",
            "presentationId": "Machine:SOFTWARE\\Policies\\Microsoft\\Windows NT\\Terminal Services;Shadow;\u0004;\u0004;:[SOFTWARE\\Policies\\Microsoft\\Windows NT\\Terminal Services"
          }
        ],
        "categoryPath": [
          "windows:Registry",
          "windef:MachineSettings"
        ],
        "hasLgpo": true
      },
      {
        "state": "enabled",
        "name": "Registry Setting - [SOFTWARE\\Policies\\Microsoft\\Windows NT\\Terminal Services",
        "kvps": [
          {
            "key": "SOFTWARE\\Policies\\Microsoft\\Windows NT\\Terminal Services;fDisableCcm;\u0004;\u0004;\u0001",
            "valueName": "[SOFTWARE\\Policies\\Microsoft\\Windows NT\\Terminal Services",
            "value": "\u0004",
            "delete": false,
            "lgpoType": "ENFORCE_REG_SZ",
            "presentationId": "Machine:SOFTWARE\\Policies\\Microsoft\\Windows NT\\Terminal Services;fDisableCcm;\u0004;\u0004;\u0001:[SOFTWARE\\Policies\\Microsoft\\Windows NT\\Terminal Services"
          }
        ],
        "categoryPath": [
          "windows:Registry",
          "windef:MachineSettings"
        ],
        "hasLgpo": true
      },
      {
        "state": "enabled",
        "name": "Registry Setting - [SOFTWARE\\Policies\\Microsoft\\Windows NT\\Terminal Services",
        "kvps": [
          {
            "key": "SOFTWARE\\Policies\\Microsoft\\Windows NT\\Terminal Services;fDisableLPT;\u0004;\u0004;\u0001",
            "valueName": "[SOFTWARE\\Policies\\Microsoft\\Windows NT\\Terminal Services",
            "value": "\u0004",
            "delete": false,
            "lgpoType": "ENFORCE_REG_SZ",
            "presentationId": "Machine:SOFTWARE\\Policies\\Microsoft\\Windows NT\\Terminal Services;fDisableLPT;\u0004;\u0004;\u0001:[SOFTWARE\\Policies\\Microsoft\\Windows NT\\Terminal Services"
          }
        ],
        "categoryPath": [
          "windows:Registry",
          "windef:MachineSettings"
        ],
        "hasLgpo": true
      },
      {
        "state": "enabled",
        "name": "Registry Setting - [SOFTWARE\\Policies\\Microsoft\\Windows NT\\Terminal Services",
        "kvps": [
          {
            "key": "SOFTWARE\\Policies\\Microsoft\\Windows NT\\Terminal Services;fWritableTSCCPermTab;\u0004;\u0004;",
            "valueName": "[SOFTWARE\\Policies\\Microsoft\\Windows NT\\Terminal Services",
            "value": "\u0004",
            "delete": false,
            "lgpoType": "ENFORCE_REG_SZ",
            "presentationId": "Machine:SOFTWARE\\Policies\\Microsoft\\Windows NT\\Terminal Services;fWritableTSCCPermTab;\u0004;\u0004;:[SOFTWARE\\Policies\\Microsoft\\Windows NT\\Terminal Services"
          }
        ],
        "categoryPath": [
          "windows:Registry",
          "windef:MachineSettings"
        ],
        "hasLgpo": true
      },
      {
        "state": "enabled",
        "name": "Registry Setting - [SOFTWARE\\Policies\\Microsoft\\Windows NT\\Terminal Services",
        "kvps": [
          {
            "key": "SOFTWARE\\Policies\\Microsoft\\Windows NT\\Terminal Services;MinEncryptionLevel;\u0004;\u0004;\u0003",
            "valueName": "[SOFTWARE\\Policies\\Microsoft\\Windows NT\\Terminal Services",
            "value": "\u0004",
            "delete": false,
            "lgpoType": "ENFORCE_REG_SZ",
            "presentationId": "Machine:SOFTWARE\\Policies\\Microsoft\\Windows NT\\Terminal Services;MinEncryptionLevel;\u0004;\u0004;\u0003:[SOFTWARE\\Policies\\Microsoft\\Windows NT\\Terminal Services"
          }
        ],
        "categoryPath": [
          "windows:Registry",
          "windef:MachineSettings"
        ],
        "hasLgpo": true
      },
      {
        "state": "enabled",
        "name": "Registry Setting - [SOFTWARE\\Policies\\Microsoft\\Windows NT\\Terminal Services",
        "kvps": [
          {
            "key": "SOFTWARE\\Policies\\Microsoft\\Windows NT\\Terminal Services;MaxIdleTime;\u0004;\u0004;",
            "valueName": "[SOFTWARE\\Policies\\Microsoft\\Windows NT\\Terminal Services",
            "value": "\u0004",
            "delete": false,
            "lgpoType": "ENFORCE_REG_SZ",
            "presentationId": "Machine:SOFTWARE\\Policies\\Microsoft\\Windows NT\\Terminal Services;MaxIdleTime;\u0004;\u0004;:[SOFTWARE\\Policies\\Microsoft\\Windows NT\\Terminal Services"
          }
        ],
        "categoryPath": [
          "windows:Registry",
          "windef:MachineSettings"
        ],
        "hasLgpo": true
      },
      {
        "state": "enabled",
        "name": "Registry Setting - [SOFTWARE\\Policies\\Microsoft\\Windows NT\\Terminal Services",
        "kvps": [
          {
            "key": "SOFTWARE\\Policies\\Microsoft\\Windows NT\\Terminal Services;DeleteTempDirsOnExit;\u0004;\u0004;\u0001",
            "valueName": "[SOFTWARE\\Policies\\Microsoft\\Windows NT\\Terminal Services",
            "value": "\u0004",
            "delete": false,
            "lgpoType": "ENFORCE_REG_SZ",
            "presentationId": "Machine:SOFTWARE\\Policies\\Microsoft\\Windows NT\\Terminal Services;DeleteTempDirsOnExit;\u0004;\u0004;\u0001:[SOFTWARE\\Policies\\Microsoft\\Windows NT\\Terminal Services"
          }
        ],
        "categoryPath": [
          "windows:Registry",
          "windef:MachineSettings"
        ],
        "hasLgpo": true
      },
      {
        "state": "enabled",
        "name": "Registry Setting - [SOFTWARE\\Policies\\Microsoft\\WindowsFirewall\\DomainProfile",
        "kvps": [
          {
            "key": "SOFTWARE\\Policies\\Microsoft\\WindowsFirewall\\DomainProfile;EnableFirewall;\u0004;\u0004;\u0001",
            "valueName": "[SOFTWARE\\Policies\\Microsoft\\WindowsFirewall\\DomainProfile",
            "value": "\u0004",
            "delete": false,
            "lgpoType": "ENFORCE_REG_SZ",
            "presentationId": "Machine:SOFTWARE\\Policies\\Microsoft\\WindowsFirewall\\DomainProfile;EnableFirewall;\u0004;\u0004;\u0001:[SOFTWARE\\Policies\\Microsoft\\WindowsFirewall\\DomainProfile"
          }
        ],
        "categoryPath": [
          "windows:Registry",
          "windef:MachineSettings"
        ],
        "hasLgpo": true
      },
      {
        "state": "enabled",
        "name": "Registry Setting - [SOFTWARE\\Policies\\Microsoft\\WindowsFirewall\\DomainProfile\\AuthorizedApplications",
        "kvps": [
          {
            "key": "SOFTWARE\\Policies\\Microsoft\\WindowsFirewall\\DomainProfile\\AuthorizedApplications;AllowUserPrefMerge;\u0004;\u0004;",
            "valueName": "[SOFTWARE\\Policies\\Microsoft\\WindowsFirewall\\DomainProfile\\AuthorizedApplications",
            "value": "\u0004",
            "delete": false,
            "lgpoType": "ENFORCE_REG_SZ",
            "presentationId": "Machine:SOFTWARE\\Policies\\Microsoft\\WindowsFirewall\\DomainProfile\\AuthorizedApplications;AllowUserPrefMerge;\u0004;\u0004;:[SOFTWARE\\Policies\\Microsoft\\WindowsFirewall\\DomainProfile\\AuthorizedApplications"
          }
        ],
        "categoryPath": [
          "windows:Registry",
          "windef:MachineSettings"
        ],
        "hasLgpo": true
      },
      {
        "state": "enabled",
        "name": "Registry Setting - [SOFTWARE\\Policies\\Microsoft\\WindowsFirewall\\DomainProfile\\GloballyOpenPorts",
        "kvps": [
          {
            "key": "SOFTWARE\\Policies\\Microsoft\\WindowsFirewall\\DomainProfile\\AuthorizedApplications\\List;mstsc.exe;\u0001;\u0014;mstsc.exe",
            "valueName": "[SOFTWARE\\Policies\\Microsoft\\WindowsFirewall\\DomainProfile\\GloballyOpenPorts",
            "value": "\u0004",
            "delete": false,
            "lgpoType": "ENFORCE_REG_SZ",
            "presentationId": "Machine:SOFTWARE\\Policies\\Microsoft\\WindowsFirewall\\DomainProfile\\AuthorizedApplications\\List;mstsc.exe;\u0001;\u0014;mstsc.exe:[SOFTWARE\\Policies\\Microsoft\\WindowsFirewall\\DomainProfile\\GloballyOpenPorts"
          }
        ],
        "categoryPath": [
          "windows:Registry",
          "windef:MachineSettings"
        ],
        "hasLgpo": true
      },
      {
        "state": "enabled",
        "name": "Registry Setting - [SOFTWARE\\Policies\\Microsoft\\WindowsFirewall\\DomainProfile\\GloballyOpenPorts\\List",
        "kvps": [
          {
            "key": "SOFTWARE\\Policies\\Microsoft\\WindowsFirewall\\DomainProfile\\GloballyOpenPorts;Enabled;\u0004;\u0004;\u0001",
            "valueName": "[SOFTWARE\\Policies\\Microsoft\\WindowsFirewall\\DomainProfile\\GloballyOpenPorts\\List",
            "value": "\u0001",
            "delete": false,
            "lgpoType": "ENFORCE_REG_SZ",
            "presentationId": "Machine:SOFTWARE\\Policies\\Microsoft\\WindowsFirewall\\DomainProfile\\GloballyOpenPorts;Enabled;\u0004;\u0004;\u0001:[SOFTWARE\\Policies\\Microsoft\\WindowsFirewall\\DomainProfile\\GloballyOpenPorts\\List"
          }
        ],
        "categoryPath": [
          "windows:Registry",
          "windef:MachineSettings"
        ],
        "hasLgpo": true
      },
      {
        "state": "enabled",
        "name": "Registry Setting - [SOFTWARE\\Policies\\Microsoft\\WindowsFirewall\\DomainProfile\\IcmpSettings",
        "kvps": [
          {
            "key": "SOFTWARE\\Policies\\Microsoft\\WindowsFirewall\\DomainProfile\\GloballyOpenPorts\\List;3389:UDP:*:RDP;\u0001;\u001e;3389:UDP:*:RDP",
            "valueName": "[SOFTWARE\\Policies\\Microsoft\\WindowsFirewall\\DomainProfile\\IcmpSettings",
            "value": "\u0004",
            "delete": false,
            "lgpoType": "ENFORCE_REG_SZ",
            "presentationId": "Machine:SOFTWARE\\Policies\\Microsoft\\WindowsFirewall\\DomainProfile\\GloballyOpenPorts\\List;3389:UDP:*:RDP;\u0001;\u001e;3389:UDP:*:RDP:[SOFTWARE\\Policies\\Microsoft\\WindowsFirewall\\DomainProfile\\IcmpSettings"
          }
        ],
        "categoryPath": [
          "windows:Registry",
          "windef:MachineSettings"
        ],
        "hasLgpo": true
      },
      {
        "state": "enabled",
        "name": "Registry Setting - [SOFTWARE\\Policies\\Microsoft\\WindowsFirewall\\DomainProfile\\IcmpSettings",
        "kvps": [
          {
            "key": "SOFTWARE\\Policies\\Microsoft\\WindowsFirewall\\DomainProfile\\IcmpSettings;AllowOutboundSourceQuench;\u0004;\u0004;",
            "valueName": "[SOFTWARE\\Policies\\Microsoft\\WindowsFirewall\\DomainProfile\\IcmpSettings",
            "value": "\u0004",
            "delete": false,
            "lgpoType": "ENFORCE_REG_SZ",
            "presentationId": "Machine:SOFTWARE\\Policies\\Microsoft\\WindowsFirewall\\DomainProfile\\IcmpSettings;AllowOutboundSourceQuench;\u0004;\u0004;:[SOFTWARE\\Policies\\Microsoft\\WindowsFirewall\\DomainProfile\\IcmpSettings"
          }
        ],
        "categoryPath": [
          "windows:Registry",
          "windef:MachineSettings"
        ],
        "hasLgpo": true
      },
      {
        "state": "enabled",
        "name": "Registry Setting - [SOFTWARE\\Policies\\Microsoft\\WindowsFirewall\\DomainProfile\\IcmpSettings",
        "kvps": [
          {
            "key": "SOFTWARE\\Policies\\Microsoft\\WindowsFirewall\\DomainProfile\\IcmpSettings;AllowInboundEchoRequest;\u0004;\u0004;",
            "valueName": "[SOFTWARE\\Policies\\Microsoft\\WindowsFirewall\\DomainProfile\\IcmpSettings",
            "value": "\u0004",
            "delete": false,
            "lgpoType": "ENFORCE_REG_SZ",
            "presentationId": "Machine:SOFTWARE\\Policies\\Microsoft\\WindowsFirewall\\DomainProfile\\IcmpSettings;AllowInboundEchoRequest;\u0004;\u0004;:[SOFTWARE\\Policies\\Microsoft\\WindowsFirewall\\DomainProfile\\IcmpSettings"
          }
        ],
        "categoryPath": [
          "windows:Registry",
          "windef:MachineSettings"
        ],
        "hasLgpo": true
      },
      {
        "state": "enabled",
        "name": "Registry Setting - [SOFTWARE\\Policies\\Microsoft\\WindowsFirewall\\DomainProfile\\IcmpSettings",
        "kvps": [
          {
            "key": "SOFTWARE\\Policies\\Microsoft\\WindowsFirewall\\DomainProfile\\IcmpSettings;AllowOutboundTimeExceeded;\u0004;\u0004;",
            "valueName": "[SOFTWARE\\Policies\\Microsoft\\WindowsFirewall\\DomainProfile\\IcmpSettings",
            "value": "\u0004",
            "delete": false,
            "lgpoType": "ENFORCE_REG_SZ",
            "presentationId": "Machine:SOFTWARE\\Policies\\Microsoft\\WindowsFirewall\\DomainProfile\\IcmpSettings;AllowOutboundTimeExceeded;\u0004;\u0004;:[SOFTWARE\\Policies\\Microsoft\\WindowsFirewall\\DomainProfile\\IcmpSettings"
          }
        ],
        "categoryPath": [
          "windows:Registry",
          "windef:MachineSettings"
        ],
        "hasLgpo": true
      },
      {
        "state": "enabled",
        "name": "Registry Setting - [SOFTWARE\\Policies\\Microsoft\\WindowsFirewall\\DomainProfile\\IcmpSettings",
        "kvps": [
          {
            "key": "SOFTWARE\\Policies\\Microsoft\\WindowsFirewall\\DomainProfile\\IcmpSettings;AllowInboundTimestampRequest;\u0004;\u0004;",
            "valueName": "[SOFTWARE\\Policies\\Microsoft\\WindowsFirewall\\DomainProfile\\IcmpSettings",
            "value": "\u0004",
            "delete": false,
            "lgpoType": "ENFORCE_REG_SZ",
            "presentationId": "Machine:SOFTWARE\\Policies\\Microsoft\\WindowsFirewall\\DomainProfile\\IcmpSettings;AllowInboundTimestampRequest;\u0004;\u0004;:[SOFTWARE\\Policies\\Microsoft\\WindowsFirewall\\DomainProfile\\IcmpSettings"
          }
        ],
        "categoryPath": [
          "windows:Registry",
          "windef:MachineSettings"
        ],
        "hasLgpo": true
      },
      {
        "state": "enabled",
        "name": "Registry Setting - [SOFTWARE\\Policies\\Microsoft\\WindowsFirewall\\DomainProfile\\Services\\RemoteDesktop",
        "kvps": [
          {
            "key": "SOFTWARE\\Policies\\Microsoft\\WindowsFirewall\\DomainProfile\\IcmpSettings;AllowOutboundPacketTooBig;\u0004;\u0004;",
            "valueName": "[SOFTWARE\\Policies\\Microsoft\\WindowsFirewall\\DomainProfile\\Services\\RemoteDesktop",
            "value": "\u0004",
            "delete": false,
            "lgpoType": "ENFORCE_REG_SZ",
            "presentationId": "Machine:SOFTWARE\\Policies\\Microsoft\\WindowsFirewall\\DomainProfile\\IcmpSettings;AllowOutboundPacketTooBig;\u0004;\u0004;:[SOFTWARE\\Policies\\Microsoft\\WindowsFirewall\\DomainProfile\\Services\\RemoteDesktop"
          }
        ],
        "categoryPath": [
          "windows:Registry",
          "windef:MachineSettings"
        ],
        "hasLgpo": true
      },
      {
        "state": "enabled",
        "name": "Registry Setting - [SOFTWARE\\Policies\\Microsoft\\WindowsFirewall\\DomainProfile\\Services\\UPnPFramework",
        "kvps": [
          {
            "key": "SOFTWARE\\Policies\\Microsoft\\WindowsFirewall\\DomainProfile\\Services\\RemoteDesktop;RemoteAddresses;\u0001;\u0002;",
            "valueName": "[SOFTWARE\\Policies\\Microsoft\\WindowsFirewall\\DomainProfile\\Services\\UPnPFramework",
            "value": "\u0004",
            "delete": false,
            "lgpoType": "ENFORCE_REG_SZ",
            "presentationId": "Machine:SOFTWARE\\Policies\\Microsoft\\WindowsFirewall\\DomainProfile\\Services\\RemoteDesktop;RemoteAddresses;\u0001;\u0002;:[SOFTWARE\\Policies\\Microsoft\\WindowsFirewall\\DomainProfile\\Services\\UPnPFramework"
          }
        ],
        "categoryPath": [
          "windows:Registry",
          "windef:MachineSettings"
        ],
        "hasLgpo": true
      },
      {
        "state": "enabled",
        "name": "Registry Setting - [SOFTWARE\\Policies\\Microsoft\\WindowsFirewall\\StandardProfile",
        "kvps": [
          {
            "key": "SOFTWARE\\Policies\\Microsoft\\WindowsFirewall\\DomainProfile\\Services\\UPnPFramework;**del.RemoteAddresses;\u0001;\u0004; ",
            "valueName": "[SOFTWARE\\Policies\\Microsoft\\WindowsFirewall\\StandardProfile",
            "value": "\u0004",
            "delete": false,
            "lgpoType": "ENFORCE_REG_SZ",
            "presentationId": "Machine:SOFTWARE\\Policies\\Microsoft\\WindowsFirewall\\DomainProfile\\Services\\UPnPFramework;**del.RemoteAddresses;\u0001;\u0004; :[SOFTWARE\\Policies\\Microsoft\\WindowsFirewall\\StandardProfile"
          }
        ],
        "categoryPath": [
          "windows:Registry",
          "windef:MachineSettings"
        ],
        "hasLgpo": true
      },
      {
        "state": "enabled",
        "name": "Registry Setting - [SOFTWARE\\Policies\\Microsoft\\WindowsFirewall\\StandardProfile\\Services\\RemoteDesktop",
        "kvps": [
          {
            "key": "SOFTWARE\\Policies\\Microsoft\\WindowsFirewall\\StandardProfile\\AuthorizedApplications;AllowUserPrefMerge;\u0004;\u0004;\u0001",
            "valueName": "[SOFTWARE\\Policies\\Microsoft\\WindowsFirewall\\StandardProfile\\Services\\RemoteDesktop",
            "value": "\u0004",
            "delete": false,
            "lgpoType": "ENFORCE_REG_SZ",
            "presentationId": "Machine:SOFTWARE\\Policies\\Microsoft\\WindowsFirewall\\StandardProfile\\AuthorizedApplications;AllowUserPrefMerge;\u0004;\u0004;\u0001:[SOFTWARE\\Policies\\Microsoft\\WindowsFirewall\\StandardProfile\\Services\\RemoteDesktop"
          }
        ],
        "categoryPath": [
          "windows:Registry",
          "windef:MachineSettings"
        ],
        "hasLgpo": true
      },
      {
        "state": "enabled",
        "name": "Registry Setting - [Software\\Policies\\Microsoft\\Windows\\Control Panel\\Desktop",
        "kvps": [
          {
            "key": "Software\\Policies\\Microsoft\\Windows\\Control Panel\\Desktop;ScreenSaveActive;\u0001;\u0004;1",
            "valueName": "[Software\\Policies\\Microsoft\\Windows\\Control Panel\\Desktop",
            "value": "\u0001",
            "delete": false,
            "lgpoType": "ENFORCE_REG_SZ",
            "presentationId": "User:Software\\Policies\\Microsoft\\Windows\\Control Panel\\Desktop;ScreenSaveActive;\u0001;\u0004;1:[Software\\Policies\\Microsoft\\Windows\\Control Panel\\Desktop"
          }
        ],
        "categoryPath": [
          "windows:Registry",
          "windef:UserSettings"
        ],
        "hasLgpo": true
      },
      {
        "state": "enabled",
        "name": "Registry Setting - [Software\\Policies\\Microsoft\\Windows\\Control Panel\\Desktop",
        "kvps": [
          {
            "key": "Software\\Policies\\Microsoft\\Windows\\Control Panel\\Desktop;SCRNSAVE.EXE;\u0001;D;\"C:\\Windows\\System32\\Ribbons.scr\"",
            "valueName": "[Software\\Policies\\Microsoft\\Windows\\Control Panel\\Desktop",
            "value": "\u0001",
            "delete": false,
            "lgpoType": "ENFORCE_REG_SZ",
            "presentationId": "User:Software\\Policies\\Microsoft\\Windows\\Control Panel\\Desktop;SCRNSAVE.EXE;\u0001;D;\"C:\\Windows\\System32\\Ribbons.scr\":[Software\\Policies\\Microsoft\\Windows\\Control Panel\\Desktop"
          }
        ],
        "categoryPath": [
          "windows:Registry",
          "windef:UserSettings"
        ],
        "hasLgpo": true
      }
    ],
    "useManagedDefinitions": false
  },
  "isTemplate": false,
  "priorityPool": 3,
  "type": {
    "id": 0,
    "name": "admxMachine",
    "initialContentSetName": "Enforce Windows",
    "policyTypeContentSetName": "Enforce Windows Machine Administrative Templates",
    "operatingSystem": "Windows",
    "policyClass": "machine",
    "endpointType": "cx",
    "readPrivilege": "enforce policy read",
    "writePrivilege": "enforce policy write",
    "contentSetId": 105,
    "policyTypeContentSetId": 276
  },
  "hasEnforcements": false,
  "taniumUsername": null,
  "taniumUpdatedUsername": null,
  "policySource": "standard"
}