{
  "id": null,
  "created_at": null,
  "updated_at": null,
  "deletedAt": null,
  "taniumUserId": null,
  "updatedByTaniumUserId": null,
  "changeType": "created",
  "contentSetId": 105,
  "name": "CyberArk PSM Hardening 11.7",
  "description": "Converted from GPO: CyberArk PSM Hardening 11.7 (284DEBCC-E6F3-415C-9A67-92CC07445E17)",
  "version": 1,
  "priority": 7,
  "typeId": 0,
  "data": {
    "policyItems": [
      {
        "state": "enabled",
        "name": "Policies Explorer",
        "kvps": [
          {
            "key": "Software\\Microsoft\\Windows\\CurrentVersion\\Policies\\Explorer",
            "valueName": "Enabled",
            "value": "\u0004",
            "delete": false,
            "lgpoType": "ENFORCE_REG_SZ",
            "presentationId": "windows:registry/windef:machinesettings:explorer"
          }
        ],
        "categoryPath": [
          "windows:Registry",
          "windef:MachineSettings",
          "Policies"
        ],
        "hasLgpo": true
      },
      {
        "state": "enabled",
        "name": "Policies Ext",
        "kvps": [
          {
            "key": "Software\\Microsoft\\Windows\\CurrentVersion\\Policies\\Ext",
            "valueName": "Enabled",
            "value": "\u0004",
            "delete": false,
            "lgpoType": "ENFORCE_REG_SZ",
            "presentationId": "windows:registry/windef:machinesettings:ext"
          }
        ],
        "categoryPath": [
          "windows:Registry",
          "windef:MachineSettings",
          "Policies"
        ],
        "hasLgpo": true
      },
      {
        "state": "enabled",
        "name": "Google Chrome",
        "kvps": [
          {
            "key": "Software\\Microsoft\\Windows\\CurrentVersion\\Policies\\Ext\\CLSID",
            "valueName": "Chrome",
            "value": "\u0004",
            "delete": false,
            "lgpoType": "ENFORCE_REG_SZ",
            "presentationId": "windows:registry/windef:machinesettings:clsid"
          }
        ],
        "categoryPath": [
          "windows:Registry",
          "windef:MachineSettings",
          "Ext"
        ],
        "hasLgpo": true
      },
      {
        "state": "enabled",
        "name": "Google Chrome",
        "kvps": [
          {
            "key": "Software\\Policies\\Google\\Chrome",
            "valueName": "Enabled",
            "value": "\u0004",
            "delete": false,
            "lgpoType": "ENFORCE_REG_SZ",
            "presentationId": "windows:registry/windef:machinesettings:chrome"
          }
        ],
        "categoryPath": [
          "windows:Registry",
          "windef:MachineSettings",
          "Google"
        ],
        "hasLgpo": true
      },
      {
        "state": "enabled",
        "name": "Chrome ExtensionInstallBlacklist",
        "kvps": [
          {
            "key": "Software\\Policies\\Google\\Chrome\\CookiesSessionOnlyForUrls",
            "valueName": "ExtensionInstallBlacklist",
            "value": "\u0001",
            "delete": false,
            "lgpoType": "ENFORCE_REG_SZ",
            "presentationId": "windows:registry/windef:machinesettings:cookiessessiononlyforurls"
          }
        ],
        "categoryPath": [
          "windows:Registry",
          "windef:MachineSettings",
          "Chrome"
        ],
        "hasLgpo": true
      },
      {
        "state": "enabled",
        "name": "Chrome PluginsAllowedForUrls",
        "kvps": [
          {
            "key": "Software\\Policies\\Google\\Chrome\\ExtensionInstallBlacklist",
            "valueName": "PluginsAllowedForUrls",
            "value": "\u0001",
            "delete": false,
            "lgpoType": "ENFORCE_REG_SZ",
            "presentationId": "windows:registry/windef:machinesettings:extensioninstallblacklist"
          }
        ],
        "categoryPath": [
          "windows:Registry",
          "windef:MachineSettings",
          "Chrome"
        ],
        "hasLgpo": true
      },
      {
        "state": "enabled",
        "name": "Chrome URLBlacklist",
        "kvps": [
          {
            "key": "Software\\Policies\\Google\\Chrome\\URLBlacklist",
            "valueName": "Enabled",
            "value": "\u0001",
            "delete": false,
            "lgpoType": "ENFORCE_REG_SZ",
            "presentationId": "windows:registry/windef:machinesettings:urlblacklist"
          }
        ],
        "categoryPath": [
          "windows:Registry",
          "windef:MachineSettings",
          "Chrome"
        ],
        "hasLgpo": true
      },
      {
        "state": "enabled",
        "name": "Chrome URLWhitelist",
        "kvps": [
          {
            "key": "Software\\Policies\\Google\\Chrome\\URLWhitelist",
            "valueName": "Enabled",
            "value": "\u0001",
            "delete": false,
            "lgpoType": "ENFORCE_REG_SZ",
            "presentationId": "windows:registry/windef:machinesettings:urlwhitelist"
          }
        ],
        "categoryPath": [
          "windows:Registry",
          "windef:MachineSettings",
          "Chrome"
        ],
        "hasLgpo": true
      },
      {
        "state": "enabled",
        "name": "Internet Explorer CommandBar",
        "kvps": [
          {
            "key": "Software\\Policies\\Microsoft\\Internet Explorer",
            "valueName": "CommandBar",
            "value": "\u0004",
            "delete": false,
            "lgpoType": "ENFORCE_REG_SZ",
            "presentationId": "windows:registry/windef:machinesettings:internet explorer"
          }
        ],
        "categoryPath": [
          "windows:Registry",
          "windef:MachineSettings",
          "Microsoft"
        ],
        "hasLgpo": true
      },
      {
        "state": "enabled",
        "name": "Internet Explorer Control Panel",
        "kvps": [
          {
            "key": "Software\\Policies\\Microsoft\\Internet Explorer\\Control Panel",
            "valueName": "Enabled",
            "value": "\u0004",
            "delete": false,
            "lgpoType": "ENFORCE_REG_SZ",
            "presentationId": "windows:registry/windef:machinesettings:control panel"
          }
        ],
        "categoryPath": [
          "windows:Registry",
          "windef:MachineSettings",
          "Internet Explorer"
        ],
        "hasLgpo": true
      },
      {
        "state": "enabled",
        "name": "Internet Explorer Geolocation",
        "kvps": [
          {
            "key": "Software\\Policies\\Microsoft\\Internet Explorer\\Control Panel",
            "valueName": "Geolocation",
            "value": "\u0004",
            "delete": false,
            "lgpoType": "ENFORCE_REG_SZ",
            "presentationId": "windows:registry/windef:machinesettings:control panel"
          }
        ],
        "categoryPath": [
          "windows:Registry",
          "windef:MachineSettings",
          "Internet Explorer"
        ],
        "hasLgpo": true
      },
      {
        "state": "enabled",
        "name": "Internet Explorer LinksBar",
        "kvps": [
          {
            "key": "Software\\Policies\\Microsoft\\Internet Explorer\\IEDevTools",
            "valueName": "LinksBar",
            "value": "\u0004",
            "delete": false,
            "lgpoType": "ENFORCE_REG_SZ",
            "presentationId": "windows:registry/windef:machinesettings:iedevtools"
          }
        ],
        "categoryPath": [
          "windows:Registry",
          "windef:MachineSettings",
          "Internet Explorer"
        ],
        "hasLgpo": true
      },
      {
        "state": "enabled",
        "name": "Internet Explorer Main",
        "kvps": [
          {
            "key": "Software\\Policies\\Microsoft\\Internet Explorer\\Main",
            "valueName": "Enabled",
            "value": "\u0001",
            "delete": false,
            "lgpoType": "ENFORCE_REG_SZ",
            "presentationId": "windows:registry/windef:machinesettings:main"
          }
        ],
        "categoryPath": [
          "windows:Registry",
          "windef:MachineSettings",
          "Internet Explorer"
        ],
        "hasLgpo": true
      },
      {
        "state": "enabled",
        "name": "FeatureControl FEATURE_DISABLE_MK_PROTOCOL",
        "kvps": [
          {
            "key": "Software\\Policies\\Microsoft\\Internet Explorer\\Main\\FeatureControl\\FEATURE_DISABLE_MK_PROTOCOL",
            "valueName": "Enabled",
            "value": "\u0001",
            "delete": false,
            "lgpoType": "ENFORCE_REG_SZ",
            "presentationId": "windows:registry/windef:machinesettings:feature_disable_mk_protocol"
          }
        ],
        "categoryPath": [
          "windows:Registry",
          "windef:MachineSettings",
          "FeatureControl"
        ],
        "hasLgpo": true
      },
      {
        "state": "enabled",
        "name": "FeatureControl FEATURE_RESTRICT_FILEDOWNLOAD",
        "kvps": [
          {
            "key": "Software\\Policies\\Microsoft\\Internet Explorer\\Main\\FeatureControl\\FEATURE_DISABLE_MK_PROTOCOL",
            "valueName": "FEATURE_RESTRICT_FILEDOWNLOAD",
            "value": "\u0001",
            "delete": false,
            "lgpoType": "ENFORCE_REG_SZ",
            "presentationId": "windows:registry/windef:machinesettings:feature_disable_mk_protocol"
          }
        ],
        "categoryPath": [
          "windows:Registry",
          "windef:MachineSettings",
          "FeatureControl"
        ],
        "hasLgpo": true
      },
      {
        "state": "enabled",
        "name": "FeatureControl FEATURE_ZONE_ELEVATION",
        "kvps": [
          {
            "key": "Software\\Policies\\Microsoft\\Internet Explorer\\Main\\FeatureControl\\FEATURE_ZONE_ELEVATION",
            "valueName": "Enabled",
            "value": "\u0001",
            "delete": false,
            "lgpoType": "ENFORCE_REG_SZ",
            "presentationId": "windows:registry/windef:machinesettings:feature_zone_elevation"
          }
        ],
        "categoryPath": [
          "windows:Registry",
          "windef:MachineSettings",
          "FeatureControl"
        ],
        "hasLgpo": true
      },
      {
        "state": "enabled",
        "name": "Internet Explorer Privacy",
        "kvps": [
          {
            "key": "Software\\Policies\\Microsoft\\Internet Explorer\\Main\\FeatureControl\\FEATURE_ZONE_ELEVATION",
            "valueName": "Privacy",
            "value": "\u0004",
            "delete": false,
            "lgpoType": "ENFORCE_REG_SZ",
            "presentationId": "windows:registry/windef:machinesettings:feature_zone_elevation"
          }
        ],
        "categoryPath": [
          "windows:Registry",
          "windef:MachineSettings",
          "FeatureControl"
        ],
        "hasLgpo": true
      },
      {
        "state": "enabled",
        "name": "Internet Explorer Recovery",
        "kvps": [
          {
            "key": "Software\\Policies\\Microsoft\\Internet Explorer\\Privacy",
            "valueName": "Recovery",
            "value": "\u0004",
            "delete": false,
            "lgpoType": "ENFORCE_REG_SZ",
            "presentationId": "windows:registry/windef:machinesettings:privacy"
          }
        ],
        "categoryPath": [
          "windows:Registry",
          "windef:MachineSettings",
          "Internet Explorer"
        ],
        "hasLgpo": true
      },
      {
        "state": "enabled",
        "name": "Internet Explorer Restrictions",
        "kvps": [
          {
            "key": "Software\\Policies\\Microsoft\\Internet Explorer\\Restrictions",
            "valueName": "Enabled",
            "value": "\u0004",
            "delete": false,
            "lgpoType": "ENFORCE_REG_SZ",
            "presentationId": "windows:registry/windef:machinesettings:restrictions"
          }
        ],
        "categoryPath": [
          "windows:Registry",
          "windef:MachineSettings",
          "Internet Explorer"
        ],
        "hasLgpo": true
      },
      {
        "state": "enabled",
        "name": "Internet Explorer TabbedBrowsing",
        "kvps": [
          {
            "key": "Software\\Policies\\Microsoft\\Internet Explorer\\Restrictions",
            "valueName": "TabbedBrowsing",
            "value": "\u0004",
            "delete": false,
            "lgpoType": "ENFORCE_REG_SZ",
            "presentationId": "windows:registry/windef:machinesettings:restrictions"
          }
        ],
        "categoryPath": [
          "windows:Registry",
          "windef:MachineSettings",
          "Internet Explorer"
        ],
        "hasLgpo": true
      },
      {
        "state": "enabled",
        "name": "Zones 3",
        "kvps": [
          {
            "key": "Software\\Policies\\Microsoft\\Windows\\CurrentVersion\\Internet Settings\\Url History",
            "valueName": "3",
            "value": "\u0004",
            "delete": false,
            "lgpoType": "ENFORCE_REG_SZ",
            "presentationId": "windows:registry/windef:machinesettings:url history"
          }
        ],
        "categoryPath": [
          "windows:Registry",
          "windef:MachineSettings",
          "Internet Settings"
        ],
        "hasLgpo": true
      },
      {
        "state": "enabled",
        "name": "Windows NT Terminal Services",
        "kvps": [
          {
            "key": "Software\\Policies\\Microsoft\\Windows NT\\Terminal Services",
            "valueName": "Enabled",
            "value": "\u0004",
            "delete": false,
            "lgpoType": "ENFORCE_REG_SZ",
            "presentationId": "windows:registry/windef:machinesettings:terminal services"
          }
        ],
        "categoryPath": [
          "windows:Registry",
          "windef:MachineSettings",
          "Windows NT"
        ],
        "hasLgpo": true
      }
    ],
    "useManagedDefinitions": false
  },
  "isTemplate": false,
  "priorityPool": 3,
  "type": {
    "id": 0,
    "name": "admxMachine",
    "initialContentSetName": "Enforce Windows",
    "policyTypeContentSetName": "Enforce Windows Machine Administrative Templates",
    "operatingSystem": "Windows",
    "policyClass": "machine",
    "endpointType": "cx",
    "readPrivilege": "enforce policy read",
    "writePrivilege": "enforce policy write",
    "contentSetId": 105,
    "policyTypeContentSetId": 276
  },
  "hasEnforcements": false,
  "taniumUsername": "jessewyatt",
  "taniumUpdatedUsername": "jessewyatt",
  "policySource": "standard"
}