{
  "id": null,
  "created_at": null,
  "updated_at": null,
  "deletedAt": null,
  "taniumUserId": null,
  "updatedByTaniumUserId": null,
  "changeType": "created",
  "contentSetId": 105,
  "name": "Default Domain Controllers Policy",
  "description": "Converted from GPO: Default Domain Controllers Policy ([object Object])",
  "version": 1,
  "priority": 7,
  "typeId": 0,
  "data": {
    "policyItems": [
      {
        "state": "enabled",
        "name": "Netlogon Parameters",
        "kvps": [
          {
            "key": "Software\\Policies\\Microsoft\\Cryptography\\AutoEnrollment",
            "valueName": "Parameters",
            "value": "\u0004",
            "delete": false,
            "lgpoType": "ENFORCE_REG_SZ",
            "presentationId": "windows:Registry/windef:MachineSettings:AutoEnrollment"
          }
        ],
        "categoryPath": [
          "windows:Registry",
          "windef:MachineSettings"
        ],
        "hasLgpo": true
      },
      {
        "state": "enabled",
        "name": "ACRS Certificates",
        "kvps": [
          {
            "key": "Software\\Policies\\Microsoft\\System\\DNSClient",
            "valueName": "Certificates",
            "value": "",
            "delete": false,
            "lgpoType": "ENFORCE_REG_SZ",
            "presentationId": "windows:Registry/windef:MachineSettings:DNSClient"
          }
        ],
        "categoryPath": [
          "windows:Registry",
          "windef:MachineSettings"
        ],
        "hasLgpo": true
      },
      {
        "state": "enabled",
        "name": "CTLs 5A13438E42F7C5F3AB2A35644A4165DF29025A6B",
        "kvps": [
          {
            "key": "Software\\Policies\\Microsoft\\SystemCertificates\\ACRS\\CTLs",
            "valueName": "Enabled",
            "value": "1",
            "delete": false,
            "lgpoType": "ENFORCE_REG_DWORD",
            "presentationId": "windows:Registry/windef:MachineSettings:CRLs"
          }
        ],
        "categoryPath": [
          "windows:Registry",
          "windef:MachineSettings"
        ],
        "hasLgpo": true
      },
      {
        "state": "enabled",
        "name": "Registry Setting - 0/\u0006\t+\u0006\u0001\u0004\u0001�7\u0014\u0002\u0004\"\u001e DomainController0\u001d\u0006\u0003U\u001d%\u0004\u00160\u0014\u0006\b+\u0006\u0001\u0005\u0005\u0007\u0003\u0002\u0006\b+\u0006\u0001\u0005\u0005\u0007\u0003\u00010\u000b\u0006\u0003U\u001d\u000f\u0004\u0004\u0003\u0002\u0005�1][Software\\Policies\\Microsoft\\SystemCertificates\\CA\\Certificates",
        "kvps": [
          {
            "key": "Software\\Policies\\Microsoft\\SystemCertificates\\ACRS\\CTLs\\Certificates",
            "valueName": "Enabled",
            "value": "1",
            "delete": false,
            "lgpoType": "ENFORCE_REG_DWORD",
            "presentationId": "windows:Registry/windef:MachineSettings:E723451D30B0E859B3735E545CE29F209485AE5E"
          }
        ],
        "categoryPath": [
          "windows:Registry",
          "windef:MachineSettings"
        ],
        "hasLgpo": true
      },
      {
        "state": "enabled",
        "name": "CA CTLs",
        "kvps": [
          {
            "key": "Software\\Policies\\Microsoft\\SystemCertificates\\CA\\CTLs",
            "valueName": "Enabled",
            "value": "1",
            "delete": false,
            "lgpoType": "ENFORCE_REG_DWORD",
            "presentationId": "windows:Registry/windef:MachineSettings:CRLs"
          }
        ],
        "categoryPath": [
          "windows:Registry",
          "windef:MachineSettings"
        ],
        "hasLgpo": true
      },
      {
        "state": "enabled",
        "name": "Disallowed CRLs",
        "kvps": [
          {
            "key": "Software\\Policies\\Microsoft\\SystemCertificates\\Disallowed\\CRLs",
            "valueName": "Enabled",
            "value": "1",
            "delete": false,
            "lgpoType": "ENFORCE_REG_DWORD",
            "presentationId": "windows:Registry/windef:MachineSettings:Certificates"
          }
        ],
        "categoryPath": [
          "windows:Registry",
          "windef:MachineSettings"
        ],
        "hasLgpo": true
      },
      {
        "state": "enabled",
        "name": "DPNGRA Certificates",
        "kvps": [
          {
            "key": "Software\\Policies\\Microsoft\\SystemCertificates\\Disallowed\\Certificates",
            "valueName": "Enabled",
            "value": "1",
            "delete": false,
            "lgpoType": "ENFORCE_REG_DWORD",
            "presentationId": "windows:Registry/windef:MachineSettings:CTLs"
          }
        ],
        "categoryPath": [
          "windows:Registry",
          "windef:MachineSettings"
        ],
        "hasLgpo": true
      },
      {
        "state": "enabled",
        "name": "DPNGRA CTLs",
        "kvps": [
          {
            "key": "Software\\Policies\\Microsoft\\SystemCertificates\\DPNGRA\\CTLs",
            "valueName": "Enabled",
            "value": "1",
            "delete": false,
            "lgpoType": "ENFORCE_REG_DWORD",
            "presentationId": "windows:Registry/windef:MachineSettings:CRLs"
          }
        ],
        "categoryPath": [
          "windows:Registry",
          "windef:MachineSettings"
        ],
        "hasLgpo": true
      },
      {
        "state": "enabled",
        "name": "FVE CRLs",
        "kvps": [
          {
            "key": "Software\\Policies\\Microsoft\\SystemCertificates\\FVE\\CRLs",
            "valueName": "Enabled",
            "value": "1",
            "delete": false,
            "lgpoType": "ENFORCE_REG_DWORD",
            "presentationId": "windows:Registry/windef:MachineSettings:Certificates"
          }
        ],
        "categoryPath": [
          "windows:Registry",
          "windef:MachineSettings"
        ],
        "hasLgpo": true
      },
      {
        "state": "enabled",
        "name": "FVE_NKP Certificates",
        "kvps": [
          {
            "key": "Software\\Policies\\Microsoft\\SystemCertificates\\FVE\\Certificates",
            "valueName": "Enabled",
            "value": "1",
            "delete": false,
            "lgpoType": "ENFORCE_REG_DWORD",
            "presentationId": "windows:Registry/windef:MachineSettings:CTLs"
          }
        ],
        "categoryPath": [
          "windows:Registry",
          "windef:MachineSettings"
        ],
        "hasLgpo": true
      },
      {
        "state": "enabled",
        "name": "FVE_NKP CTLs",
        "kvps": [
          {
            "key": "Software\\Policies\\Microsoft\\SystemCertificates\\FVE_NKP\\CTLs",
            "valueName": "Enabled",
            "value": "1",
            "delete": false,
            "lgpoType": "ENFORCE_REG_DWORD",
            "presentationId": "windows:Registry/windef:MachineSettings:CRLs"
          }
        ],
        "categoryPath": [
          "windows:Registry",
          "windef:MachineSettings"
        ],
        "hasLgpo": true
      },
      {
        "state": "enabled",
        "name": "Root CRLs",
        "kvps": [
          {
            "key": "Software\\Policies\\Microsoft\\SystemCertificates\\Root\\CRLs",
            "valueName": "Enabled",
            "value": "1",
            "delete": false,
            "lgpoType": "ENFORCE_REG_DWORD",
            "presentationId": "windows:Registry/windef:MachineSettings:Certificates"
          }
        ],
        "categoryPath": [
          "windows:Registry",
          "windef:MachineSettings"
        ],
        "hasLgpo": true
      },
      {
        "state": "enabled",
        "name": "Trust Certificates",
        "kvps": [
          {
            "key": "Software\\Policies\\Microsoft\\SystemCertificates\\Root\\Certificates",
            "valueName": "Enabled",
            "value": "1",
            "delete": false,
            "lgpoType": "ENFORCE_REG_DWORD",
            "presentationId": "windows:Registry/windef:MachineSettings:CTLs"
          }
        ],
        "categoryPath": [
          "windows:Registry",
          "windef:MachineSettings"
        ],
        "hasLgpo": true
      },
      {
        "state": "enabled",
        "name": "Trust CTLs",
        "kvps": [
          {
            "key": "Software\\Policies\\Microsoft\\SystemCertificates\\Trust\\CTLs",
            "valueName": "Enabled",
            "value": "1",
            "delete": false,
            "lgpoType": "ENFORCE_REG_DWORD",
            "presentationId": "windows:Registry/windef:MachineSettings:CRLs"
          }
        ],
        "categoryPath": [
          "windows:Registry",
          "windef:MachineSettings"
        ],
        "hasLgpo": true
      },
      {
        "state": "enabled",
        "name": "TrustedPeople CRLs",
        "kvps": [
          {
            "key": "Software\\Policies\\Microsoft\\SystemCertificates\\TrustedPeople\\CRLs",
            "valueName": "Enabled",
            "value": "1",
            "delete": false,
            "lgpoType": "ENFORCE_REG_DWORD",
            "presentationId": "windows:Registry/windef:MachineSettings:Certificates"
          }
        ],
        "categoryPath": [
          "windows:Registry",
          "windef:MachineSettings"
        ],
        "hasLgpo": true
      },
      {
        "state": "enabled",
        "name": "TrustedPublisher Certificates",
        "kvps": [
          {
            "key": "Software\\Policies\\Microsoft\\SystemCertificates\\TrustedPublisher\\Certificates",
            "valueName": "Enabled",
            "value": "1",
            "delete": false,
            "lgpoType": "ENFORCE_REG_DWORD",
            "presentationId": "windows:Registry/windef:MachineSettings:CTLs"
          }
        ],
        "categoryPath": [
          "windows:Registry",
          "windef:MachineSettings"
        ],
        "hasLgpo": true
      },
      {
        "state": "enabled",
        "name": "TrustedPublisher CTLs",
        "kvps": [
          {
            "key": "Software\\Policies\\Microsoft\\SystemCertificates\\TrustedPublisher\\CTLs",
            "valueName": "Enabled",
            "value": "1",
            "delete": false,
            "lgpoType": "ENFORCE_REG_DWORD",
            "presentationId": "windows:Registry/windef:MachineSettings:CRLs"
          }
        ],
        "categoryPath": [
          "windows:Registry",
          "windef:MachineSettings"
        ],
        "hasLgpo": true
      },
      {
        "state": "enabled",
        "name": "WindowsUpdate AU",
        "kvps": [
          {
            "key": "Software\\Policies\\Microsoft\\Windows\\WindowsUpdate",
            "valueName": "AU",
            "value": "\u0004",
            "delete": false,
            "lgpoType": "ENFORCE_REG_SZ",
            "presentationId": "windows:Registry/windef:MachineSettings:WindowsUpdate"
          }
        ],
        "categoryPath": [
          "windows:Registry",
          "windef:MachineSettings"
        ],
        "hasLgpo": true
      },
      {
        "state": "enabled",
        "name": "Windows NT DNSClient",
        "kvps": [
          {
            "key": "Software\\Policies\\Microsoft\\Windows NT\\DNSClient",
            "valueName": "Enabled",
            "value": "\u0001",
            "delete": false,
            "lgpoType": "ENFORCE_REG_SZ",
            "presentationId": "windows:Registry/windef:MachineSettings:DNSClient"
          }
        ],
        "categoryPath": [
          "windows:Registry",
          "windef:MachineSettings"
        ],
        "hasLgpo": true
      },
      {
        "state": "enabled",
        "name": "DomainProfile GloballyOpenPorts",
        "kvps": [
          {
            "key": "Software\\Policies\\Microsoft\\WindowsFirewall\\DomainProfile",
            "valueName": "GloballyOpenPorts",
            "value": "\u0004",
            "delete": false,
            "lgpoType": "ENFORCE_REG_SZ",
            "presentationId": "windows:Registry/windef:MachineSettings:DomainProfile"
          }
        ],
        "categoryPath": [
          "windows:Registry",
          "windef:MachineSettings"
        ],
        "hasLgpo": true
      },
      {
        "state": "enabled",
        "name": "GloballyOpenPorts List",
        "kvps": [
          {
            "key": "Software\\Policies\\Microsoft\\WindowsFirewall\\DomainProfile\\GloballyOpenPorts\\List",
            "valueName": "Enabled",
            "value": "\u0001",
            "delete": false,
            "lgpoType": "ENFORCE_REG_SZ",
            "presentationId": "windows:Registry/windef:MachineSettings:List"
          }
        ],
        "categoryPath": [
          "windows:Registry",
          "windef:MachineSettings"
        ],
        "hasLgpo": true
      },
      {
        "state": "enabled",
        "name": "ACRS Certificates",
        "kvps": [
          {
            "key": "Software\\Policies\\Microsoft\\SystemCertificates\\ACRS\\Certificates",
            "valueName": "Enabled",
            "value": "1",
            "delete": false,
            "lgpoType": "ENFORCE_REG_DWORD",
            "presentationId": "windows:Registry/windef:UserSettings:ACRSCertificates"
          }
        ],
        "categoryPath": [
          "windows:Registry",
          "windef:UserSettings"
        ],
        "hasLgpo": true
      },
      {
        "state": "enabled",
        "name": "ACRS CRLs",
        "kvps": [
          {
            "key": "Software\\Policies\\Microsoft\\SystemCertificates\\ACRS\\CRLs",
            "valueName": "Enabled",
            "value": "1",
            "delete": false,
            "lgpoType": "ENFORCE_REG_DWORD",
            "presentationId": "windows:Registry/windef:UserSettings:ACRSCRLs"
          }
        ],
        "categoryPath": [
          "windows:Registry",
          "windef:UserSettings"
        ],
        "hasLgpo": true
      },
      {
        "state": "enabled",
        "name": "CTLs CRLs",
        "kvps": [
          {
            "key": "Software\\Policies\\Microsoft\\SystemCertificates\\CTLs\\CRLs",
            "valueName": "Enabled",
            "value": "1",
            "delete": false,
            "lgpoType": "ENFORCE_REG_DWORD",
            "presentationId": "windows:Registry/windef:UserSettings:CTLsCRLs"
          }
        ],
        "categoryPath": [
          "windows:Registry",
          "windef:UserSettings"
        ],
        "hasLgpo": true
      },
      {
        "state": "enabled",
        "name": "CTLs CTLs",
        "kvps": [
          {
            "key": "Software\\Policies\\Microsoft\\SystemCertificates\\CTLs\\CTLs",
            "valueName": "Enabled",
            "value": "1",
            "delete": false,
            "lgpoType": "ENFORCE_REG_DWORD",
            "presentationId": "windows:Registry/windef:UserSettings:CTLsCTLs"
          }
        ],
        "categoryPath": [
          "windows:Registry",
          "windef:UserSettings"
        ],
        "hasLgpo": true
      },
      {
        "state": "enabled",
        "name": "CA Certificates",
        "kvps": [
          {
            "key": "Software\\Policies\\Microsoft\\SystemCertificates\\CA\\Certificates",
            "valueName": "Enabled",
            "value": "1",
            "delete": false,
            "lgpoType": "ENFORCE_REG_DWORD",
            "presentationId": "windows:Registry/windef:UserSettings:CACertificates"
          }
        ],
        "categoryPath": [
          "windows:Registry",
          "windef:UserSettings"
        ],
        "hasLgpo": true
      },
      {
        "state": "enabled",
        "name": "CA CRLs",
        "kvps": [
          {
            "key": "Software\\Policies\\Microsoft\\SystemCertificates\\CA\\CRLs",
            "valueName": "Enabled",
            "value": "1",
            "delete": false,
            "lgpoType": "ENFORCE_REG_DWORD",
            "presentationId": "windows:Registry/windef:UserSettings:CACRLs"
          }
        ],
        "categoryPath": [
          "windows:Registry",
          "windef:UserSettings"
        ],
        "hasLgpo": true
      },
      {
        "state": "enabled",
        "name": "Disallowed CTLs",
        "kvps": [
          {
            "key": "Software\\Policies\\Microsoft\\SystemCertificates\\Disallowed\\CTLs",
            "valueName": "Enabled",
            "value": "1",
            "delete": false,
            "lgpoType": "ENFORCE_REG_DWORD",
            "presentationId": "windows:Registry/windef:UserSettings:DisallowedCTLs"
          }
        ],
        "categoryPath": [
          "windows:Registry",
          "windef:UserSettings"
        ],
        "hasLgpo": true
      },
      {
        "state": "enabled",
        "name": "DPNGRA Certificates",
        "kvps": [
          {
            "key": "Software\\Policies\\Microsoft\\SystemCertificates\\DPNGRA\\Certificates",
            "valueName": "Enabled",
            "value": "1",
            "delete": false,
            "lgpoType": "ENFORCE_REG_DWORD",
            "presentationId": "windows:Registry/windef:UserSettings:DPNGRACertificates"
          }
        ],
        "categoryPath": [
          "windows:Registry",
          "windef:UserSettings"
        ],
        "hasLgpo": true
      },
      {
        "state": "enabled",
        "name": "DPNGRA CRLs",
        "kvps": [
          {
            "key": "Software\\Policies\\Microsoft\\SystemCertificates\\DPNGRA\\CRLs",
            "valueName": "Enabled",
            "value": "1",
            "delete": false,
            "lgpoType": "ENFORCE_REG_DWORD",
            "presentationId": "windows:Registry/windef:UserSettings:DPNGRACRLs"
          }
        ],
        "categoryPath": [
          "windows:Registry",
          "windef:UserSettings"
        ],
        "hasLgpo": true
      },
      {
        "state": "enabled",
        "name": "FVE CTLs",
        "kvps": [
          {
            "key": "Software\\Policies\\Microsoft\\SystemCertificates\\FVE\\CTLs",
            "valueName": "Enabled",
            "value": "1",
            "delete": false,
            "lgpoType": "ENFORCE_REG_DWORD",
            "presentationId": "windows:Registry/windef:UserSettings:FVECTLs"
          }
        ],
        "categoryPath": [
          "windows:Registry",
          "windef:UserSettings"
        ],
        "hasLgpo": true
      },
      {
        "state": "enabled",
        "name": "FVE_NKP Certificates",
        "kvps": [
          {
            "key": "Software\\Policies\\Microsoft\\SystemCertificates\\FVE_NKP\\Certificates",
            "valueName": "Enabled",
            "value": "1",
            "delete": false,
            "lgpoType": "ENFORCE_REG_DWORD",
            "presentationId": "windows:Registry/windef:UserSettings:FVE_NKPCertificates"
          }
        ],
        "categoryPath": [
          "windows:Registry",
          "windef:UserSettings"
        ],
        "hasLgpo": true
      },
      {
        "state": "enabled",
        "name": "FVE_NKP CRLs",
        "kvps": [
          {
            "key": "Software\\Policies\\Microsoft\\SystemCertificates\\FVE_NKP\\CRLs",
            "valueName": "Enabled",
            "value": "1",
            "delete": false,
            "lgpoType": "ENFORCE_REG_DWORD",
            "presentationId": "windows:Registry/windef:UserSettings:FVE_NKPCRLs"
          }
        ],
        "categoryPath": [
          "windows:Registry",
          "windef:UserSettings"
        ],
        "hasLgpo": true
      },
      {
        "state": "enabled",
        "name": "Root CTLs",
        "kvps": [
          {
            "key": "Software\\Policies\\Microsoft\\SystemCertificates\\Root\\CTLs",
            "valueName": "Enabled",
            "value": "1",
            "delete": false,
            "lgpoType": "ENFORCE_REG_DWORD",
            "presentationId": "windows:Registry/windef:UserSettings:RootCTLs"
          }
        ],
        "categoryPath": [
          "windows:Registry",
          "windef:UserSettings"
        ],
        "hasLgpo": true
      },
      {
        "state": "enabled",
        "name": "Trust Certificates",
        "kvps": [
          {
            "key": "Software\\Policies\\Microsoft\\SystemCertificates\\Trust\\Certificates",
            "valueName": "Enabled",
            "value": "1",
            "delete": false,
            "lgpoType": "ENFORCE_REG_DWORD",
            "presentationId": "windows:Registry/windef:UserSettings:TrustCertificates"
          }
        ],
        "categoryPath": [
          "windows:Registry",
          "windef:UserSettings"
        ],
        "hasLgpo": true
      },
      {
        "state": "enabled",
        "name": "Trust CRLs",
        "kvps": [
          {
            "key": "Software\\Policies\\Microsoft\\SystemCertificates\\Trust\\CRLs",
            "valueName": "Enabled",
            "value": "1",
            "delete": false,
            "lgpoType": "ENFORCE_REG_DWORD",
            "presentationId": "windows:Registry/windef:UserSettings:TrustCRLs"
          }
        ],
        "categoryPath": [
          "windows:Registry",
          "windef:UserSettings"
        ],
        "hasLgpo": true
      },
      {
        "state": "enabled",
        "name": "TrustedPeople Certificates",
        "kvps": [
          {
            "key": "Software\\Policies\\Microsoft\\SystemCertificates\\TrustedPeople\\Certificates",
            "valueName": "Enabled",
            "value": "1",
            "delete": false,
            "lgpoType": "ENFORCE_REG_DWORD",
            "presentationId": "windows:Registry/windef:UserSettings:TrustedPeopleCertificates"
          }
        ],
        "categoryPath": [
          "windows:Registry",
          "windef:UserSettings"
        ],
        "hasLgpo": true
      },
      {
        "state": "enabled",
        "name": "TrustedPeople CTLs",
        "kvps": [
          {
            "key": "Software\\Policies\\Microsoft\\SystemCertificates\\TrustedPeople\\CTLs",
            "valueName": "Enabled",
            "value": "1",
            "delete": false,
            "lgpoType": "ENFORCE_REG_DWORD",
            "presentationId": "windows:Registry/windef:UserSettings:TrustedPeopleCTLs"
          }
        ],
        "categoryPath": [
          "windows:Registry",
          "windef:UserSettings"
        ],
        "hasLgpo": true
      },
      {
        "state": "enabled",
        "name": "TrustedPublisher CRLs",
        "kvps": [
          {
            "key": "Software\\Policies\\Microsoft\\SystemCertificates\\TrustedPublisher\\CRLs",
            "valueName": "Enabled",
            "value": "1",
            "delete": false,
            "lgpoType": "ENFORCE_REG_DWORD",
            "presentationId": "windows:Registry/windef:UserSettings:TrustedPublisherCRLs"
          }
        ],
        "categoryPath": [
          "windows:Registry",
          "windef:UserSettings"
        ],
        "hasLgpo": true
      }
    ],
    "useManagedDefinitions": false
  },
  "isTemplate": false,
  "priorityPool": 3,
  "type": {
    "id": 0,
    "name": "admxMachine",
    "initialContentSetName": "Enforce Windows",
    "policyTypeContentSetName": "Enforce Windows Machine Administrative Templates",
    "operatingSystem": "Windows",
    "policyClass": "machine",
    "endpointType": "cx",
    "readPrivilege": "enforce policy read",
    "writePrivilege": "enforce policy write",
    "contentSetId": 105,
    "policyTypeContentSetId": 276
  },
  "hasEnforcements": false,
  "taniumUsername": null,
  "taniumUpdatedUsername": null,
  "policySource": "standard"
}