{
  "id": null,
  "created_at": null,
  "updated_at": null,
  "deletedAt": null,
  "taniumUserId": null,
  "updatedByTaniumUserId": null,
  "changeType": "created",
  "contentSetId": 105,
  "name": "DEM Config - Commercial",
  "description": "Converted from GPO: DEM Config - Commercial ([object Object])",
  "version": 1,
  "priority": 7,
  "typeId": 0,
  "data": {
    "policyItems": [
      {
        "state": "enabled",
        "name": "Registry Setting - [Software\\Policies\\Immidio\\Flex Profiles\\Arguments",
        "kvps": [
          {
            "key": "Software\\Policies\\Immidio\\Flex Profiles\\Arguments;IniFilePath;\u0002;B;\\\\svdemcom01\\configShare\\General",
            "valueName": "[Software\\Policies\\Immidio\\Flex Profiles\\Arguments",
            "value": "\u0004",
            "delete": false,
            "lgpoType": "ENFORCE_REG_SZ",
            "presentationId": "User:Software\\Policies\\Immidio\\Flex Profiles\\Arguments;IniFilePath;\u0002;B;\\\\svdemcom01\\configShare\\General:[Software\\Policies\\Immidio\\Flex Profiles\\Arguments"
          }
        ],
        "categoryPath": [
          "windows:Registry",
          "windef:UserSettings"
        ],
        "hasLgpo": true
      },
      {
        "state": "enabled",
        "name": "Registry Setting - [Software\\Policies\\Immidio\\Flex Profiles\\Arguments",
        "kvps": [
          {
            "key": "Software\\Policies\\Immidio\\Flex Profiles\\Arguments;GPClientSideExtension;\u0004;\u0004;\u0001",
            "valueName": "[Software\\Policies\\Immidio\\Flex Profiles\\Arguments",
            "value": "\u0002",
            "delete": false,
            "lgpoType": "ENFORCE_REG_SZ",
            "presentationId": "User:Software\\Policies\\Immidio\\Flex Profiles\\Arguments;GPClientSideExtension;\u0004;\u0004;\u0001:[Software\\Policies\\Immidio\\Flex Profiles\\Arguments"
          }
        ],
        "categoryPath": [
          "windows:Registry",
          "windef:UserSettings"
        ],
        "hasLgpo": true
      },
      {
        "state": "enabled",
        "name": "Registry Setting - [Software\\Policies\\Immidio\\Flex Profiles\\Arguments",
        "kvps": [
          {
            "key": "Software\\Policies\\Immidio\\Flex Profiles\\Arguments;**del.HideBackupFolder;\u0001;\u0004; ",
            "valueName": "[Software\\Policies\\Immidio\\Flex Profiles\\Arguments",
            "value": "\u0004",
            "delete": false,
            "lgpoType": "ENFORCE_REG_SZ",
            "presentationId": "User:Software\\Policies\\Immidio\\Flex Profiles\\Arguments;**del.HideBackupFolder;\u0001;\u0004; :[Software\\Policies\\Immidio\\Flex Profiles\\Arguments"
          }
        ],
        "categoryPath": [
          "windows:Registry",
          "windef:UserSettings"
        ],
        "hasLgpo": true
      },
      {
        "state": "enabled",
        "name": "Registry Setting - [Software\\Policies\\Immidio\\Flex Profiles\\Arguments",
        "kvps": [
          {
            "key": "Software\\Policies\\Immidio\\Flex Profiles\\Arguments;**del.BackupDaily;\u0001;\u0004; ",
            "valueName": "[Software\\Policies\\Immidio\\Flex Profiles\\Arguments",
            "value": "\u0002",
            "delete": false,
            "lgpoType": "ENFORCE_REG_SZ",
            "presentationId": "User:Software\\Policies\\Immidio\\Flex Profiles\\Arguments;**del.BackupDaily;\u0001;\u0004; :[Software\\Policies\\Immidio\\Flex Profiles\\Arguments"
          }
        ],
        "categoryPath": [
          "windows:Registry",
          "windef:UserSettings"
        ],
        "hasLgpo": true
      },
      {
        "state": "enabled",
        "name": "Registry Setting - [Software\\Policies\\Immidio\\Flex Profiles\\Arguments",
        "kvps": [
          {
            "key": "Software\\Policies\\Immidio\\Flex Profiles\\Arguments;**del.HideProfileArchiveFolder;\u0001;\u0004; ",
            "valueName": "[Software\\Policies\\Immidio\\Flex Profiles\\Arguments",
            "value": "\u0004",
            "delete": false,
            "lgpoType": "ENFORCE_REG_SZ",
            "presentationId": "User:Software\\Policies\\Immidio\\Flex Profiles\\Arguments;**del.HideProfileArchiveFolder;\u0001;\u0004; :[Software\\Policies\\Immidio\\Flex Profiles\\Arguments"
          }
        ],
        "categoryPath": [
          "windows:Registry",
          "windef:UserSettings"
        ],
        "hasLgpo": true
      },
      {
        "state": "enabled",
        "name": "Registry Setting - [Software\\Policies\\Immidio\\Flex Profiles\\Arguments",
        "kvps": [
          {
            "key": "Software\\Policies\\Immidio\\Flex Profiles\\Arguments;RestoreLastModified;\u0004;\u0004;\u0001",
            "valueName": "[Software\\Policies\\Immidio\\Flex Profiles\\Arguments",
            "value": "\u0002",
            "delete": false,
            "lgpoType": "ENFORCE_REG_SZ",
            "presentationId": "User:Software\\Policies\\Immidio\\Flex Profiles\\Arguments;RestoreLastModified;\u0004;\u0004;\u0001:[Software\\Policies\\Immidio\\Flex Profiles\\Arguments"
          }
        ],
        "categoryPath": [
          "windows:Registry",
          "windef:UserSettings"
        ],
        "hasLgpo": true
      },
      {
        "state": "enabled",
        "name": "Registry Setting - [Software\\Policies\\Immidio\\Flex Profiles\\Arguments",
        "kvps": [
          {
            "key": "Software\\Policies\\Immidio\\Flex Profiles\\Arguments;LogLevel;\u0004;\u0004;\u0002",
            "valueName": "[Software\\Policies\\Immidio\\Flex Profiles\\Arguments",
            "value": "\u0004",
            "delete": false,
            "lgpoType": "ENFORCE_REG_SZ",
            "presentationId": "User:Software\\Policies\\Immidio\\Flex Profiles\\Arguments;LogLevel;\u0004;\u0004;\u0002:[Software\\Policies\\Immidio\\Flex Profiles\\Arguments"
          }
        ],
        "categoryPath": [
          "windows:Registry",
          "windef:UserSettings"
        ],
        "hasLgpo": true
      }
    ],
    "useManagedDefinitions": false
  },
  "isTemplate": false,
  "priorityPool": 3,
  "type": {
    "id": 0,
    "name": "admxMachine",
    "initialContentSetName": "Enforce Windows",
    "policyTypeContentSetName": "Enforce Windows Machine Administrative Templates",
    "operatingSystem": "Windows",
    "policyClass": "machine",
    "endpointType": "cx",
    "readPrivilege": "enforce policy read",
    "writePrivilege": "enforce policy write",
    "contentSetId": 105,
    "policyTypeContentSetId": 276
  },
  "hasEnforcements": false,
  "taniumUsername": null,
  "taniumUpdatedUsername": null,
  "policySource": "standard"
}