{
  "id": null,
  "created_at": "2025-02-18T16:52:04.583Z",
  "updated_at": "2025-02-18T16:52:04.583Z",
  "deletedAt": null,
  "taniumUserId": 562,
  "updatedByTaniumUserId": 562,
  "changeType": "created",
  "contentSetId": 105,
  "name": "DEM Config - Export",
  "description": "Converted from GPO: DEM Config - Export (E68FD46F-F9B9-4AAB-9556-8AF9AF3C1845)",
  "version": 1,
  "priority": 202,
  "typeId": 0,
  "data": {
    "policyItems": [
      {
        "state": "enabled",
        "name": "Flex Profiles Arguments",
        "kvps": [
          {
            "key": "Software\\Policies\\Immidio\\Flex Profiles\\Arguments",
            "valueName": "Enabled",
            "value": "\u0004",
            "delete": false,
            "lgpoType": "ENFORCE_REG_SZ",
            "presentationId": "windows:registry/windef:usersettings:arguments"
          }
        ],
        "categoryPath": [
          "windows:Registry",
          "windef:UserSettings",
          "Flex Profiles"
        ],
        "hasLgpo": true
      }
    ],
    "useManagedDefinitions": false
  },
  "isTemplate": false,
  "priorityPool": 3,
  "type": {
    "id": 0,
    "name": "admxMachine",
    "initialContentSetName": "Enforce Windows",
    "policyTypeContentSetName": "Enforce Windows Machine Administrative Templates",
    "operatingSystem": "Windows",
    "policyClass": "machine",
    "endpointType": "cx",
    "readPrivilege": "enforce policy read",
    "writePrivilege": "enforce policy write",
    "contentSetId": 105,
    "policyTypeContentSetId": 276
  },
  "hasEnforcements": false,
  "taniumUsername": "jessewyatt",
  "taniumUpdatedUsername": "jessewyatt",
  "policySource": "standard"
}