{
  "id": null,
  "created_at": "2025-02-18T17:31:23.158Z",
  "updated_at": "2025-02-18T17:31:23.158Z",
  "deletedAt": null,
  "taniumUserId": 562,
  "updatedByTaniumUserId": 562,
  "changeType": "created",
  "contentSetId": 105,
  "name": "GPO - AVD-Computer-Config-Update",
  "description": "Converted from GPO: AVD-Computer-Config-Update (1853F9B8-508A-4E1C-B415-D3BB900CF3A2)",
  "version": 1,
  "priority": 210,
  "typeId": 0,
  "data": {
    "policyItems": [
      {
        "state": "enabled",
        "name": "Allow Automatic Updates immediate installation",
        "kvps": [
          {
            "key": "Software\\Policies\\Microsoft\\Windows",
            "valueName": "AllowAutomaticUpdatesimmediateinstallation",
            "value": 1,
            "delete": false,
            "lgpoType": "ENFORCE_REG_DWORD",
            "presentationId": "windows:windowscomponents/windef:windowsupdate/windef:legacypolicies:windows"
          }
        ],
        "categoryPath": [
          "windows:WindowsComponents",
          "windef:windowsupdate",
          "windef:legacypolicies"
        ],
        "hasLgpo": true
      },
      {
        "state": "disabled",
        "name": "Allow non-administrators to receive update notifications",
        "kvps": [
          {
            "key": "Software\\Policies\\Microsoft\\Windows",
            "valueName": "Allownonadministratorstoreceiveupdatenotifications",
            "value": 1,
            "delete": false,
            "lgpoType": "ENFORCE_REG_DWORD",
            "presentationId": "windows:windowscomponents/windef:windowsupdate/windef:legacypolicies:windows"
          }
        ],
        "categoryPath": [
          "windows:WindowsComponents",
          "windef:windowsupdate",
          "windef:legacypolicies"
        ],
        "hasLgpo": true
      },
      {
        "state": "enabled",
        "name": "Remove access to use all Windows Update features",
        "kvps": [
          {
            "key": "Software\\Policies\\Microsoft\\Windows",
            "valueName": "RemoveaccesstouseallWindowsUpdatefeatures",
            "value": 1,
            "delete": false,
            "lgpoType": "ENFORCE_REG_DWORD",
            "presentationId": "windows:windowscomponents/windef:windowsupdate/windef:manageenduserexperience:windows"
          }
        ],
        "categoryPath": [
          "windows:WindowsComponents",
          "windef:windowsupdate",
          "windef:manageenduserexperience"
        ],
        "hasLgpo": true
      },
      {
        "state": "enabled",
        "name": "Windows WindowsUpdate",
        "kvps": [
          {
            "key": "Software\\Policies\\Microsoft\\Windows\\WindowsUpdate",
            "valueName": "Enabled",
            "value": "\u0004",
            "delete": false,
            "lgpoType": "ENFORCE_REG_SZ",
            "presentationId": "windows:registry/windef:machinesettings:windowsupdate"
          }
        ],
        "categoryPath": [
          "windows:Registry",
          "windef:MachineSettings",
          "Windows"
        ],
        "hasLgpo": true
      }
    ],
    "useManagedDefinitions": false
  },
  "isTemplate": false,
  "priorityPool": 3,
  "type": {
    "id": 0,
    "name": "admxMachine",
    "initialContentSetName": "Enforce Windows",
    "policyTypeContentSetName": "Enforce Windows Machine Administrative Templates",
    "operatingSystem": "Windows",
    "policyClass": "machine",
    "endpointType": "cx",
    "readPrivilege": "enforce policy read",
    "writePrivilege": "enforce policy write",
    "contentSetId": 105,
    "policyTypeContentSetId": 276
  },
  "hasEnforcements": false,
  "taniumUsername": "jessewyatt",
  "taniumUpdatedUsername": "jessewyatt",
  "policySource": "standard"
}