{
  "id": null,
  "created_at": "2025-02-18T17:39:48.247Z",
  "updated_at": "2025-02-18T17:39:48.247Z",
  "deletedAt": null,
  "taniumUserId": 562,
  "updatedByTaniumUserId": 562,
  "changeType": "created",
  "contentSetId": 105,
  "name": "GPO - CyberArk PVWA hardening 11.7",
  "description": "Converted from GPO: CyberArk PVWA hardening 11.7 (F93A3FB0-3B70-48B7-AF07-276CEEE16374)",
  "version": 1,
  "priority": 180,
  "typeId": 0,
  "data": {
    "policyItems": [
      {
        "state": "disabled",
        "name": "Windows Defender Firewall: Allow ICMP exceptions",
        "kvps": [
          {
            "key": "Software\\Policies\\Microsoft\\Windows\\Network",
            "valueName": "WindowsDefenderFirewallAllowICMPexceptions",
            "value": 1,
            "delete": false,
            "lgpoType": "ENFORCE_REG_DWORD",
            "presentationId": "windows:network/windef:networkconnections/windef:windowsdefenderfirewall/windef:domainprofile:network"
          }
        ],
        "categoryPath": [
          "windows:Network",
          "windef:networkconnections",
          "windef:windowsdefenderfirewall",
          "windef:domainprofile"
        ],
        "hasLgpo": true
      },
      {
        "state": "enabled",
        "name": "Windows Defender Firewall: Allow inbound Remote Desktop exceptions",
        "kvps": [
          {
            "key": "Software\\Policies\\Microsoft\\Windows\\Network",
            "valueName": "WindowsDefenderFirewallAllowinboundRemoteDesktopexceptions",
            "value": 1,
            "delete": false,
            "lgpoType": "ENFORCE_REG_DWORD",
            "presentationId": "windows:network/windef:networkconnections/windef:windowsdefenderfirewall/windef:domainprofile:network"
          }
        ],
        "categoryPath": [
          "windows:Network",
          "windef:networkconnections",
          "windef:windowsdefenderfirewall",
          "windef:domainprofile"
        ],
        "hasLgpo": true
      },
      {
        "state": "disabled",
        "name": "Windows Defender Firewall: Allow inbound UPnP framework exceptions",
        "kvps": [
          {
            "key": "Software\\Policies\\Microsoft\\Windows\\Network",
            "valueName": "WindowsDefenderFirewallAllowinboundUPnPframeworkexceptions",
            "value": 1,
            "delete": false,
            "lgpoType": "ENFORCE_REG_DWORD",
            "presentationId": "windows:network/windef:networkconnections/windef:windowsdefenderfirewall/windef:domainprofile:network"
          }
        ],
        "categoryPath": [
          "windows:Network",
          "windef:networkconnections",
          "windef:windowsdefenderfirewall",
          "windef:domainprofile"
        ],
        "hasLgpo": true
      },
      {
        "state": "disabled",
        "name": "Windows Defender Firewall: Allow local port exceptions",
        "kvps": [
          {
            "key": "Software\\Policies\\Microsoft\\Windows\\Network",
            "valueName": "WindowsDefenderFirewallAllowlocalportexceptions",
            "value": 1,
            "delete": false,
            "lgpoType": "ENFORCE_REG_DWORD",
            "presentationId": "windows:network/windef:networkconnections/windef:windowsdefenderfirewall/windef:domainprofile:network"
          }
        ],
        "categoryPath": [
          "windows:Network",
          "windef:networkconnections",
          "windef:windowsdefenderfirewall",
          "windef:domainprofile"
        ],
        "hasLgpo": true
      },
      {
        "state": "disabled",
        "name": "Windows Defender Firewall: Allow local program exceptions",
        "kvps": [
          {
            "key": "Software\\Policies\\Microsoft\\Windows\\Network",
            "valueName": "WindowsDefenderFirewallAllowlocalprogramexceptions",
            "value": 1,
            "delete": false,
            "lgpoType": "ENFORCE_REG_DWORD",
            "presentationId": "windows:network/windef:networkconnections/windef:windowsdefenderfirewall/windef:domainprofile:network"
          }
        ],
        "categoryPath": [
          "windows:Network",
          "windef:networkconnections",
          "windef:windowsdefenderfirewall",
          "windef:domainprofile"
        ],
        "hasLgpo": true
      },
      {
        "state": "enabled",
        "name": "Windows Defender Firewall: Define inbound port exceptions",
        "kvps": [
          {
            "key": "Software\\Policies\\Microsoft\\Windows\\Network",
            "valueName": "WindowsDefenderFirewallDefineinboundportexceptions",
            "value": 1,
            "delete": false,
            "lgpoType": "ENFORCE_REG_DWORD",
            "presentationId": "windows:network/windef:networkconnections/windef:windowsdefenderfirewall/windef:domainprofile:network"
          }
        ],
        "categoryPath": [
          "windows:Network",
          "windef:networkconnections",
          "windef:windowsdefenderfirewall",
          "windef:domainprofile"
        ],
        "hasLgpo": true
      },
      {
        "state": "enabled",
        "name": "Windows Defender Firewall: Define inbound program exceptions",
        "kvps": [
          {
            "key": "Software\\Policies\\Microsoft\\Windows\\Network",
            "valueName": "WindowsDefenderFirewallDefineinboundprogramexceptions",
            "value": 1,
            "delete": false,
            "lgpoType": "ENFORCE_REG_DWORD",
            "presentationId": "windows:network/windef:networkconnections/windef:windowsdefenderfirewall/windef:domainprofile:network"
          }
        ],
        "categoryPath": [
          "windows:Network",
          "windef:networkconnections",
          "windef:windowsdefenderfirewall",
          "windef:domainprofile"
        ],
        "hasLgpo": true
      },
      {
        "state": "disabled",
        "name": "Windows Defender Firewall: Prohibit unicast response to multicast or broadcast requests",
        "kvps": [
          {
            "key": "Software\\Policies\\Microsoft\\Windows\\Network",
            "valueName": "WindowsDefenderFirewallProhibitunicastresponsetomulticastorbroadcastrequests",
            "value": 1,
            "delete": false,
            "lgpoType": "ENFORCE_REG_DWORD",
            "presentationId": "windows:network/windef:networkconnections/windef:windowsdefenderfirewall/windef:domainprofile:network"
          }
        ],
        "categoryPath": [
          "windows:Network",
          "windef:networkconnections",
          "windef:windowsdefenderfirewall",
          "windef:domainprofile"
        ],
        "hasLgpo": true
      },
      {
        "state": "enabled",
        "name": "Windows Defender Firewall: Protect all network connections",
        "kvps": [
          {
            "key": "Software\\Policies\\Microsoft\\Windows\\Network",
            "valueName": "WindowsDefenderFirewallProtectallnetworkconnections",
            "value": 1,
            "delete": false,
            "lgpoType": "ENFORCE_REG_DWORD",
            "presentationId": "windows:network/windef:networkconnections/windef:windowsdefenderfirewall/windef:domainprofile:network"
          }
        ],
        "categoryPath": [
          "windows:Network",
          "windef:networkconnections",
          "windef:windowsdefenderfirewall",
          "windef:domainprofile"
        ],
        "hasLgpo": true
      },
      {
        "state": "disabled",
        "name": "Automatic reconnection",
        "kvps": [
          {
            "key": "Software\\Policies\\Microsoft\\Windows",
            "valueName": "Automaticreconnection",
            "value": 1,
            "delete": false,
            "lgpoType": "ENFORCE_REG_DWORD",
            "presentationId": "windows:windowscomponents/windef:remotedesktopservices/windef:remotedesktopsessionhost/windef:connections:windows"
          }
        ],
        "categoryPath": [
          "windows:WindowsComponents",
          "windef:remotedesktopservices",
          "windef:remotedesktopsessionhost",
          "windef:connections"
        ],
        "hasLgpo": true
      },
      {
        "state": "enabled",
        "name": "Configure keep-alive connection interval",
        "kvps": [
          {
            "key": "Software\\Policies\\Microsoft\\Windows",
            "valueName": "Configurekeepaliveconnectioninterval",
            "value": 1,
            "delete": false,
            "lgpoType": "ENFORCE_REG_DWORD",
            "presentationId": "windows:windowscomponents/windef:remotedesktopservices/windef:remotedesktopsessionhost/windef:connections:windows"
          }
        ],
        "categoryPath": [
          "windows:WindowsComponents",
          "windef:remotedesktopservices",
          "windef:remotedesktopsessionhost",
          "windef:connections"
        ],
        "hasLgpo": true
      },
      {
        "state": "enabled",
        "name": "Deny logoff of an administrator logged in to the console session",
        "kvps": [
          {
            "key": "Software\\Policies\\Microsoft\\Windows",
            "valueName": "Denylogoffofanadministratorloggedintotheconsolesession",
            "value": 1,
            "delete": false,
            "lgpoType": "ENFORCE_REG_DWORD",
            "presentationId": "windows:windowscomponents/windef:remotedesktopservices/windef:remotedesktopsessionhost/windef:connections:windows"
          }
        ],
        "categoryPath": [
          "windows:WindowsComponents",
          "windef:remotedesktopservices",
          "windef:remotedesktopsessionhost",
          "windef:connections"
        ],
        "hasLgpo": true
      },
      {
        "state": "enabled",
        "name": "Set rules for remote control of Remote Desktop Services user sessions",
        "kvps": [
          {
            "key": "Software\\Policies\\Microsoft\\Windows",
            "valueName": "SetrulesforremotecontrolofRemoteDesktopServicesusersessions",
            "value": 1,
            "delete": false,
            "lgpoType": "ENFORCE_REG_DWORD",
            "presentationId": "windows:windowscomponents/windef:remotedesktopservices/windef:remotedesktopsessionhost/windef:connections:windows"
          }
        ],
        "categoryPath": [
          "windows:WindowsComponents",
          "windef:remotedesktopservices",
          "windef:remotedesktopsessionhost",
          "windef:connections"
        ],
        "hasLgpo": true
      },
      {
        "state": "enabled",
        "name": "Do not allow Clipboard redirection",
        "kvps": [
          {
            "key": "Software\\Policies\\Microsoft\\Windows",
            "valueName": "DonotallowClipboardredirection",
            "value": 1,
            "delete": false,
            "lgpoType": "ENFORCE_REG_DWORD",
            "presentationId": "windows:windowscomponents/windef:remotedesktopservices/windef:remotedesktopsessionhost/windef:deviceandresourceredirection:windows"
          }
        ],
        "categoryPath": [
          "windows:WindowsComponents",
          "windef:remotedesktopservices",
          "windef:remotedesktopsessionhost",
          "windef:deviceandresourceredirection"
        ],
        "hasLgpo": true
      },
      {
        "state": "enabled",
        "name": "Do not allow COM port redirection",
        "kvps": [
          {
            "key": "Software\\Policies\\Microsoft\\Windows",
            "valueName": "DonotallowCOMportredirection",
            "value": 1,
            "delete": false,
            "lgpoType": "ENFORCE_REG_DWORD",
            "presentationId": "windows:windowscomponents/windef:remotedesktopservices/windef:remotedesktopsessionhost/windef:deviceandresourceredirection:windows"
          }
        ],
        "categoryPath": [
          "windows:WindowsComponents",
          "windef:remotedesktopservices",
          "windef:remotedesktopsessionhost",
          "windef:deviceandresourceredirection"
        ],
        "hasLgpo": true
      },
      {
        "state": "enabled",
        "name": "Do not allow drive redirection",
        "kvps": [
          {
            "key": "Software\\Policies\\Microsoft\\Windows",
            "valueName": "Donotallowdriveredirection",
            "value": 1,
            "delete": false,
            "lgpoType": "ENFORCE_REG_DWORD",
            "presentationId": "windows:windowscomponents/windef:remotedesktopservices/windef:remotedesktopsessionhost/windef:deviceandresourceredirection:windows"
          }
        ],
        "categoryPath": [
          "windows:WindowsComponents",
          "windef:remotedesktopservices",
          "windef:remotedesktopsessionhost",
          "windef:deviceandresourceredirection"
        ],
        "hasLgpo": true
      },
      {
        "state": "enabled",
        "name": "Do not allow LPT port redirection",
        "kvps": [
          {
            "key": "Software\\Policies\\Microsoft\\Windows",
            "valueName": "DonotallowLPTportredirection",
            "value": 1,
            "delete": false,
            "lgpoType": "ENFORCE_REG_DWORD",
            "presentationId": "windows:windowscomponents/windef:remotedesktopservices/windef:remotedesktopsessionhost/windef:deviceandresourceredirection:windows"
          }
        ],
        "categoryPath": [
          "windows:WindowsComponents",
          "windef:remotedesktopservices",
          "windef:remotedesktopsessionhost",
          "windef:deviceandresourceredirection"
        ],
        "hasLgpo": true
      },
      {
        "state": "enabled",
        "name": "Do not allow supported Plug and Play device redirection",
        "kvps": [
          {
            "key": "Software\\Policies\\Microsoft\\Windows",
            "valueName": "DonotallowsupportedPlugandPlaydeviceredirection",
            "value": 1,
            "delete": false,
            "lgpoType": "ENFORCE_REG_DWORD",
            "presentationId": "windows:windowscomponents/windef:remotedesktopservices/windef:remotedesktopsessionhost/windef:deviceandresourceredirection:windows"
          }
        ],
        "categoryPath": [
          "windows:WindowsComponents",
          "windef:remotedesktopservices",
          "windef:remotedesktopsessionhost",
          "windef:deviceandresourceredirection"
        ],
        "hasLgpo": true
      },
      {
        "state": "enabled",
        "name": "Remove \"Disconnect\" option from Shut Down dialog",
        "kvps": [
          {
            "key": "Software\\Policies\\Microsoft\\Windows",
            "valueName": "RemoveDisconnectoptionfromShutDowndialog",
            "value": 1,
            "delete": false,
            "lgpoType": "ENFORCE_REG_DWORD",
            "presentationId": "windows:windowscomponents/windef:remotedesktopservices/windef:remotedesktopsessionhost/windef:remotesessionenvironment:windows"
          }
        ],
        "categoryPath": [
          "windows:WindowsComponents",
          "windef:remotedesktopservices",
          "windef:remotedesktopsessionhost",
          "windef:remotesessionenvironment"
        ],
        "hasLgpo": true
      },
      {
        "state": "enabled",
        "name": "Remove Windows Security item from Start menu",
        "kvps": [
          {
            "key": "Software\\Policies\\Microsoft\\Windows",
            "valueName": "RemoveWindowsSecurityitemfromStartmenu",
            "value": 1,
            "delete": false,
            "lgpoType": "ENFORCE_REG_DWORD",
            "presentationId": "windows:windowscomponents/windef:remotedesktopservices/windef:remotedesktopsessionhost/windef:remotesessionenvironment:windows"
          }
        ],
        "categoryPath": [
          "windows:WindowsComponents",
          "windef:remotedesktopservices",
          "windef:remotedesktopsessionhost",
          "windef:remotesessionenvironment"
        ],
        "hasLgpo": true
      },
      {
        "state": "enabled",
        "name": "Do not allow local administrators to customize permissions",
        "kvps": [
          {
            "key": "Software\\Policies\\Microsoft\\Windows",
            "valueName": "Donotallowlocaladministratorstocustomizepermissions",
            "value": 1,
            "delete": false,
            "lgpoType": "ENFORCE_REG_DWORD",
            "presentationId": "windows:windowscomponents/windef:remotedesktopservices/windef:remotedesktopsessionhost/windef:security:windows"
          }
        ],
        "categoryPath": [
          "windows:WindowsComponents",
          "windef:remotedesktopservices",
          "windef:remotedesktopsessionhost",
          "windef:security"
        ],
        "hasLgpo": true
      },
      {
        "state": "enabled",
        "name": "Require secure RPC communication",
        "kvps": [
          {
            "key": "Software\\Policies\\Microsoft\\Windows",
            "valueName": "RequiresecureRPCcommunication",
            "value": 1,
            "delete": false,
            "lgpoType": "ENFORCE_REG_DWORD",
            "presentationId": "windows:windowscomponents/windef:remotedesktopservices/windef:remotedesktopsessionhost/windef:security:windows"
          }
        ],
        "categoryPath": [
          "windows:WindowsComponents",
          "windef:remotedesktopservices",
          "windef:remotedesktopsessionhost",
          "windef:security"
        ],
        "hasLgpo": true
      },
      {
        "state": "enabled",
        "name": "Set client connection encryption level",
        "kvps": [
          {
            "key": "Software\\Policies\\Microsoft\\Windows",
            "valueName": "Setclientconnectionencryptionlevel",
            "value": 1,
            "delete": false,
            "lgpoType": "ENFORCE_REG_DWORD",
            "presentationId": "windows:windowscomponents/windef:remotedesktopservices/windef:remotedesktopsessionhost/windef:security:windows"
          }
        ],
        "categoryPath": [
          "windows:WindowsComponents",
          "windef:remotedesktopservices",
          "windef:remotedesktopsessionhost",
          "windef:security"
        ],
        "hasLgpo": true
      },
      {
        "state": "enabled",
        "name": "End session when time limits are reached",
        "kvps": [
          {
            "key": "Software\\Policies\\Microsoft\\Windows",
            "valueName": "Endsessionwhentimelimitsarereached",
            "value": 1,
            "delete": false,
            "lgpoType": "ENFORCE_REG_DWORD",
            "presentationId": "windows:windowscomponents/windef:remotedesktopservices/windef:remotedesktopsessionhost/windef:sessiontimelimits:windows"
          }
        ],
        "categoryPath": [
          "windows:WindowsComponents",
          "windef:remotedesktopservices",
          "windef:remotedesktopsessionhost",
          "windef:sessiontimelimits"
        ],
        "hasLgpo": true
      },
      {
        "state": "enabled",
        "name": "Set time limit for active but idle Remote Desktop Services sessions",
        "kvps": [
          {
            "key": "Software\\Policies\\Microsoft\\Windows",
            "valueName": "SettimelimitforactivebutidleRemoteDesktopServicessessions",
            "value": 1,
            "delete": false,
            "lgpoType": "ENFORCE_REG_DWORD",
            "presentationId": "windows:windowscomponents/windef:remotedesktopservices/windef:remotedesktopsessionhost/windef:sessiontimelimits:windows"
          }
        ],
        "categoryPath": [
          "windows:WindowsComponents",
          "windef:remotedesktopservices",
          "windef:remotedesktopsessionhost",
          "windef:sessiontimelimits"
        ],
        "hasLgpo": true
      },
      {
        "state": "enabled",
        "name": "Set time limit for disconnected sessions",
        "kvps": [
          {
            "key": "Software\\Policies\\Microsoft\\Windows",
            "valueName": "Settimelimitfordisconnectedsessions",
            "value": 1,
            "delete": false,
            "lgpoType": "ENFORCE_REG_DWORD",
            "presentationId": "windows:windowscomponents/windef:remotedesktopservices/windef:remotedesktopsessionhost/windef:sessiontimelimits:windows"
          }
        ],
        "categoryPath": [
          "windows:WindowsComponents",
          "windef:remotedesktopservices",
          "windef:remotedesktopsessionhost",
          "windef:sessiontimelimits"
        ],
        "hasLgpo": true
      },
      {
        "state": "disabled",
        "name": "Do not delete temp folders upon exit",
        "kvps": [
          {
            "key": "Software\\Policies\\Microsoft\\Windows",
            "valueName": "Donotdeletetempfoldersuponexit",
            "value": 1,
            "delete": false,
            "lgpoType": "ENFORCE_REG_DWORD",
            "presentationId": "windows:windowscomponents/windef:remotedesktopservices/windef:remotedesktopsessionhost/windef:temporaryfolders:windows"
          }
        ],
        "categoryPath": [
          "windows:WindowsComponents",
          "windef:remotedesktopservices",
          "windef:remotedesktopsessionhost",
          "windef:temporaryfolders"
        ],
        "hasLgpo": true
      },
      {
        "state": "disabled",
        "name": "Do not use temporary folders per session",
        "kvps": [
          {
            "key": "Software\\Policies\\Microsoft\\Windows",
            "valueName": "Donotusetemporaryfolderspersession",
            "value": 1,
            "delete": false,
            "lgpoType": "ENFORCE_REG_DWORD",
            "presentationId": "windows:windowscomponents/windef:remotedesktopservices/windef:remotedesktopsessionhost/windef:temporaryfolders:windows"
          }
        ],
        "categoryPath": [
          "windows:WindowsComponents",
          "windef:remotedesktopservices",
          "windef:remotedesktopsessionhost",
          "windef:temporaryfolders"
        ],
        "hasLgpo": true
      },
      {
        "state": "enabled",
        "name": "Policies Explorer",
        "kvps": [
          {
            "key": "SOFTWARE\\Microsoft\\Windows\\CurrentVersion\\Policies\\Explorer",
            "valueName": "Enabled",
            "value": "\u0004",
            "delete": false,
            "lgpoType": "ENFORCE_REG_SZ",
            "presentationId": "windows:registry/windef:machinesettings:explorer"
          }
        ],
        "categoryPath": [
          "windows:Registry",
          "windef:MachineSettings",
          "Policies"
        ],
        "hasLgpo": true
      },
      {
        "state": "enabled",
        "name": "Windows NT Terminal Services",
        "kvps": [
          {
            "key": "SOFTWARE\\Policies\\Microsoft\\Windows NT\\Terminal Services",
            "valueName": "Enabled",
            "value": "\u0004",
            "delete": false,
            "lgpoType": "ENFORCE_REG_SZ",
            "presentationId": "windows:registry/windef:machinesettings:terminal services"
          }
        ],
        "categoryPath": [
          "windows:Registry",
          "windef:MachineSettings",
          "Windows NT"
        ],
        "hasLgpo": true
      },
      {
        "state": "enabled",
        "name": "WindowsFirewall DomainProfile",
        "kvps": [
          {
            "key": "SOFTWARE\\Policies\\Microsoft\\WindowsFirewall\\DomainProfile",
            "valueName": "Enabled",
            "value": "\u0004",
            "delete": false,
            "lgpoType": "ENFORCE_REG_SZ",
            "presentationId": "windows:registry/windef:machinesettings:domainprofile"
          }
        ],
        "categoryPath": [
          "windows:Registry",
          "windef:MachineSettings",
          "WindowsFirewall"
        ],
        "hasLgpo": true
      },
      {
        "state": "enabled",
        "name": "DomainProfile AuthorizedApplications",
        "kvps": [
          {
            "key": "SOFTWARE\\Policies\\Microsoft\\WindowsFirewall\\DomainProfile\\AuthorizedApplications",
            "valueName": "Enabled",
            "value": "\u0004",
            "delete": false,
            "lgpoType": "ENFORCE_REG_SZ",
            "presentationId": "windows:registry/windef:machinesettings:authorizedapplications"
          }
        ],
        "categoryPath": [
          "windows:Registry",
          "windef:MachineSettings",
          "DomainProfile"
        ],
        "hasLgpo": true
      },
      {
        "state": "enabled",
        "name": "DomainProfile GloballyOpenPorts",
        "kvps": [
          {
            "key": "SOFTWARE\\Policies\\Microsoft\\WindowsFirewall\\DomainProfile\\AuthorizedApplications\\List",
            "valueName": "GloballyOpenPorts",
            "value": "\u0004",
            "delete": false,
            "lgpoType": "ENFORCE_REG_SZ",
            "presentationId": "windows:registry/windef:machinesettings:list"
          }
        ],
        "categoryPath": [
          "windows:Registry",
          "windef:MachineSettings",
          "AuthorizedApplications"
        ],
        "hasLgpo": true
      },
      {
        "state": "enabled",
        "name": "GloballyOpenPorts List",
        "kvps": [
          {
            "key": "SOFTWARE\\Policies\\Microsoft\\WindowsFirewall\\DomainProfile\\GloballyOpenPorts",
            "valueName": "List",
            "value": "\u0001",
            "delete": false,
            "lgpoType": "ENFORCE_REG_SZ",
            "presentationId": "windows:registry/windef:machinesettings:globallyopenports"
          }
        ],
        "categoryPath": [
          "windows:Registry",
          "windef:MachineSettings",
          "DomainProfile"
        ],
        "hasLgpo": true
      },
      {
        "state": "enabled",
        "name": "DomainProfile IcmpSettings",
        "kvps": [
          {
            "key": "SOFTWARE\\Policies\\Microsoft\\WindowsFirewall\\DomainProfile\\GloballyOpenPorts\\List",
            "valueName": "IcmpSettings",
            "value": "\u0004",
            "delete": false,
            "lgpoType": "ENFORCE_REG_SZ",
            "presentationId": "windows:registry/windef:machinesettings:list"
          }
        ],
        "categoryPath": [
          "windows:Registry",
          "windef:MachineSettings",
          "GloballyOpenPorts"
        ],
        "hasLgpo": true
      },
      {
        "state": "enabled",
        "name": "DomainProfile IcmpSettings",
        "kvps": [
          {
            "key": "SOFTWARE\\Policies\\Microsoft\\WindowsFirewall\\DomainProfile\\IcmpSettings",
            "valueName": "Enabled",
            "value": "\u0004",
            "delete": false,
            "lgpoType": "ENFORCE_REG_SZ",
            "presentationId": "windows:registry/windef:machinesettings:icmpsettings"
          }
        ],
        "categoryPath": [
          "windows:Registry",
          "windef:MachineSettings",
          "DomainProfile"
        ],
        "hasLgpo": true
      },
      {
        "state": "enabled",
        "name": "Services RemoteDesktop",
        "kvps": [
          {
            "key": "SOFTWARE\\Policies\\Microsoft\\WindowsFirewall\\DomainProfile\\IcmpSettings",
            "valueName": "RemoteDesktop",
            "value": "\u0004",
            "delete": false,
            "lgpoType": "ENFORCE_REG_SZ",
            "presentationId": "windows:registry/windef:machinesettings:icmpsettings"
          }
        ],
        "categoryPath": [
          "windows:Registry",
          "windef:MachineSettings",
          "DomainProfile"
        ],
        "hasLgpo": true
      },
      {
        "state": "enabled",
        "name": "Services UPnPFramework",
        "kvps": [
          {
            "key": "SOFTWARE\\Policies\\Microsoft\\WindowsFirewall\\DomainProfile\\Services\\RemoteDesktop",
            "valueName": "UPnPFramework",
            "value": "\u0004",
            "delete": false,
            "lgpoType": "ENFORCE_REG_SZ",
            "presentationId": "windows:registry/windef:machinesettings:remotedesktop"
          }
        ],
        "categoryPath": [
          "windows:Registry",
          "windef:MachineSettings",
          "Services"
        ],
        "hasLgpo": true
      },
      {
        "state": "enabled",
        "name": "WindowsFirewall StandardProfile",
        "kvps": [
          {
            "key": "SOFTWARE\\Policies\\Microsoft\\WindowsFirewall\\DomainProfile\\Services\\UPnPFramework",
            "valueName": "StandardProfile",
            "value": "\u0004",
            "delete": false,
            "lgpoType": "ENFORCE_REG_SZ",
            "presentationId": "windows:registry/windef:machinesettings:upnpframework"
          }
        ],
        "categoryPath": [
          "windows:Registry",
          "windef:MachineSettings",
          "Services"
        ],
        "hasLgpo": true
      },
      {
        "state": "enabled",
        "name": "Services RemoteDesktop",
        "kvps": [
          {
            "key": "SOFTWARE\\Policies\\Microsoft\\WindowsFirewall\\StandardProfile\\AuthorizedApplications",
            "valueName": "RemoteDesktop",
            "value": "\u0004",
            "delete": false,
            "lgpoType": "ENFORCE_REG_SZ",
            "presentationId": "windows:registry/windef:machinesettings:authorizedapplications"
          }
        ],
        "categoryPath": [
          "windows:Registry",
          "windef:MachineSettings",
          "StandardProfile"
        ],
        "hasLgpo": true
      },
      {
        "state": "enabled",
        "name": "Control Panel Desktop",
        "kvps": [
          {
            "key": "Software\\Policies\\Microsoft\\Windows\\Control Panel\\Desktop",
            "valueName": "Enabled",
            "value": "\u0001",
            "delete": false,
            "lgpoType": "ENFORCE_REG_SZ",
            "presentationId": "windows:registry/windef:usersettings:desktop"
          }
        ],
        "categoryPath": [
          "windows:Registry",
          "windef:UserSettings",
          "Control Panel"
        ],
        "hasLgpo": true
      }
    ],
    "useManagedDefinitions": false
  },
  "isTemplate": false,
  "priorityPool": 3,
  "type": {
    "id": 0,
    "name": "admxMachine",
    "initialContentSetName": "Enforce Windows",
    "policyTypeContentSetName": "Enforce Windows Machine Administrative Templates",
    "operatingSystem": "Windows",
    "policyClass": "machine",
    "endpointType": "cx",
    "readPrivilege": "enforce policy read",
    "writePrivilege": "enforce policy write",
    "contentSetId": 105,
    "policyTypeContentSetId": 276
  },
  "hasEnforcements": false,
  "taniumUsername": "jessewyatt",
  "taniumUpdatedUsername": "jessewyatt",
  "policySource": "standard"
}