{
  "id": null,
  "created_at": "2025-02-18T17:39:48.162Z",
  "updated_at": "2025-02-18T17:39:48.162Z",
  "deletedAt": null,
  "taniumUserId": 562,
  "updatedByTaniumUserId": 562,
  "changeType": "created",
  "contentSetId": 105,
  "name": "GPO - AVD-Computer-Config-Internet-Explorer",
  "description": "Converted from GPO: AVD-Computer-Config-Internet-Explorer (60E22118-70DD-4878-B20E-01319E028FB2)",
  "version": 1,
  "priority": 145,
  "typeId": 0,
  "data": {
    "policyItems": [
      {
        "state": "disabled",
        "name": "Allow Microsoft services to provide enhanced suggestions as the user types in the Address bar",
        "kvps": [
          {
            "key": "Software\\Policies\\Microsoft\\Windows",
            "valueName": "AllowMicrosoftservicestoprovideenhancedsuggestionsastheusertypesintheAddressbar",
            "value": 1,
            "delete": false,
            "lgpoType": "ENFORCE_REG_DWORD",
            "presentationId": "windows:windowscomponents/windef:internetexplorer:windows"
          }
        ],
        "categoryPath": [
          "windows:WindowsComponents",
          "windef:internetexplorer",
          "Microsoft"
        ],
        "hasLgpo": true
      },
      {
        "state": "enabled",
        "name": "Disable Periodic Check for Internet Explorer software updates",
        "kvps": [
          {
            "key": "Software\\Policies\\Microsoft\\Windows",
            "valueName": "PeriodicCheckforInternetExplorersoftwareupdates",
            "value": 1,
            "delete": false,
            "lgpoType": "ENFORCE_REG_DWORD",
            "presentationId": "windows:windowscomponents/windef:internetexplorer:windows"
          }
        ],
        "categoryPath": [
          "windows:WindowsComponents",
          "windef:internetexplorer",
          "Microsoft"
        ],
        "hasLgpo": true
      },
      {
        "state": "enabled",
        "name": "Disable showing the splash screen",
        "kvps": [
          {
            "key": "Software\\Policies\\Microsoft\\Windows",
            "valueName": "showingthesplashscreen",
            "value": 1,
            "delete": false,
            "lgpoType": "ENFORCE_REG_DWORD",
            "presentationId": "windows:windowscomponents/windef:internetexplorer:windows"
          }
        ],
        "categoryPath": [
          "windows:WindowsComponents",
          "windef:internetexplorer",
          "Microsoft"
        ],
        "hasLgpo": true
      },
      {
        "state": "disabled",
        "name": "Install new versions of Internet Explorer automatically",
        "kvps": [
          {
            "key": "Software\\Policies\\Microsoft\\Windows",
            "valueName": "InstallnewversionsofInternetExplorerautomatically",
            "value": 1,
            "delete": false,
            "lgpoType": "ENFORCE_REG_DWORD",
            "presentationId": "windows:windowscomponents/windef:internetexplorer:windows"
          }
        ],
        "categoryPath": [
          "windows:WindowsComponents",
          "windef:internetexplorer",
          "Microsoft"
        ],
        "hasLgpo": true
      },
      {
        "state": "enabled",
        "name": "Prevent participation in the Customer Experience Improvement Program",
        "kvps": [
          {
            "key": "Software\\Policies\\Microsoft\\Windows",
            "valueName": "PreventparticipationintheCustomerExperienceImprovementProgram",
            "value": 1,
            "delete": false,
            "lgpoType": "ENFORCE_REG_DWORD",
            "presentationId": "windows:windowscomponents/windef:internetexplorer:windows"
          }
        ],
        "categoryPath": [
          "windows:WindowsComponents",
          "windef:internetexplorer",
          "Microsoft"
        ],
        "hasLgpo": true
      },
      {
        "state": "enabled",
        "name": "Prevent running First Run wizard",
        "kvps": [
          {
            "key": "Software\\Policies\\Microsoft\\Windows",
            "valueName": "PreventrunningFirstRunwizard",
            "value": 1,
            "delete": false,
            "lgpoType": "ENFORCE_REG_DWORD",
            "presentationId": "windows:windowscomponents/windef:internetexplorer:windows"
          }
        ],
        "categoryPath": [
          "windows:WindowsComponents",
          "windef:internetexplorer",
          "Microsoft"
        ],
        "hasLgpo": true
      },
      {
        "state": "enabled",
        "name": "Set tab process growth",
        "kvps": [
          {
            "key": "Software\\Policies\\Microsoft\\Windows",
            "valueName": "Settabprocessgrowth",
            "value": 1,
            "delete": false,
            "lgpoType": "ENFORCE_REG_DWORD",
            "presentationId": "windows:windowscomponents/windef:internetexplorer:windows"
          }
        ],
        "categoryPath": [
          "windows:WindowsComponents",
          "windef:internetexplorer",
          "Microsoft"
        ],
        "hasLgpo": true
      },
      {
        "state": "enabled",
        "name": "Specify default behavior for a new tab",
        "kvps": [
          {
            "key": "Software\\Policies\\Microsoft\\Windows",
            "valueName": "Specifydefaultbehaviorforanewtab",
            "value": 1,
            "delete": false,
            "lgpoType": "ENFORCE_REG_DWORD",
            "presentationId": "windows:windowscomponents/windef:internetexplorer:windows"
          }
        ],
        "categoryPath": [
          "windows:WindowsComponents",
          "windef:internetexplorer",
          "Microsoft"
        ],
        "hasLgpo": true
      },
      {
        "state": "enabled",
        "name": "Turn off add-on performance notifications",
        "kvps": [
          {
            "key": "Software\\Policies\\Microsoft\\Windows",
            "valueName": "Turnoffaddonperformancenotifications",
            "value": 1,
            "delete": false,
            "lgpoType": "ENFORCE_REG_DWORD",
            "presentationId": "windows:windowscomponents/windef:internetexplorer:windows"
          }
        ],
        "categoryPath": [
          "windows:WindowsComponents",
          "windef:internetexplorer",
          "Microsoft"
        ],
        "hasLgpo": true
      },
      {
        "state": "enabled",
        "name": "Turn off browser geolocation",
        "kvps": [
          {
            "key": "Software\\Policies\\Microsoft\\Windows",
            "valueName": "Turnoffbrowsergeolocation",
            "value": 1,
            "delete": false,
            "lgpoType": "ENFORCE_REG_DWORD",
            "presentationId": "windows:windowscomponents/windef:internetexplorer:windows"
          }
        ],
        "categoryPath": [
          "windows:WindowsComponents",
          "windef:internetexplorer",
          "Microsoft"
        ],
        "hasLgpo": true
      },
      {
        "state": "enabled",
        "name": "Turn off Reopen Last Browsing Session",
        "kvps": [
          {
            "key": "Software\\Policies\\Microsoft\\Windows",
            "valueName": "TurnoffReopenLastBrowsingSession",
            "value": 1,
            "delete": false,
            "lgpoType": "ENFORCE_REG_DWORD",
            "presentationId": "windows:windowscomponents/windef:internetexplorer:windows"
          }
        ],
        "categoryPath": [
          "windows:WindowsComponents",
          "windef:internetexplorer",
          "Microsoft"
        ],
        "hasLgpo": true
      },
      {
        "state": "enabled",
        "name": "Turn off suggestions for all user-installed providers",
        "kvps": [
          {
            "key": "Software\\Policies\\Microsoft\\Windows",
            "valueName": "Turnoffsuggestionsforalluserinstalledproviders",
            "value": 1,
            "delete": false,
            "lgpoType": "ENFORCE_REG_DWORD",
            "presentationId": "windows:windowscomponents/windef:internetexplorer:windows"
          }
        ],
        "categoryPath": [
          "windows:WindowsComponents",
          "windef:internetexplorer",
          "Microsoft"
        ],
        "hasLgpo": true
      },
      {
        "state": "disabled",
        "name": "Turn on Suggested Sites",
        "kvps": [
          {
            "key": "Software\\Policies\\Microsoft\\Windows",
            "valueName": "TurnonSuggestedSites",
            "value": 1,
            "delete": false,
            "lgpoType": "ENFORCE_REG_DWORD",
            "presentationId": "windows:windowscomponents/windef:internetexplorer:windows"
          }
        ],
        "categoryPath": [
          "windows:WindowsComponents",
          "windef:internetexplorer",
          "Microsoft"
        ],
        "hasLgpo": true
      },
      {
        "state": "enabled",
        "name": "Allow deleting browsing history on exit",
        "kvps": [
          {
            "key": "Software\\Policies\\Microsoft\\Windows",
            "valueName": "Allowdeletingbrowsinghistoryonexit",
            "value": 1,
            "delete": false,
            "lgpoType": "ENFORCE_REG_DWORD",
            "presentationId": "windows:windowscomponents/windef:internetexplorer/windef:deletebrowsinghistory:windows"
          }
        ],
        "categoryPath": [
          "windows:WindowsComponents",
          "windef:internetexplorer",
          "windef:deletebrowsinghistory"
        ],
        "hasLgpo": true
      },
      {
        "state": "enabled",
        "name": "Turn off phone number detection",
        "kvps": [
          {
            "key": "Software\\Policies\\Microsoft\\Windows",
            "valueName": "Turnoffphonenumberdetection",
            "value": 1,
            "delete": false,
            "lgpoType": "ENFORCE_REG_DWORD",
            "presentationId": "windows:windowscomponents/windef:internetexplorer/windef:internetsettings/windef:advancedsettings/windef:browsing:windows"
          }
        ],
        "categoryPath": [
          "windows:WindowsComponents",
          "windef:internetexplorer",
          "windef:internetsettings",
          "windef:advancedsettings",
          "windef:browsing"
        ],
        "hasLgpo": true
      },
      {
        "state": "disabled",
        "name": "Allow Internet Explorer to play media files that use alternative codecs",
        "kvps": [
          {
            "key": "Software\\Policies\\Microsoft\\Windows",
            "valueName": "AllowInternetExplorertoplaymediafilesthatusealternativecodecs",
            "value": 1,
            "delete": false,
            "lgpoType": "ENFORCE_REG_DWORD",
            "presentationId": "windows:windowscomponents/windef:internetexplorer/windef:internetsettings/windef:advancedsettings/windef:multimedia:windows"
          }
        ],
        "categoryPath": [
          "windows:WindowsComponents",
          "windef:internetexplorer",
          "windef:internetsettings",
          "windef:advancedsettings",
          "windef:multimedia"
        ],
        "hasLgpo": true
      },
      {
        "state": "enabled",
        "name": "Turn off URL Suggestions",
        "kvps": [
          {
            "key": "Software\\Policies\\Microsoft\\Windows",
            "valueName": "TurnoffURLSuggestions",
            "value": 1,
            "delete": false,
            "lgpoType": "ENFORCE_REG_DWORD",
            "presentationId": "windows:windowscomponents/windef:internetexplorer/windef:internetsettings/windef:autocomplete:windows"
          }
        ],
        "categoryPath": [
          "windows:WindowsComponents",
          "windef:internetexplorer",
          "windef:internetsettings",
          "windef:autocomplete"
        ],
        "hasLgpo": true
      },
      {
        "state": "enabled",
        "name": "Turn off Windows Search AutoComplete",
        "kvps": [
          {
            "key": "Software\\Policies\\Microsoft\\Windows",
            "valueName": "TurnoffWindowsSearchAutoComplete",
            "value": 1,
            "delete": false,
            "lgpoType": "ENFORCE_REG_DWORD",
            "presentationId": "windows:windowscomponents/windef:internetexplorer/windef:internetsettings/windef:autocomplete:windows"
          }
        ],
        "categoryPath": [
          "windows:WindowsComponents",
          "windef:internetexplorer",
          "windef:internetsettings",
          "windef:autocomplete"
        ],
        "hasLgpo": true
      },
      {
        "state": "enabled",
        "name": "Microsoft Internet Explorer",
        "kvps": [
          {
            "key": "Software\\Microsoft\\Windows\\CurrentVersion\\Policies\\Ext",
            "valueName": "Internet Explorer",
            "value": "\u0004",
            "delete": false,
            "lgpoType": "ENFORCE_REG_SZ",
            "presentationId": "windows:registry/windef:machinesettings:ext"
          }
        ],
        "categoryPath": [
          "windows:Registry",
          "windef:MachineSettings",
          "Policies"
        ],
        "hasLgpo": true
      },
      {
        "state": "enabled",
        "name": "Internet Explorer Geolocation",
        "kvps": [
          {
            "key": "Software\\Policies\\Microsoft\\Internet Explorer\\DomainSuggestion",
            "valueName": "Geolocation",
            "value": "\u0004",
            "delete": false,
            "lgpoType": "ENFORCE_REG_SZ",
            "presentationId": "windows:registry/windef:machinesettings:domainsuggestion"
          }
        ],
        "categoryPath": [
          "windows:Registry",
          "windef:MachineSettings",
          "Internet Explorer"
        ],
        "hasLgpo": true
      },
      {
        "state": "enabled",
        "name": "Infodelivery Restrictions",
        "kvps": [
          {
            "key": "Software\\Policies\\Microsoft\\Internet Explorer\\Infodelivery\\Restrictions",
            "valueName": "Enabled",
            "value": "\u0004",
            "delete": false,
            "lgpoType": "ENFORCE_REG_SZ",
            "presentationId": "windows:registry/windef:machinesettings:restrictions"
          }
        ],
        "categoryPath": [
          "windows:Registry",
          "windef:MachineSettings",
          "Infodelivery"
        ],
        "hasLgpo": true
      },
      {
        "state": "enabled",
        "name": "Internet Explorer Main",
        "kvps": [
          {
            "key": "Software\\Policies\\Microsoft\\Internet Explorer\\Main",
            "valueName": "Enabled",
            "value": "\u0004",
            "delete": false,
            "lgpoType": "ENFORCE_REG_SZ",
            "presentationId": "windows:registry/windef:machinesettings:main"
          }
        ],
        "categoryPath": [
          "windows:Registry",
          "windef:MachineSettings",
          "Internet Explorer"
        ],
        "hasLgpo": true
      },
      {
        "state": "enabled",
        "name": "Main WindowsSearch",
        "kvps": [
          {
            "key": "Software\\Policies\\Microsoft\\Internet Explorer\\Main\\FormatDetection",
            "valueName": "WindowsSearch",
            "value": "\u0004",
            "delete": false,
            "lgpoType": "ENFORCE_REG_SZ",
            "presentationId": "windows:registry/windef:machinesettings:formatdetection"
          }
        ],
        "categoryPath": [
          "windows:Registry",
          "windef:MachineSettings",
          "Main"
        ],
        "hasLgpo": true
      },
      {
        "state": "enabled",
        "name": "Internet Explorer Recovery",
        "kvps": [
          {
            "key": "Software\\Policies\\Microsoft\\Internet Explorer\\Privacy",
            "valueName": "Recovery",
            "value": "\u0004",
            "delete": false,
            "lgpoType": "ENFORCE_REG_SZ",
            "presentationId": "windows:registry/windef:machinesettings:privacy"
          }
        ],
        "categoryPath": [
          "windows:Registry",
          "windef:MachineSettings",
          "Internet Explorer"
        ],
        "hasLgpo": true
      },
      {
        "state": "enabled",
        "name": "Internet Explorer SQM",
        "kvps": [
          {
            "key": "Software\\Policies\\Microsoft\\Internet Explorer\\SearchScopes",
            "valueName": "SQM",
            "value": "\u0004",
            "delete": false,
            "lgpoType": "ENFORCE_REG_SZ",
            "presentationId": "windows:registry/windef:machinesettings:searchscopes"
          }
        ],
        "categoryPath": [
          "windows:Registry",
          "windef:MachineSettings",
          "Internet Explorer"
        ],
        "hasLgpo": true
      },
      {
        "state": "enabled",
        "name": "Internet Explorer TabbedBrowsing",
        "kvps": [
          {
            "key": "Software\\Policies\\Microsoft\\Internet Explorer\\Suggested Sites",
            "valueName": "TabbedBrowsing",
            "value": "\u0004",
            "delete": false,
            "lgpoType": "ENFORCE_REG_SZ",
            "presentationId": "windows:registry/windef:machinesettings:suggested sites"
          }
        ],
        "categoryPath": [
          "windows:Registry",
          "windef:MachineSettings",
          "Internet Explorer"
        ],
        "hasLgpo": true
      }
    ],
    "useManagedDefinitions": false
  },
  "isTemplate": false,
  "priorityPool": 3,
  "type": {
    "id": 0,
    "name": "admxMachine",
    "initialContentSetName": "Enforce Windows",
    "policyTypeContentSetName": "Enforce Windows Machine Administrative Templates",
    "operatingSystem": "Windows",
    "policyClass": "machine",
    "endpointType": "cx",
    "readPrivilege": "enforce policy read",
    "writePrivilege": "enforce policy write",
    "contentSetId": 105,
    "policyTypeContentSetId": 276
  },
  "hasEnforcements": false,
  "taniumUsername": "jessewyatt",
  "taniumUpdatedUsername": "jessewyatt",
  "policySource": "standard"
}