{
  "id": null,
  "created_at": "2025-02-18T17:31:23.064Z",
  "updated_at": "2025-02-18T17:31:23.064Z",
  "deletedAt": null,
  "taniumUserId": 562,
  "updatedByTaniumUserId": 562,
  "changeType": "created",
  "contentSetId": 105,
  "name": "GPO - AVD-ARIZONA-COMMERCIAL-FSLOGIX",
  "description": "Converted from GPO: AVD-ARIZONA-COMMERCIAL-FSLOGIX (D8350A29-D19F-4F42-B6B5-57A1E16BC8AF)",
  "version": 1,
  "priority": 159,
  "typeId": 0,
  "data": {
    "policyItems": [
      {
        "state": "enabled",
        "name": "Apps",
        "kvps": [
          {
            "key": "Software\\FSLogix\\Apps",
            "valueName": "Enabled",
            "value": "\u0004",
            "delete": false,
            "lgpoType": "ENFORCE_REG_SZ",
            "presentationId": "windows:registry/windef:machinesettings:apps"
          }
        ],
        "categoryPath": [
          "windows:Registry",
          "windef:MachineSettings",
          "FSLogix"
        ],
        "hasLgpo": true
      },
      {
        "state": "enabled",
        "name": "Profiles",
        "kvps": [
          {
            "key": "Software\\FSLogix\\Profiles",
            "valueName": "Enabled",
            "value": "\u0004",
            "delete": false,
            "lgpoType": "ENFORCE_REG_SZ",
            "presentationId": "windows:registry/windef:machinesettings:profiles"
          }
        ],
        "categoryPath": [
          "windows:Registry",
          "windef:MachineSettings",
          "FSLogix"
        ],
        "hasLgpo": true
      }
    ],
    "useManagedDefinitions": false
  },
  "isTemplate": false,
  "priorityPool": 3,
  "type": {
    "id": 0,
    "name": "admxMachine",
    "initialContentSetName": "Enforce Windows",
    "policyTypeContentSetName": "Enforce Windows Machine Administrative Templates",
    "operatingSystem": "Windows",
    "policyClass": "machine",
    "endpointType": "cx",
    "readPrivilege": "enforce policy read",
    "writePrivilege": "enforce policy write",
    "contentSetId": 105,
    "policyTypeContentSetId": 276
  },
  "hasEnforcements": false,
  "taniumUsername": "jessewyatt",
  "taniumUpdatedUsername": "jessewyatt",
  "policySource": "standard"
}