{
  "id": null,
  "created_at": "2025-02-18T16:57:09.550Z",
  "updated_at": "2025-02-18T16:57:09.550Z",
  "deletedAt": null,
  "taniumUserId": 562,
  "updatedByTaniumUserId": 562,
  "changeType": "created",
  "contentSetId": 105,
  "name": "GPO - AV-Application-Powershell logging",
  "description": "Converted from GPO: AV-Application-Powershell logging (AF2536C5-218D-4690-88FD-FBED6091AEC2)",
  "version": 1,
  "priority": 149,
  "typeId": 0,
  "data": {
    "policyItems": [
      {
        "state": "enabled",
        "name": "Turn on Module Logging",
        "kvps": [
          {
            "key": "Software\\Policies\\Microsoft\\Windows",
            "valueName": "TurnonModuleLogging",
            "value": 1,
            "delete": false,
            "lgpoType": "ENFORCE_REG_DWORD",
            "presentationId": "windows:windowscomponents/windef:windowspowershell:windows"
          }
        ],
        "categoryPath": [
          "windows:WindowsComponents",
          "windef:WindowsPowerShell"
        ],
        "hasLgpo": true
      },
      {
        "state": "enabled",
        "name": "Turn on PowerShell Script Block Logging",
        "kvps": [
          {
            "key": "Software\\Policies\\Microsoft\\Windows",
            "valueName": "TurnonPowerShellScriptBlockLogging",
            "value": 1,
            "delete": false,
            "lgpoType": "ENFORCE_REG_DWORD",
            "presentationId": "windows:windowscomponents/windef:windowspowershell:windows"
          }
        ],
        "categoryPath": [
          "windows:WindowsComponents",
          "windef:WindowsPowerShell"
        ],
        "hasLgpo": true
      },
      {
        "state": "enabled",
        "name": "Turn on PowerShell Transcription",
        "kvps": [
          {
            "key": "Software\\Policies\\Microsoft\\Windows",
            "valueName": "TurnonPowerShellTranscription",
            "value": 1,
            "delete": false,
            "lgpoType": "ENFORCE_REG_DWORD",
            "presentationId": "windows:windowscomponents/windef:windowspowershell:windows"
          }
        ],
        "categoryPath": [
          "windows:WindowsComponents",
          "windef:WindowsPowerShell"
        ],
        "hasLgpo": true
      },
      {
        "state": "enabled",
        "name": "ModuleLogging ModuleNames",
        "kvps": [
          {
            "key": "Software\\Policies\\Microsoft\\Windows\\PowerShell\\ModuleLogging",
            "valueName": "ModuleNames",
            "value": "\u0001",
            "delete": false,
            "lgpoType": "ENFORCE_REG_SZ",
            "presentationId": "windows:registry/windef:machinesettings:modulelogging"
          }
        ],
        "categoryPath": [
          "windows:Registry",
          "windef:MachineSettings",
          "PowerShell"
        ],
        "hasLgpo": true
      },
      {
        "state": "enabled",
        "name": "PowerShell ScriptBlockLogging",
        "kvps": [
          {
            "key": "Software\\Policies\\Microsoft\\Windows\\PowerShell\\ModuleLogging\\ModuleNames",
            "valueName": "ScriptBlockLogging",
            "value": "\u0004",
            "delete": false,
            "lgpoType": "ENFORCE_REG_SZ",
            "presentationId": "windows:registry/windef:machinesettings:modulenames"
          }
        ],
        "categoryPath": [
          "windows:Registry",
          "windef:MachineSettings",
          "ModuleLogging"
        ],
        "hasLgpo": true
      },
      {
        "state": "enabled",
        "name": "PowerShell Transcription",
        "kvps": [
          {
            "key": "Software\\Policies\\Microsoft\\Windows\\PowerShell\\ScriptBlockLogging",
            "valueName": "Transcription",
            "value": "\u0004",
            "delete": false,
            "lgpoType": "ENFORCE_REG_SZ",
            "presentationId": "windows:registry/windef:machinesettings:scriptblocklogging"
          }
        ],
        "categoryPath": [
          "windows:Registry",
          "windef:MachineSettings",
          "PowerShell"
        ],
        "hasLgpo": true
      }
    ],
    "useManagedDefinitions": false
  },
  "isTemplate": false,
  "priorityPool": 3,
  "type": {
    "id": 0,
    "name": "admxMachine",
    "initialContentSetName": "Enforce Windows",
    "policyTypeContentSetName": "Enforce Windows Machine Administrative Templates",
    "operatingSystem": "Windows",
    "policyClass": "machine",
    "endpointType": "cx",
    "readPrivilege": "enforce policy read",
    "writePrivilege": "enforce policy write",
    "contentSetId": 105,
    "policyTypeContentSetId": 276
  },
  "hasEnforcements": false,
  "taniumUsername": "jessewyatt",
  "taniumUpdatedUsername": "jessewyatt",
  "policySource": "standard"
}