{
  "id": null,
  "created_at": "2025-02-18T17:09:37.840Z",
  "updated_at": "2025-02-18T17:09:37.840Z",
  "deletedAt": null,
  "taniumUserId": 562,
  "updatedByTaniumUserId": 562,
  "changeType": "created",
  "contentSetId": 105,
  "name": "GPO - AVD-User-Config-Control-Panel",
  "description": "Converted from GPO: AVD-User-Config-Control-Panel (25D7AE69-88A3-4CBD-A2A3-732E281BFD25)",
  "version": 1,
  "priority": 219,
  "typeId": 0,
  "data": {
    "policyItems": [
      {
        "state": "enabled",
        "name": "Settings Page Visibility",
        "kvps": [
          {
            "key": "Software\\Policies\\Microsoft\\Windows\\ControlPanel",
            "valueName": "SettingsPageVisibility",
            "value": 1,
            "delete": false,
            "lgpoType": "ENFORCE_REG_DWORD",
            "presentationId": "windows:controlpanel:settingspagevisibility"
          }
        ],
        "categoryPath": [
          "windows:ControlPanel"
        ],
        "hasLgpo": true
      },
      {
        "state": "enabled",
        "name": "Show only specified Control Panel items",
        "kvps": [
          {
            "key": "Software\\Policies\\Microsoft\\Windows\\ControlPanel",
            "valueName": "ShowonlyspecifiedControlPanelitems",
            "value": 1,
            "delete": false,
            "lgpoType": "ENFORCE_REG_DWORD",
            "presentationId": "windows:controlpanel:showonlyspecifiedcontrolpanelitems"
          }
        ],
        "categoryPath": [
          "windows:ControlPanel"
        ],
        "hasLgpo": true
      },
      {
        "state": "enabled",
        "name": "Policies Explorer",
        "kvps": [
          {
            "key": "Software\\Microsoft\\Windows\\CurrentVersion\\Policies\\Explorer",
            "valueName": "Enabled",
            "value": "\u0004",
            "delete": false,
            "lgpoType": "ENFORCE_REG_SZ",
            "presentationId": "windows:registry/windef:usersettings:explorer"
          }
        ],
        "categoryPath": [
          "windows:Registry",
          "windef:UserSettings",
          "Policies"
        ],
        "hasLgpo": true
      },
      {
        "state": "enabled",
        "name": "Explorer RestrictCpl",
        "kvps": [
          {
            "key": "Software\\Microsoft\\Windows\\CurrentVersion\\Policies\\Explorer\\RestrictCpl",
            "valueName": "Enabled",
            "value": "\u0001",
            "delete": false,
            "lgpoType": "ENFORCE_REG_SZ",
            "presentationId": "windows:registry/windef:usersettings:restrictcpl"
          }
        ],
        "categoryPath": [
          "windows:Registry",
          "windef:UserSettings",
          "Explorer"
        ],
        "hasLgpo": true
      }
    ],
    "useManagedDefinitions": false
  },
  "isTemplate": false,
  "priorityPool": 3,
  "type": {
    "id": 0,
    "name": "admxMachine",
    "initialContentSetName": "Enforce Windows",
    "policyTypeContentSetName": "Enforce Windows Machine Administrative Templates",
    "operatingSystem": "Windows",
    "policyClass": "machine",
    "endpointType": "cx",
    "readPrivilege": "enforce policy read",
    "writePrivilege": "enforce policy write",
    "contentSetId": 105,
    "policyTypeContentSetId": 276
  },
  "hasEnforcements": false,
  "taniumUsername": "jessewyatt",
  "taniumUpdatedUsername": "jessewyatt",
  "policySource": "standard"
}