{
  "id": null,
  "created_at": "2025-02-18T16:57:09.496Z",
  "updated_at": "2025-02-18T16:57:09.496Z",
  "deletedAt": null,
  "taniumUserId": 562,
  "updatedByTaniumUserId": 562,
  "changeType": "created",
  "contentSetId": 105,
  "name": "GPO - AV-Security-Workstation Allow RDP",
  "description": "Converted from GPO: AV-Security-Workstation Allow RDP (4218D3E4-D6A2-4DB8-A460-ED9710A88725)",
  "version": 1,
  "priority": 131,
  "typeId": 0,
  "data": {
    "policyItems": [
      {
        "state": "enabled",
        "name": "Windows NT Terminal Services",
        "kvps": [
          {
            "key": "SOFTWARE\\Policies\\Microsoft\\Windows NT\\Terminal Services",
            "valueName": "Enabled",
            "value": "\u0004",
            "delete": false,
            "lgpoType": "ENFORCE_REG_SZ",
            "presentationId": "windows:registry/windef:machinesettings:terminal services"
          }
        ],
        "categoryPath": [
          "windows:Registry",
          "windef:MachineSettings",
          "Windows NT"
        ],
        "hasLgpo": true
      },
      {
        "state": "enabled",
        "name": "WindowsFirewall FirewallRules",
        "kvps": [
          {
            "key": "SOFTWARE\\Policies\\Microsoft\\WindowsFirewall",
            "valueName": "FirewallRules",
            "value": "\u0001",
            "delete": false,
            "lgpoType": "ENFORCE_REG_SZ",
            "presentationId": "windows:registry/windef:machinesettings:windowsfirewall"
          }
        ],
        "categoryPath": [
          "windows:Registry",
          "windef:MachineSettings",
          "Microsoft"
        ],
        "hasLgpo": true
      },
      {
        "state": "enabled",
        "name": "WindowsFirewall FirewallRules",
        "kvps": [
          {
            "key": "SOFTWARE\\Policies\\Microsoft\\WindowsFirewall\\FirewallRules",
            "valueName": "Enabled",
            "value": "\u0001",
            "delete": false,
            "lgpoType": "ENFORCE_REG_SZ",
            "presentationId": "windows:registry/windef:machinesettings:firewallrules"
          }
        ],
        "categoryPath": [
          "windows:Registry",
          "windef:MachineSettings",
          "WindowsFirewall"
        ],
        "hasLgpo": true
      }
    ],
    "useManagedDefinitions": false
  },
  "isTemplate": false,
  "priorityPool": 3,
  "type": {
    "id": 0,
    "name": "admxMachine",
    "initialContentSetName": "Enforce Windows",
    "policyTypeContentSetName": "Enforce Windows Machine Administrative Templates",
    "operatingSystem": "Windows",
    "policyClass": "machine",
    "endpointType": "cx",
    "readPrivilege": "enforce policy read",
    "writePrivilege": "enforce policy write",
    "contentSetId": 105,
    "policyTypeContentSetId": 276
  },
  "hasEnforcements": false,
  "taniumUsername": "jessewyatt",
  "taniumUpdatedUsername": "jessewyatt",
  "policySource": "standard"
}