{
  "id": null,
  "created_at": "2025-02-18T17:39:48.254Z",
  "updated_at": "2025-02-18T17:39:48.254Z",
  "deletedAt": null,
  "taniumUserId": 562,
  "updatedByTaniumUserId": 562,
  "changeType": "created",
  "contentSetId": 105,
  "name": "GPO - AVD-User-Config-Desktop",
  "description": "Converted from GPO: AVD-User-Config-Desktop (6D2E3AF4-DEFC-48BD-BB91-AD4B602FCA1F)",
  "version": 1,
  "priority": 185,
  "typeId": 0,
  "data": {
    "policyItems": [
      {
        "state": "enabled",
        "name": "Do not add shares of recently opened documents to Network Locations",
        "kvps": [
          {
            "key": "Software\\Policies\\Microsoft\\Windows\\Desktop",
            "valueName": "DonotaddsharesofrecentlyopeneddocumentstoNetworkLocations",
            "value": 1,
            "delete": false,
            "lgpoType": "ENFORCE_REG_DWORD",
            "presentationId": "windows:desktop:desktop"
          }
        ],
        "categoryPath": [
          "windows:Desktop"
        ],
        "hasLgpo": true
      },
      {
        "state": "enabled",
        "name": "Hide Network Locations icon on desktop",
        "kvps": [
          {
            "key": "Software\\Policies\\Microsoft\\Windows\\Desktop",
            "valueName": "HideNetworkLocationsiconondesktop",
            "value": 1,
            "delete": false,
            "lgpoType": "ENFORCE_REG_DWORD",
            "presentationId": "windows:desktop:hidenetworklocationsiconondesktop"
          }
        ],
        "categoryPath": [
          "windows:Desktop"
        ],
        "hasLgpo": true
      },
      {
        "state": "enabled",
        "name": "Prohibit User from manually redirecting Profile Folders",
        "kvps": [
          {
            "key": "Software\\Policies\\Microsoft\\Windows\\Desktop",
            "valueName": "ProhibitUserfrommanuallyredirectingProfileFolders",
            "value": 1,
            "delete": false,
            "lgpoType": "ENFORCE_REG_DWORD",
            "presentationId": "windows:desktop:desktop"
          }
        ],
        "categoryPath": [
          "windows:Desktop"
        ],
        "hasLgpo": true
      },
      {
        "state": "enabled",
        "name": "Remove Properties from the Computer icon context menu",
        "kvps": [
          {
            "key": "Software\\Policies\\Microsoft\\Windows\\Desktop",
            "valueName": "RemovePropertiesfromtheComputericoncontextmenu",
            "value": 1,
            "delete": false,
            "lgpoType": "ENFORCE_REG_DWORD",
            "presentationId": "windows:desktop:desktop"
          }
        ],
        "categoryPath": [
          "windows:Desktop"
        ],
        "hasLgpo": true
      },
      {
        "state": "enabled",
        "name": "Remove Properties from the Recycle Bin context menu",
        "kvps": [
          {
            "key": "Software\\Policies\\Microsoft\\Windows\\Desktop",
            "valueName": "RemovePropertiesfromtheRecycleBincontextmenu",
            "value": 1,
            "delete": false,
            "lgpoType": "ENFORCE_REG_DWORD",
            "presentationId": "windows:desktop:removepropertiesfromtherecyclebincontextmenu"
          }
        ],
        "categoryPath": [
          "windows:Desktop"
        ],
        "hasLgpo": true
      },
      {
        "state": "enabled",
        "name": "Maximum size of Active Directory searches",
        "kvps": [
          {
            "key": "Software\\Policies\\Microsoft\\Windows\\Desktop",
            "valueName": "MaximumsizeofActiveDirectorysearches",
            "value": 1,
            "delete": false,
            "lgpoType": "ENFORCE_REG_DWORD",
            "presentationId": "windows:desktop/windef:activedirectory:desktop"
          }
        ],
        "categoryPath": [
          "windows:Desktop",
          "windef:activedirectory",
          "Windows"
        ],
        "hasLgpo": true
      },
      {
        "state": "enabled",
        "name": "Policies Explorer",
        "kvps": [
          {
            "key": "Software\\Microsoft\\Windows\\CurrentVersion\\Policies\\Explorer",
            "valueName": "Enabled",
            "value": "\u0004",
            "delete": false,
            "lgpoType": "ENFORCE_REG_SZ",
            "presentationId": "windows:registry/windef:usersettings:explorer"
          }
        ],
        "categoryPath": [
          "windows:Registry",
          "windef:UserSettings",
          "Policies"
        ],
        "hasLgpo": true
      },
      {
        "state": "enabled",
        "name": "Windows Directory UI",
        "kvps": [
          {
            "key": "Software\\Microsoft\\Windows\\CurrentVersion\\Policies\\Explorer",
            "valueName": "Directory UI",
            "value": "\u0004",
            "delete": false,
            "lgpoType": "ENFORCE_REG_SZ",
            "presentationId": "windows:registry/windef:usersettings:explorer"
          }
        ],
        "categoryPath": [
          "windows:Registry",
          "windef:UserSettings",
          "Policies"
        ],
        "hasLgpo": true
      }
    ],
    "useManagedDefinitions": false
  },
  "isTemplate": false,
  "priorityPool": 3,
  "type": {
    "id": 0,
    "name": "admxMachine",
    "initialContentSetName": "Enforce Windows",
    "policyTypeContentSetName": "Enforce Windows Machine Administrative Templates",
    "operatingSystem": "Windows",
    "policyClass": "machine",
    "endpointType": "cx",
    "readPrivilege": "enforce policy read",
    "writePrivilege": "enforce policy write",
    "contentSetId": 105,
    "policyTypeContentSetId": 276
  },
  "hasEnforcements": false,
  "taniumUsername": "jessewyatt",
  "taniumUpdatedUsername": "jessewyatt",
  "policySource": "standard"
}