{
  "id": null,
  "created_at": "2025-02-18T17:09:37.798Z",
  "updated_at": "2025-02-18T17:09:37.798Z",
  "deletedAt": null,
  "taniumUserId": 562,
  "updatedByTaniumUserId": 562,
  "changeType": "created",
  "contentSetId": 105,
  "name": "GPO - AV-Browser-Config Enable DSSO",
  "description": "Converted from GPO: AV-Browser-Config Enable DSSO (E46CE452-90F2-4983-B820-B021868E35C4)",
  "version": 1,
  "priority": 191,
  "typeId": 0,
  "data": {
    "policyItems": [
      {
        "state": "enabled",
        "name": "Internet Settings ZoneMapKey",
        "kvps": [
          {
            "key": "Software\\Policies\\Microsoft\\Windows\\CurrentVersion\\Internet Settings",
            "valueName": "ZoneMapKey",
            "value": "\u0001",
            "delete": false,
            "lgpoType": "ENFORCE_REG_SZ",
            "presentationId": "windows:registry/windef:machinesettings:internet settings"
          }
        ],
        "categoryPath": [
          "windows:Registry",
          "windef:MachineSettings",
          "CurrentVersion"
        ],
        "hasLgpo": true
      },
      {
        "state": "enabled",
        "name": "Internet Settings ZoneMapKey",
        "kvps": [
          {
            "key": "Software\\Policies\\Microsoft\\Windows\\CurrentVersion\\Internet Settings\\ZoneMapKey",
            "valueName": "Enabled",
            "value": "\u0001",
            "delete": false,
            "lgpoType": "ENFORCE_REG_SZ",
            "presentationId": "windows:registry/windef:machinesettings:zonemapkey"
          }
        ],
        "categoryPath": [
          "windows:Registry",
          "windef:MachineSettings",
          "Internet Settings"
        ],
        "hasLgpo": true
      },
      {
        "state": "enabled",
        "name": "Authentication AllowNonFQDN",
        "kvps": [
          {
            "key": "Software\\Policies\\Microsoft\\Windows\\CurrentVersion\\Internet Settings\\ZoneMapKey",
            "valueName": "AllowNonFQDN",
            "value": "\u0004",
            "delete": false,
            "lgpoType": "ENFORCE_REG_SZ",
            "presentationId": "windows:registry/windef:machinesettings:zonemapkey"
          }
        ],
        "categoryPath": [
          "windows:Registry",
          "windef:MachineSettings",
          "Internet Settings"
        ],
        "hasLgpo": true
      },
      {
        "state": "enabled",
        "name": "Authentication Delegated",
        "kvps": [
          {
            "key": "Software\\Policies\\Mozilla\\Firefox\\Authentication\\AllowNonFQDN",
            "valueName": "Delegated",
            "value": "\u0001",
            "delete": false,
            "lgpoType": "ENFORCE_REG_SZ",
            "presentationId": "windows:registry/windef:machinesettings:allownonfqdn"
          }
        ],
        "categoryPath": [
          "windows:Registry",
          "windef:MachineSettings",
          "Authentication"
        ],
        "hasLgpo": true
      },
      {
        "state": "enabled",
        "name": "Authentication NTLM",
        "kvps": [
          {
            "key": "Software\\Policies\\Mozilla\\Firefox\\Authentication\\NTLM",
            "valueName": "Enabled",
            "value": "\u0001",
            "delete": false,
            "lgpoType": "ENFORCE_REG_SZ",
            "presentationId": "windows:registry/windef:machinesettings:ntlm"
          }
        ],
        "categoryPath": [
          "windows:Registry",
          "windef:MachineSettings",
          "Authentication"
        ],
        "hasLgpo": true
      },
      {
        "state": "enabled",
        "name": "Authentication SPNEGO",
        "kvps": [
          {
            "key": "Software\\Policies\\Mozilla\\Firefox\\Authentication\\NTLM",
            "valueName": "SPNEGO",
            "value": "\u0001",
            "delete": false,
            "lgpoType": "ENFORCE_REG_SZ",
            "presentationId": "windows:registry/windef:machinesettings:ntlm"
          }
        ],
        "categoryPath": [
          "windows:Registry",
          "windef:MachineSettings",
          "Authentication"
        ],
        "hasLgpo": true
      },
      {
        "state": "enabled",
        "name": "Edge CookiesAllowedForUrls",
        "kvps": [
          {
            "key": "Software\\Policies\\Microsoft\\Edge",
            "valueName": "CookiesAllowedForUrls",
            "value": "\u0001",
            "delete": false,
            "lgpoType": "ENFORCE_REG_SZ",
            "presentationId": "windows:registry/windef:usersettings:edge"
          }
        ],
        "categoryPath": [
          "windows:Registry",
          "windef:UserSettings",
          "Microsoft"
        ],
        "hasLgpo": true
      },
      {
        "state": "enabled",
        "name": "Edge CookiesAllowedForUrls",
        "kvps": [
          {
            "key": "Software\\Policies\\Microsoft\\Edge\\CookiesAllowedForUrls",
            "valueName": "Enabled",
            "value": "\u0001",
            "delete": false,
            "lgpoType": "ENFORCE_REG_SZ",
            "presentationId": "windows:registry/windef:usersettings:cookiesallowedforurls"
          }
        ],
        "categoryPath": [
          "windows:Registry",
          "windef:UserSettings",
          "Edge"
        ],
        "hasLgpo": true
      }
    ],
    "useManagedDefinitions": false
  },
  "isTemplate": false,
  "priorityPool": 3,
  "type": {
    "id": 0,
    "name": "admxMachine",
    "initialContentSetName": "Enforce Windows",
    "policyTypeContentSetName": "Enforce Windows Machine Administrative Templates",
    "operatingSystem": "Windows",
    "policyClass": "machine",
    "endpointType": "cx",
    "readPrivilege": "enforce policy read",
    "writePrivilege": "enforce policy write",
    "contentSetId": 105,
    "policyTypeContentSetId": 276
  },
  "hasEnforcements": false,
  "taniumUsername": "jessewyatt",
  "taniumUpdatedUsername": "jessewyatt",
  "policySource": "standard"
}