{
  "id": null,
  "created_at": "2025-02-18T16:57:09.541Z",
  "updated_at": "2025-02-18T16:57:09.541Z",
  "deletedAt": null,
  "taniumUserId": 562,
  "updatedByTaniumUserId": 562,
  "changeType": "created",
  "contentSetId": 105,
  "name": "GPO - AV-Network-Workstation Firewall Rules",
  "description": "Converted from GPO: AV-Network-Workstation Firewall Rules (6691D566-5049-4F26-A85B-8E45A30DFF9F)",
  "version": 1,
  "priority": 144,
  "typeId": 0,
  "data": {
    "policyItems": [
      {
        "state": "enabled",
        "name": "Microsoft WindowsFirewall",
        "kvps": [
          {
            "key": "SOFTWARE\\Policies\\Microsoft\\WindowsFirewall",
            "valueName": "Enabled",
            "value": "\u0004",
            "delete": false,
            "lgpoType": "ENFORCE_REG_SZ",
            "presentationId": "windows:registry/windef:machinesettings:windowsfirewall"
          }
        ],
        "categoryPath": [
          "windows:Registry",
          "windef:MachineSettings",
          "Microsoft"
        ],
        "hasLgpo": true
      },
      {
        "state": "enabled",
        "name": "WindowsFirewall DomainProfile",
        "kvps": [
          {
            "key": "SOFTWARE\\Policies\\Microsoft\\WindowsFirewall\\DomainProfile",
            "valueName": "Enabled",
            "value": "\u0004",
            "delete": false,
            "lgpoType": "ENFORCE_REG_SZ",
            "presentationId": "windows:registry/windef:machinesettings:domainprofile"
          }
        ],
        "categoryPath": [
          "windows:Registry",
          "windef:MachineSettings",
          "WindowsFirewall"
        ],
        "hasLgpo": true
      },
      {
        "state": "enabled",
        "name": "DomainProfile AuthorizedApplications",
        "kvps": [
          {
            "key": "SOFTWARE\\Policies\\Microsoft\\WindowsFirewall\\DomainProfile",
            "valueName": "AuthorizedApplications",
            "value": "\u0004",
            "delete": false,
            "lgpoType": "ENFORCE_REG_SZ",
            "presentationId": "windows:registry/windef:machinesettings:domainprofile"
          }
        ],
        "categoryPath": [
          "windows:Registry",
          "windef:MachineSettings",
          "WindowsFirewall"
        ],
        "hasLgpo": true
      },
      {
        "state": "enabled",
        "name": "DomainProfile IcmpSettings",
        "kvps": [
          {
            "key": "SOFTWARE\\Policies\\Microsoft\\WindowsFirewall\\DomainProfile\\GloballyOpenPorts",
            "valueName": "IcmpSettings",
            "value": "\u0004",
            "delete": false,
            "lgpoType": "ENFORCE_REG_SZ",
            "presentationId": "windows:registry/windef:machinesettings:globallyopenports"
          }
        ],
        "categoryPath": [
          "windows:Registry",
          "windef:MachineSettings",
          "DomainProfile"
        ],
        "hasLgpo": true
      },
      {
        "state": "enabled",
        "name": "DomainProfile Logging",
        "kvps": [
          {
            "key": "SOFTWARE\\Policies\\Microsoft\\WindowsFirewall\\DomainProfile\\IcmpSettings",
            "valueName": "Logging",
            "value": "\u0004",
            "delete": false,
            "lgpoType": "ENFORCE_REG_SZ",
            "presentationId": "windows:registry/windef:machinesettings:icmpsettings"
          }
        ],
        "categoryPath": [
          "windows:Registry",
          "windef:MachineSettings",
          "DomainProfile"
        ],
        "hasLgpo": true
      },
      {
        "state": "enabled",
        "name": "DomainProfile RemoteAdminSettings",
        "kvps": [
          {
            "key": "SOFTWARE\\Policies\\Microsoft\\WindowsFirewall\\DomainProfile\\Logging",
            "valueName": "RemoteAdminSettings",
            "value": "\u0004",
            "delete": false,
            "lgpoType": "ENFORCE_REG_SZ",
            "presentationId": "windows:registry/windef:machinesettings:logging"
          }
        ],
        "categoryPath": [
          "windows:Registry",
          "windef:MachineSettings",
          "DomainProfile"
        ],
        "hasLgpo": true
      },
      {
        "state": "enabled",
        "name": "Services FileAndPrint",
        "kvps": [
          {
            "key": "SOFTWARE\\Policies\\Microsoft\\WindowsFirewall\\DomainProfile\\RemoteAdminSettings",
            "valueName": "FileAndPrint",
            "value": "\u0004",
            "delete": false,
            "lgpoType": "ENFORCE_REG_SZ",
            "presentationId": "windows:registry/windef:machinesettings:remoteadminsettings"
          }
        ],
        "categoryPath": [
          "windows:Registry",
          "windef:MachineSettings",
          "DomainProfile"
        ],
        "hasLgpo": true
      },
      {
        "state": "enabled",
        "name": "Services RemoteDesktop",
        "kvps": [
          {
            "key": "SOFTWARE\\Policies\\Microsoft\\WindowsFirewall\\DomainProfile\\Services\\FileAndPrint",
            "valueName": "RemoteDesktop",
            "value": "\u0004",
            "delete": false,
            "lgpoType": "ENFORCE_REG_SZ",
            "presentationId": "windows:registry/windef:machinesettings:fileandprint"
          }
        ],
        "categoryPath": [
          "windows:Registry",
          "windef:MachineSettings",
          "Services"
        ],
        "hasLgpo": true
      },
      {
        "state": "enabled",
        "name": "WindowsFirewall FirewallRules",
        "kvps": [
          {
            "key": "SOFTWARE\\Policies\\Microsoft\\WindowsFirewall\\DomainProfile\\Services\\RemoteDesktop",
            "valueName": "FirewallRules",
            "value": "\u0001",
            "delete": false,
            "lgpoType": "ENFORCE_REG_SZ",
            "presentationId": "windows:registry/windef:machinesettings:remotedesktop"
          }
        ],
        "categoryPath": [
          "windows:Registry",
          "windef:MachineSettings",
          "Services"
        ],
        "hasLgpo": true
      },
      {
        "state": "enabled",
        "name": "WindowsFirewall FirewallRules",
        "kvps": [
          {
            "key": "SOFTWARE\\Policies\\Microsoft\\WindowsFirewall\\FirewallRules",
            "valueName": "Enabled",
            "value": "\u0001",
            "delete": false,
            "lgpoType": "ENFORCE_REG_SZ",
            "presentationId": "windows:registry/windef:machinesettings:firewallrules"
          }
        ],
        "categoryPath": [
          "windows:Registry",
          "windef:MachineSettings",
          "WindowsFirewall"
        ],
        "hasLgpo": true
      },
      {
        "state": "enabled",
        "name": "WindowsFirewall PrivateProfile",
        "kvps": [
          {
            "key": "SOFTWARE\\Policies\\Microsoft\\WindowsFirewall\\PrivateProfile",
            "valueName": "Enabled",
            "value": "\u0004",
            "delete": false,
            "lgpoType": "ENFORCE_REG_SZ",
            "presentationId": "windows:registry/windef:machinesettings:privateprofile"
          }
        ],
        "categoryPath": [
          "windows:Registry",
          "windef:MachineSettings",
          "WindowsFirewall"
        ],
        "hasLgpo": true
      },
      {
        "state": "enabled",
        "name": "PrivateProfile AuthorizedApplications",
        "kvps": [
          {
            "key": "SOFTWARE\\Policies\\Microsoft\\WindowsFirewall\\PrivateProfile",
            "valueName": "AuthorizedApplications",
            "value": "",
            "delete": false,
            "lgpoType": "ENFORCE_REG_SZ",
            "presentationId": "windows:registry/windef:machinesettings:privateprofile"
          }
        ],
        "categoryPath": [
          "windows:Registry",
          "windef:MachineSettings",
          "WindowsFirewall"
        ],
        "hasLgpo": true
      },
      {
        "state": "enabled",
        "name": "PrivateProfile Logging",
        "kvps": [
          {
            "key": "SOFTWARE\\Policies\\Microsoft\\WindowsFirewall\\PrivateProfile\\GloballyOpenPorts",
            "valueName": "Logging",
            "value": "\u0001",
            "delete": false,
            "lgpoType": "ENFORCE_REG_SZ",
            "presentationId": "windows:registry/windef:machinesettings:globallyopenports"
          }
        ],
        "categoryPath": [
          "windows:Registry",
          "windef:MachineSettings",
          "PrivateProfile"
        ],
        "hasLgpo": true
      },
      {
        "state": "enabled",
        "name": "WindowsFirewall PublicProfile",
        "kvps": [
          {
            "key": "SOFTWARE\\Policies\\Microsoft\\WindowsFirewall\\PrivateProfile\\Logging",
            "valueName": "PublicProfile",
            "value": "\u0004",
            "delete": false,
            "lgpoType": "ENFORCE_REG_SZ",
            "presentationId": "windows:registry/windef:machinesettings:logging"
          }
        ],
        "categoryPath": [
          "windows:Registry",
          "windef:MachineSettings",
          "PrivateProfile"
        ],
        "hasLgpo": true
      },
      {
        "state": "enabled",
        "name": "WindowsFirewall PublicProfile",
        "kvps": [
          {
            "key": "SOFTWARE\\Policies\\Microsoft\\WindowsFirewall\\PublicProfile",
            "valueName": "Enabled",
            "value": "\u0004",
            "delete": false,
            "lgpoType": "ENFORCE_REG_SZ",
            "presentationId": "windows:registry/windef:machinesettings:publicprofile"
          }
        ],
        "categoryPath": [
          "windows:Registry",
          "windef:MachineSettings",
          "WindowsFirewall"
        ],
        "hasLgpo": true
      },
      {
        "state": "enabled",
        "name": "PublicProfile GloballyOpenPorts",
        "kvps": [
          {
            "key": "SOFTWARE\\Policies\\Microsoft\\WindowsFirewall\\PublicProfile\\AuthorizedApplications",
            "valueName": "GloballyOpenPorts",
            "value": "",
            "delete": false,
            "lgpoType": "ENFORCE_REG_SZ",
            "presentationId": "windows:registry/windef:machinesettings:authorizedapplications"
          }
        ],
        "categoryPath": [
          "windows:Registry",
          "windef:MachineSettings",
          "PublicProfile"
        ],
        "hasLgpo": true
      },
      {
        "state": "enabled",
        "name": "PublicProfile Logging",
        "kvps": [
          {
            "key": "SOFTWARE\\Policies\\Microsoft\\WindowsFirewall\\PublicProfile\\Logging",
            "valueName": "Enabled",
            "value": "\u0004",
            "delete": false,
            "lgpoType": "ENFORCE_REG_SZ",
            "presentationId": "windows:registry/windef:machinesettings:logging"
          }
        ],
        "categoryPath": [
          "windows:Registry",
          "windef:MachineSettings",
          "PublicProfile"
        ],
        "hasLgpo": true
      }
    ],
    "useManagedDefinitions": false
  },
  "isTemplate": false,
  "priorityPool": 3,
  "type": {
    "id": 0,
    "name": "admxMachine",
    "initialContentSetName": "Enforce Windows",
    "policyTypeContentSetName": "Enforce Windows Machine Administrative Templates",
    "operatingSystem": "Windows",
    "policyClass": "machine",
    "endpointType": "cx",
    "readPrivilege": "enforce policy read",
    "writePrivilege": "enforce policy write",
    "contentSetId": 105,
    "policyTypeContentSetId": 276
  },
  "hasEnforcements": false,
  "taniumUsername": "jessewyatt",
  "taniumUpdatedUsername": "jessewyatt",
  "policySource": "standard"
}