{
  "id": null,
  "created_at": "2025-02-18T17:31:23.195Z",
  "updated_at": "2025-02-18T17:31:23.195Z",
  "deletedAt": null,
  "taniumUserId": 562,
  "updatedByTaniumUserId": 562,
  "changeType": "created",
  "contentSetId": 105,
  "name": "GPO - AV-Browser-Internet-Options Site to Zone Assignments",
  "description": "Converted from GPO: AV-Browser-Internet-Options Site to Zone Assignments (A23C8E7F-F43C-48E1-9D76-AC60F854E361)",
  "version": 1,
  "priority": 231,
  "typeId": 0,
  "data": {
    "policyItems": [
      {
        "state": "enabled",
        "name": "Site to Zone Assignment List",
        "kvps": [
          {
            "key": "Software\\Policies\\Microsoft\\Windows",
            "valueName": "SitetoZoneAssignmentList",
            "value": 1,
            "delete": false,
            "lgpoType": "ENFORCE_REG_DWORD",
            "presentationId": "windows:windowscomponents/windef:internetexplorer/windef:internetcontrolpanel/windef:securitypage:windows"
          }
        ],
        "categoryPath": [
          "windows:WindowsComponents",
          "windef:internetexplorer",
          "windef:internetcontrolpanel",
          "windef:securitypage"
        ],
        "hasLgpo": true
      },
      {
        "state": "enabled",
        "name": "Logon options",
        "kvps": [
          {
            "key": "Software\\Policies\\Microsoft\\Windows",
            "valueName": "Logonoptions",
            "value": 1,
            "delete": false,
            "lgpoType": "ENFORCE_REG_DWORD",
            "presentationId": "windows:windowscomponents/windef:internetexplorer/windef:internetcontrolpanel/windef:securitypage/windef:intranetzone:windows"
          }
        ],
        "categoryPath": [
          "windows:WindowsComponents",
          "windef:internetexplorer",
          "windef:internetcontrolpanel",
          "windef:securitypage",
          "windef:intranetzone"
        ],
        "hasLgpo": true
      },
      {
        "state": "enabled",
        "name": "Internet Settings ZoneMapKey",
        "kvps": [
          {
            "key": "SOFTWARE\\Policies\\Microsoft\\Windows\\CurrentVersion\\Internet Settings",
            "valueName": "ZoneMapKey",
            "value": "\u0001",
            "delete": false,
            "lgpoType": "ENFORCE_REG_SZ",
            "presentationId": "windows:registry/windef:machinesettings:internet settings"
          }
        ],
        "categoryPath": [
          "windows:Registry",
          "windef:MachineSettings",
          "CurrentVersion"
        ],
        "hasLgpo": true
      },
      {
        "state": "enabled",
        "name": "Internet Settings ZoneMapKey",
        "kvps": [
          {
            "key": "SOFTWARE\\Policies\\Microsoft\\Windows\\CurrentVersion\\Internet Settings\\ZoneMapKey",
            "valueName": "Enabled",
            "value": "\u0001",
            "delete": false,
            "lgpoType": "ENFORCE_REG_SZ",
            "presentationId": "windows:registry/windef:machinesettings:zonemapkey"
          }
        ],
        "categoryPath": [
          "windows:Registry",
          "windef:MachineSettings",
          "Internet Settings"
        ],
        "hasLgpo": true
      },
      {
        "state": "enabled",
        "name": "Trust Certificates",
        "kvps": [
          {
            "key": "Software\\Policies\\Microsoft\\Internet Explorer\\Control Panel",
            "valueName": "Certificates",
            "value": "",
            "delete": false,
            "lgpoType": "ENFORCE_REG_SZ",
            "presentationId": "windows:registry/windef:usersettings:control panel"
          }
        ],
        "categoryPath": [
          "windows:Registry",
          "windef:UserSettings",
          "Internet Explorer"
        ],
        "hasLgpo": true
      },
      {
        "state": "enabled",
        "name": "Trust CTLs",
        "kvps": [
          {
            "key": "Software\\Policies\\Microsoft\\SystemCertificates\\Trust\\CRLs",
            "valueName": "CTLs",
            "value": 1,
            "delete": false,
            "lgpoType": "ENFORCE_REG_DWORD",
            "presentationId": "windows:registry/windef:usersettings:trust:crls"
          }
        ],
        "categoryPath": [
          "windows:Registry",
          "windef:UserSettings",
          "Trust"
        ],
        "hasLgpo": true
      },
      {
        "state": "enabled",
        "name": "TrustedPeople CRLs",
        "kvps": [
          {
            "key": "Software\\Policies\\Microsoft\\SystemCertificates\\TrustedPeople\\Certificates",
            "valueName": "CRLs",
            "value": 1,
            "delete": false,
            "lgpoType": "ENFORCE_REG_DWORD",
            "presentationId": "windows:registry/windef:usersettings:trustedpeople:certificates"
          }
        ],
        "categoryPath": [
          "windows:Registry",
          "windef:UserSettings",
          "TrustedPeople"
        ],
        "hasLgpo": true
      },
      {
        "state": "enabled",
        "name": "Zones 1",
        "kvps": [
          {
            "key": "Software\\Policies\\Microsoft\\SystemCertificates\\TrustedPeople\\CTLs",
            "valueName": "1",
            "value": "\u0004",
            "delete": false,
            "lgpoType": "ENFORCE_REG_SZ",
            "presentationId": "windows:registry/windef:usersettings:trustedpeople:ctls"
          }
        ],
        "categoryPath": [
          "windows:Registry",
          "windef:UserSettings",
          "TrustedPeople"
        ],
        "hasLgpo": true
      },
      {
        "state": "enabled",
        "name": "Zones 2",
        "kvps": [
          {
            "key": "Software\\Policies\\Microsoft\\Windows\\CurrentVersion\\Internet Settings\\Zones\\1",
            "valueName": "2",
            "value": "\u0004",
            "delete": false,
            "lgpoType": "ENFORCE_REG_SZ",
            "presentationId": "windows:registry/windef:usersettings:1"
          }
        ],
        "categoryPath": [
          "windows:Registry",
          "windef:UserSettings",
          "Zones"
        ],
        "hasLgpo": true
      },
      {
        "state": "enabled",
        "name": "Trust Certificates",
        "kvps": [
          {
            "key": "Software\\Policies\\Microsoft\\SystemCertificates\\Trust\\Certificates",
            "valueName": "Enabled",
            "value": 1,
            "delete": false,
            "lgpoType": "ENFORCE_REG_DWORD",
            "presentationId": "windows:registry/windef:usersettings:trust:certificates"
          }
        ],
        "categoryPath": [
          "windows:Registry",
          "windef:UserSettings",
          "Trust"
        ],
        "hasLgpo": true
      }
    ],
    "useManagedDefinitions": false
  },
  "isTemplate": false,
  "priorityPool": 3,
  "type": {
    "id": 0,
    "name": "admxMachine",
    "initialContentSetName": "Enforce Windows",
    "policyTypeContentSetName": "Enforce Windows Machine Administrative Templates",
    "operatingSystem": "Windows",
    "policyClass": "machine",
    "endpointType": "cx",
    "readPrivilege": "enforce policy read",
    "writePrivilege": "enforce policy write",
    "contentSetId": 105,
    "policyTypeContentSetId": 276
  },
  "hasEnforcements": false,
  "taniumUsername": "jessewyatt",
  "taniumUpdatedUsername": "jessewyatt",
  "policySource": "standard"
}