{
  "id": null,
  "created_at": "2025-02-18T17:31:23.181Z",
  "updated_at": "2025-02-18T17:31:23.181Z",
  "deletedAt": null,
  "taniumUserId": 562,
  "updatedByTaniumUserId": 562,
  "changeType": "created",
  "contentSetId": 105,
  "name": "GPO - VDI RDS MUAS MS-Edge Policy",
  "description": "Converted from GPO: VDI RDS MUAS MS-Edge Policy (3E320CC3-F2C8-42D2-93F7-9F5BBDB8105F)",
  "version": 1,
  "priority": 224,
  "typeId": 0,
  "data": {
    "policyItems": [
      {
        "state": "enabled",
        "name": "Hide the First-run experience and splash screen",
        "kvps": [
          {
            "key": "Software\\Policies\\Microsoft\\Windows\\MicrosoftEdge",
            "valueName": "HidetheFirstrunexperienceandsplashscreen",
            "value": 1,
            "delete": false,
            "lgpoType": "ENFORCE_REG_DWORD",
            "presentationId": "windows:microsoftedge:microsoftedge"
          }
        ],
        "categoryPath": [
          "windows:MicrosoftEdge"
        ],
        "hasLgpo": true
      },
      {
        "state": "enabled",
        "name": "Configure the new tab page search box experience",
        "kvps": [
          {
            "key": "Software\\Policies\\Microsoft\\Windows\\MicrosoftEdge-DefaultSettings(userscanoverride)",
            "valueName": "Configurethenewtabpagesearchboxexperience",
            "value": 1,
            "delete": false,
            "lgpoType": "ENFORCE_REG_DWORD",
            "presentationId": "windows:microsoftedge-defaultsettings(userscanoverride)/windef:defaultsearchprovider:microsoftedge-defaultsettings(userscanoverride)"
          }
        ],
        "categoryPath": [
          "windows:MicrosoftEdge-DefaultSettings(userscanoverride)",
          "windef:defaultsearchprovider",
          "Windows"
        ],
        "hasLgpo": true
      },
      {
        "state": "enabled",
        "name": "Default search provider search URL",
        "kvps": [
          {
            "key": "Software\\Policies\\Microsoft\\Windows\\MicrosoftEdge-DefaultSettings(userscanoverride)",
            "valueName": "DefaultsearchprovidersearchURL",
            "value": 1,
            "delete": false,
            "lgpoType": "ENFORCE_REG_DWORD",
            "presentationId": "windows:microsoftedge-defaultsettings(userscanoverride)/windef:defaultsearchprovider:microsoftedge-defaultsettings(userscanoverride)"
          }
        ],
        "categoryPath": [
          "windows:MicrosoftEdge-DefaultSettings(userscanoverride)",
          "windef:defaultsearchprovider",
          "Windows"
        ],
        "hasLgpo": true
      },
      {
        "state": "enabled",
        "name": "Enable the default search provider",
        "kvps": [
          {
            "key": "Software\\Policies\\Microsoft\\Windows\\MicrosoftEdge-DefaultSettings(userscanoverride)",
            "valueName": "thedefaultsearchprovider",
            "value": 1,
            "delete": false,
            "lgpoType": "ENFORCE_REG_DWORD",
            "presentationId": "windows:microsoftedge-defaultsettings(userscanoverride)/windef:defaultsearchprovider:microsoftedge-defaultsettings(userscanoverride)"
          }
        ],
        "categoryPath": [
          "windows:MicrosoftEdge-DefaultSettings(userscanoverride)",
          "windef:defaultsearchprovider",
          "Windows"
        ],
        "hasLgpo": true
      },
      {
        "state": "enabled",
        "name": "Specifies the search-by-image feature for the default search provider",
        "kvps": [
          {
            "key": "Software\\Policies\\Microsoft\\Windows\\MicrosoftEdge-DefaultSettings(userscanoverride)",
            "valueName": "Specifiesthesearchbyimagefeatureforthedefaultsearchprovider",
            "value": 1,
            "delete": false,
            "lgpoType": "ENFORCE_REG_DWORD",
            "presentationId": "windows:microsoftedge-defaultsettings(userscanoverride)/windef:defaultsearchprovider:microsoftedge-defaultsettings(userscanoverride)"
          }
        ],
        "categoryPath": [
          "windows:MicrosoftEdge-DefaultSettings(userscanoverride)",
          "windef:defaultsearchprovider",
          "Windows"
        ],
        "hasLgpo": true
      },
      {
        "state": "enabled",
        "name": "Action to take on Microsoft Edge startup",
        "kvps": [
          {
            "key": "Software\\Policies\\Microsoft\\Windows\\MicrosoftEdge",
            "valueName": "ActiontotakeonMicrosoftEdgestartup",
            "value": 1,
            "delete": false,
            "lgpoType": "ENFORCE_REG_DWORD",
            "presentationId": "windows:microsoftedge/windef:startup,homepageandnewtabpage:microsoftedge"
          }
        ],
        "categoryPath": [
          "windows:MicrosoftEdge",
          "windef:startup,homepageandnewtabpage",
          "Windows"
        ],
        "hasLgpo": true
      },
      {
        "state": "disabled",
        "name": "Allow Microsoft content on the new tab page",
        "kvps": [
          {
            "key": "Software\\Policies\\Microsoft\\Windows\\MicrosoftEdge",
            "valueName": "AllowMicrosoftcontentonthenewtabpage",
            "value": 1,
            "delete": false,
            "lgpoType": "ENFORCE_REG_DWORD",
            "presentationId": "windows:microsoftedge/windef:startup,homepageandnewtabpage:microsoftedge"
          }
        ],
        "categoryPath": [
          "windows:MicrosoftEdge",
          "windef:startup,homepageandnewtabpage",
          "Windows"
        ],
        "hasLgpo": true
      },
      {
        "state": "disabled",
        "name": "Allow quick links on the new tab page",
        "kvps": [
          {
            "key": "Software\\Policies\\Microsoft\\Windows\\MicrosoftEdge",
            "valueName": "Allowquicklinksonthenewtabpage",
            "value": 1,
            "delete": false,
            "lgpoType": "ENFORCE_REG_DWORD",
            "presentationId": "windows:microsoftedge/windef:startup,homepageandnewtabpage:microsoftedge"
          }
        ],
        "categoryPath": [
          "windows:MicrosoftEdge",
          "windef:startup,homepageandnewtabpage",
          "Windows"
        ],
        "hasLgpo": true
      },
      {
        "state": "enabled",
        "name": "Configure the background types allowed for the new tab page layout",
        "kvps": [
          {
            "key": "Software\\Policies\\Microsoft\\Windows\\MicrosoftEdge",
            "valueName": "Configurethebackgroundtypesallowedforthenewtabpagelayout",
            "value": 1,
            "delete": false,
            "lgpoType": "ENFORCE_REG_DWORD",
            "presentationId": "windows:microsoftedge/windef:startup,homepageandnewtabpage:microsoftedge"
          }
        ],
        "categoryPath": [
          "windows:MicrosoftEdge",
          "windef:startup,homepageandnewtabpage",
          "Windows"
        ],
        "hasLgpo": true
      },
      {
        "state": "enabled",
        "name": "Configure the home page URL",
        "kvps": [
          {
            "key": "Software\\Policies\\Microsoft\\Windows\\MicrosoftEdge",
            "valueName": "ConfigurethehomepageURL",
            "value": 1,
            "delete": false,
            "lgpoType": "ENFORCE_REG_DWORD",
            "presentationId": "windows:microsoftedge/windef:startup,homepageandnewtabpage:microsoftedge"
          }
        ],
        "categoryPath": [
          "windows:MicrosoftEdge",
          "windef:startup,homepageandnewtabpage",
          "Windows"
        ],
        "hasLgpo": true
      },
      {
        "state": "enabled",
        "name": "Configure the new tab page URL",
        "kvps": [
          {
            "key": "Software\\Policies\\Microsoft\\Windows\\MicrosoftEdge",
            "valueName": "ConfigurethenewtabpageURL",
            "value": 1,
            "delete": false,
            "lgpoType": "ENFORCE_REG_DWORD",
            "presentationId": "windows:microsoftedge/windef:startup,homepageandnewtabpage:microsoftedge"
          }
        ],
        "categoryPath": [
          "windows:MicrosoftEdge",
          "windef:startup,homepageandnewtabpage",
          "Windows"
        ],
        "hasLgpo": true
      },
      {
        "state": "enabled",
        "name": "Hide the default top sites from the new tab page",
        "kvps": [
          {
            "key": "Software\\Policies\\Microsoft\\Windows\\MicrosoftEdge",
            "valueName": "Hidethedefaulttopsitesfromthenewtabpage",
            "value": 1,
            "delete": false,
            "lgpoType": "ENFORCE_REG_DWORD",
            "presentationId": "windows:microsoftedge/windef:startup,homepageandnewtabpage:microsoftedge"
          }
        ],
        "categoryPath": [
          "windows:MicrosoftEdge",
          "windef:startup,homepageandnewtabpage",
          "Windows"
        ],
        "hasLgpo": true
      },
      {
        "state": "enabled",
        "name": "Sites to open when the browser starts",
        "kvps": [
          {
            "key": "Software\\Policies\\Microsoft\\Windows\\MicrosoftEdge",
            "valueName": "Sitestoopenwhenthebrowserstarts",
            "value": 1,
            "delete": false,
            "lgpoType": "ENFORCE_REG_DWORD",
            "presentationId": "windows:microsoftedge/windef:startup,homepageandnewtabpage:microsoftedge"
          }
        ],
        "categoryPath": [
          "windows:MicrosoftEdge",
          "windef:startup,homepageandnewtabpage",
          "Windows"
        ],
        "hasLgpo": true
      },
      {
        "state": "enabled",
        "name": "Microsoft Edge",
        "kvps": [
          {
            "key": "Software\\Policies\\Microsoft\\Edge",
            "valueName": "Enabled",
            "value": "\u0001",
            "delete": false,
            "lgpoType": "ENFORCE_REG_SZ",
            "presentationId": "windows:registry/windef:machinesettings:edge"
          }
        ],
        "categoryPath": [
          "windows:Registry",
          "windef:MachineSettings",
          "Microsoft"
        ],
        "hasLgpo": true
      },
      {
        "state": "enabled",
        "name": "Edge Recommended",
        "kvps": [
          {
            "key": "Software\\Policies\\Microsoft\\Edge\\Recommended",
            "valueName": "Enabled",
            "value": "\u0001",
            "delete": false,
            "lgpoType": "ENFORCE_REG_SZ",
            "presentationId": "windows:registry/windef:machinesettings:recommended"
          }
        ],
        "categoryPath": [
          "windows:Registry",
          "windef:MachineSettings",
          "Edge"
        ],
        "hasLgpo": true
      },
      {
        "state": "enabled",
        "name": "Edge RestoreOnStartupURLs",
        "kvps": [
          {
            "key": "Software\\Policies\\Microsoft\\Edge\\RestoreOnStartupURLs",
            "valueName": "Enabled",
            "value": "\u0001",
            "delete": false,
            "lgpoType": "ENFORCE_REG_SZ",
            "presentationId": "windows:registry/windef:machinesettings:restoreonstartupurls"
          }
        ],
        "categoryPath": [
          "windows:Registry",
          "windef:MachineSettings",
          "Edge"
        ],
        "hasLgpo": true
      }
    ],
    "useManagedDefinitions": false
  },
  "isTemplate": false,
  "priorityPool": 3,
  "type": {
    "id": 0,
    "name": "admxMachine",
    "initialContentSetName": "Enforce Windows",
    "policyTypeContentSetName": "Enforce Windows Machine Administrative Templates",
    "operatingSystem": "Windows",
    "policyClass": "machine",
    "endpointType": "cx",
    "readPrivilege": "enforce policy read",
    "writePrivilege": "enforce policy write",
    "contentSetId": 105,
    "policyTypeContentSetId": 276
  },
  "hasEnforcements": false,
  "taniumUsername": "jessewyatt",
  "taniumUpdatedUsername": "jessewyatt",
  "policySource": "standard"
}