{
  "id": null,
  "created_at": "2025-02-18T16:57:09.703Z",
  "updated_at": "2025-02-18T16:57:09.703Z",
  "deletedAt": null,
  "taniumUserId": 562,
  "updatedByTaniumUserId": 562,
  "changeType": "created",
  "contentSetId": 105,
  "name": "GPO - AVD-User-Config-OneDrive",
  "description": "Converted from GPO: AVD-User-Config-OneDrive (463CC074-B291-409B-8792-C12312A5E00E)",
  "version": 1,
  "priority": 221,
  "typeId": 0,
  "data": {
    "policyItems": [
      {
        "state": "enabled",
        "name": "Silently sign in users to the OneDrive sync app with their Windows credentials",
        "kvps": [
          {
            "key": "Software\\Policies\\Microsoft\\Windows\\OneDrive",
            "valueName": "SilentlysigninuserstotheOneDrivesyncappwiththeirWindowscredentials",
            "value": 1,
            "delete": false,
            "lgpoType": "ENFORCE_REG_DWORD",
            "presentationId": "windows:onedrive:onedrive"
          }
        ],
        "categoryPath": [
          "windows:OneDrive"
        ],
        "hasLgpo": true
      },
      {
        "state": "enabled",
        "name": "Use OneDrive Files On-Demand",
        "kvps": [
          {
            "key": "Software\\Policies\\Microsoft\\Windows\\OneDrive",
            "valueName": "UseOneDriveFilesOnDemand",
            "value": 1,
            "delete": false,
            "lgpoType": "ENFORCE_REG_DWORD",
            "presentationId": "windows:onedrive:useonedrivefilesondemand"
          }
        ],
        "categoryPath": [
          "windows:OneDrive"
        ],
        "hasLgpo": true
      },
      {
        "state": "enabled",
        "name": "Microsoft OneDrive",
        "kvps": [
          {
            "key": "SOFTWARE\\Policies\\Microsoft\\OneDrive",
            "valueName": "Enabled",
            "value": "\u0004",
            "delete": false,
            "lgpoType": "ENFORCE_REG_SZ",
            "presentationId": "windows:registry/windef:machinesettings:onedrive"
          }
        ],
        "categoryPath": [
          "windows:Registry",
          "windef:MachineSettings",
          "Microsoft"
        ],
        "hasLgpo": true
      }
    ],
    "useManagedDefinitions": false
  },
  "isTemplate": false,
  "priorityPool": 3,
  "type": {
    "id": 0,
    "name": "admxMachine",
    "initialContentSetName": "Enforce Windows",
    "policyTypeContentSetName": "Enforce Windows Machine Administrative Templates",
    "operatingSystem": "Windows",
    "policyClass": "machine",
    "endpointType": "cx",
    "readPrivilege": "enforce policy read",
    "writePrivilege": "enforce policy write",
    "contentSetId": 105,
    "policyTypeContentSetId": 276
  },
  "hasEnforcements": false,
  "taniumUsername": "jessewyatt",
  "taniumUpdatedUsername": "jessewyatt",
  "policySource": "standard"
}