{
  "id": null,
  "created_at": "2025-02-18T17:09:37.818Z",
  "updated_at": "2025-02-18T17:09:37.818Z",
  "deletedAt": null,
  "taniumUserId": 562,
  "updatedByTaniumUserId": 562,
  "changeType": "created",
  "contentSetId": 105,
  "name": "GPO - AVD-Computer-Config-System",
  "description": "Converted from GPO: AVD-Computer-Config-System (4DC840E4-8695-46D0-83BC-B95257D9C294)",
  "version": 1,
  "priority": 203,
  "typeId": 0,
  "data": {
    "policyItems": [
      {
        "state": "enabled",
        "name": "Display highly detailed status messages",
        "kvps": [
          {
            "key": "Software\\Policies\\Microsoft\\Windows\\System",
            "valueName": "Displayhighlydetailedstatusmessages",
            "value": 1,
            "delete": false,
            "lgpoType": "ENFORCE_REG_DWORD",
            "presentationId": "windows:system:displayhighlydetailedstatusmessages"
          }
        ],
        "categoryPath": [
          "windows:System"
        ],
        "hasLgpo": true
      },
      {
        "state": "enabled",
        "name": "Do not send a Windows error report when a generic driver is installed on a device",
        "kvps": [
          {
            "key": "Software\\Policies\\Microsoft\\Windows\\System",
            "valueName": "DonotsendaWindowserrorreportwhenagenericdriverisinstalledonadevice",
            "value": 1,
            "delete": false,
            "lgpoType": "ENFORCE_REG_DWORD",
            "presentationId": "windows:system/windef:deviceinstallation:system"
          }
        ],
        "categoryPath": [
          "windows:System",
          "windef:DeviceInstallation"
        ],
        "hasLgpo": true
      },
      {
        "state": "enabled",
        "name": "Prevent creation of a system restore point during device activity that would normally prompt creation of a restore point",
        "kvps": [
          {
            "key": "Software\\Policies\\Microsoft\\Windows\\System",
            "valueName": "Preventcreationofasystemrestorepointduringdeviceactivitythatwouldnormallypromptcreationofarestorepoint",
            "value": 1,
            "delete": false,
            "lgpoType": "ENFORCE_REG_DWORD",
            "presentationId": "windows:system/windef:deviceinstallation:system"
          }
        ],
        "categoryPath": [
          "windows:System",
          "windef:DeviceInstallation"
        ],
        "hasLgpo": true
      },
      {
        "state": "enabled",
        "name": "Prevent device metadata retrieval from the Internet",
        "kvps": [
          {
            "key": "Software\\Policies\\Microsoft\\Windows\\System",
            "valueName": "PreventdevicemetadataretrievalfromtheInternet",
            "value": 1,
            "delete": false,
            "lgpoType": "ENFORCE_REG_DWORD",
            "presentationId": "windows:system/windef:deviceinstallation:system"
          }
        ],
        "categoryPath": [
          "windows:System",
          "windef:DeviceInstallation"
        ],
        "hasLgpo": true
      },
      {
        "state": "enabled",
        "name": "Prevent Windows from sending an error report when a device driver requests additional software during installation",
        "kvps": [
          {
            "key": "Software\\Policies\\Microsoft\\Windows\\System",
            "valueName": "PreventWindowsfromsendinganerrorreportwhenadevicedriverrequestsadditionalsoftwareduringinstallation",
            "value": 1,
            "delete": false,
            "lgpoType": "ENFORCE_REG_DWORD",
            "presentationId": "windows:system/windef:deviceinstallation:system"
          }
        ],
        "categoryPath": [
          "windows:System",
          "windef:DeviceInstallation"
        ],
        "hasLgpo": true
      },
      {
        "state": "enabled",
        "name": "Turn off \"Found New Hardware\" balloons during device installation",
        "kvps": [
          {
            "key": "Software\\Policies\\Microsoft\\Windows\\System",
            "valueName": "TurnoffFoundNewHardwareballoonsduringdeviceinstallation",
            "value": 1,
            "delete": false,
            "lgpoType": "ENFORCE_REG_DWORD",
            "presentationId": "windows:system/windef:deviceinstallation:system"
          }
        ],
        "categoryPath": [
          "windows:System",
          "windef:DeviceInstallation"
        ],
        "hasLgpo": true
      },
      {
        "state": "enabled",
        "name": "Short name creation options",
        "kvps": [
          {
            "key": "Software\\Policies\\Microsoft\\Windows\\System",
            "valueName": "Shortnamecreationoptions",
            "value": 1,
            "delete": false,
            "lgpoType": "ENFORCE_REG_DWORD",
            "presentationId": "windows:system/windef:filesystem/windef:ntfs:system"
          }
        ],
        "categoryPath": [
          "windows:System",
          "windef:Filesystem",
          "windef:NTFS"
        ],
        "hasLgpo": true
      },
      {
        "state": "disabled",
        "name": "Show first sign-in animation",
        "kvps": [
          {
            "key": "Software\\Policies\\Microsoft\\Windows\\System",
            "valueName": "Showfirstsigninanimation",
            "value": 1,
            "delete": false,
            "lgpoType": "ENFORCE_REG_DWORD",
            "presentationId": "windows:system/windef:logon:showfirstsigninanimation"
          }
        ],
        "categoryPath": [
          "windows:System",
          "windef:Logon"
        ],
        "hasLgpo": true
      },
      {
        "state": "enabled",
        "name": "Select an active power plan",
        "kvps": [
          {
            "key": "Software\\Policies\\Microsoft\\Windows\\System",
            "valueName": "Selectanactivepowerplan",
            "value": 1,
            "delete": false,
            "lgpoType": "ENFORCE_REG_DWORD",
            "presentationId": "windows:system/windef:powermanagement:system"
          }
        ],
        "categoryPath": [
          "windows:System",
          "windef:PowerManagement"
        ],
        "hasLgpo": true
      },
      {
        "state": "disabled",
        "name": "Configure Offer Remote Assistance",
        "kvps": [
          {
            "key": "Software\\Policies\\Microsoft\\Windows\\System",
            "valueName": "ConfigureOfferRemoteAssistance",
            "value": 1,
            "delete": false,
            "lgpoType": "ENFORCE_REG_DWORD",
            "presentationId": "windows:system/windef:remoteassistance:system"
          }
        ],
        "categoryPath": [
          "windows:System",
          "windef:RemoteAssistance"
        ],
        "hasLgpo": true
      },
      {
        "state": "disabled",
        "name": "Configure Solicited Remote Assistance",
        "kvps": [
          {
            "key": "Software\\Policies\\Microsoft\\Windows\\System",
            "valueName": "ConfigureSolicitedRemoteAssistance",
            "value": 1,
            "delete": false,
            "lgpoType": "ENFORCE_REG_DWORD",
            "presentationId": "windows:system/windef:remoteassistance:system"
          }
        ],
        "categoryPath": [
          "windows:System",
          "windef:RemoteAssistance"
        ],
        "hasLgpo": true
      },
      {
        "state": "enabled",
        "name": "Policies System",
        "kvps": [
          {
            "key": "Software\\Microsoft\\Windows\\CurrentVersion\\Policies\\System",
            "valueName": "Enabled",
            "value": "\u0004",
            "delete": false,
            "lgpoType": "ENFORCE_REG_SZ",
            "presentationId": "windows:registry/windef:machinesettings:system"
          }
        ],
        "categoryPath": [
          "windows:Registry",
          "windef:MachineSettings",
          "Policies"
        ],
        "hasLgpo": true
      },
      {
        "state": "enabled",
        "name": "Windows Device Metadata",
        "kvps": [
          {
            "key": "Software\\Policies\\Microsoft\\Power\\PowerSettings",
            "valueName": "Device Metadata",
            "value": "\u0004",
            "delete": false,
            "lgpoType": "ENFORCE_REG_SZ",
            "presentationId": "windows:registry/windef:machinesettings:powersettings"
          }
        ],
        "categoryPath": [
          "windows:Registry",
          "windef:MachineSettings",
          "Power"
        ],
        "hasLgpo": true
      },
      {
        "state": "enabled",
        "name": "DeviceInstall Settings",
        "kvps": [
          {
            "key": "Software\\Policies\\Microsoft\\Windows\\DeviceInstall\\Settings",
            "valueName": "Enabled",
            "value": "\u0004",
            "delete": false,
            "lgpoType": "ENFORCE_REG_SZ",
            "presentationId": "windows:registry/windef:machinesettings:settings"
          }
        ],
        "categoryPath": [
          "windows:Registry",
          "windef:MachineSettings",
          "DeviceInstall"
        ],
        "hasLgpo": true
      },
      {
        "state": "enabled",
        "name": "Windows NT Terminal Services",
        "kvps": [
          {
            "key": "Software\\Policies\\Microsoft\\Windows NT\\Terminal Services",
            "valueName": "Enabled",
            "value": "\u0001",
            "delete": false,
            "lgpoType": "ENFORCE_REG_SZ",
            "presentationId": "windows:registry/windef:machinesettings:terminal services"
          }
        ],
        "categoryPath": [
          "windows:Registry",
          "windef:MachineSettings",
          "Windows NT"
        ],
        "hasLgpo": true
      },
      {
        "state": "enabled",
        "name": "Terminal Services RAUnsolicit",
        "kvps": [
          {
            "key": "Software\\Policies\\Microsoft\\Windows NT\\Terminal Services",
            "valueName": "RAUnsolicit",
            "value": "\u0001",
            "delete": false,
            "lgpoType": "ENFORCE_REG_SZ",
            "presentationId": "windows:registry/windef:machinesettings:terminal services"
          }
        ],
        "categoryPath": [
          "windows:Registry",
          "windef:MachineSettings",
          "Windows NT"
        ],
        "hasLgpo": true
      }
    ],
    "useManagedDefinitions": false
  },
  "isTemplate": false,
  "priorityPool": 3,
  "type": {
    "id": 0,
    "name": "admxMachine",
    "initialContentSetName": "Enforce Windows",
    "policyTypeContentSetName": "Enforce Windows Machine Administrative Templates",
    "operatingSystem": "Windows",
    "policyClass": "machine",
    "endpointType": "cx",
    "readPrivilege": "enforce policy read",
    "writePrivilege": "enforce policy write",
    "contentSetId": 105,
    "policyTypeContentSetId": 276
  },
  "hasEnforcements": false,
  "taniumUsername": "jessewyatt",
  "taniumUpdatedUsername": "jessewyatt",
  "policySource": "standard"
}