{
  "id": null,
  "created_at": "2025-02-18T17:09:37.686Z",
  "updated_at": "2025-02-18T17:09:37.686Z",
  "deletedAt": null,
  "taniumUserId": 562,
  "updatedByTaniumUserId": 562,
  "changeType": "created",
  "contentSetId": 105,
  "name": "GPO - AVD-User-Config-Office",
  "description": "Converted from GPO: AVD-User-Config-Office (9C2AE31E-C698-42E7-9A0D-6802D16C5178)",
  "version": 1,
  "priority": 143,
  "typeId": 0,
  "data": {
    "policyItems": [
      {
        "state": "enabled",
        "name": "Do not open files from the Internet zone in Protected View",
        "kvps": [
          {
            "key": "Software\\Policies\\Microsoft\\Windows\\MicrosoftExcel2016",
            "valueName": "DonotopenfilesfromtheInternetzoneinProtectedView",
            "value": 1,
            "delete": false,
            "lgpoType": "ENFORCE_REG_DWORD",
            "presentationId": "windows:microsoftexcel2016/windef:exceloptions/windef:security/windef:trustcenter/windef:protectedview:microsoftexcel2016"
          }
        ],
        "categoryPath": [
          "windows:MicrosoftExcel2016",
          "windef:ExcelOptions",
          "windef:Security",
          "windef:TrustCenter",
          "windef:ProtectedView"
        ],
        "hasLgpo": true
      },
      {
        "state": "enabled",
        "name": "Disable First Run Movie",
        "kvps": [
          {
            "key": "Software\\Policies\\Microsoft\\Windows\\MicrosoftOffice2016",
            "valueName": "FirstRunMovie",
            "value": 1,
            "delete": false,
            "lgpoType": "ENFORCE_REG_DWORD",
            "presentationId": "windows:microsoftoffice2016/windef:firstrun:firstrunmovie"
          }
        ],
        "categoryPath": [
          "windows:MicrosoftOffice2016",
          "windef:FirstRun"
        ],
        "hasLgpo": true
      },
      {
        "state": "enabled",
        "name": "Disable Office First Run on application boot",
        "kvps": [
          {
            "key": "Software\\Policies\\Microsoft\\Windows\\MicrosoftOffice2016",
            "valueName": "OfficeFirstRunonapplicationboot",
            "value": 1,
            "delete": false,
            "lgpoType": "ENFORCE_REG_DWORD",
            "presentationId": "windows:microsoftoffice2016/windef:firstrun:microsoftoffice2016"
          }
        ],
        "categoryPath": [
          "windows:MicrosoftOffice2016",
          "windef:FirstRun"
        ],
        "hasLgpo": true
      },
      {
        "state": "enabled",
        "name": "Allow roaming of all user customizations",
        "kvps": [
          {
            "key": "Software\\Policies\\Microsoft\\Windows\\MicrosoftOffice2016",
            "valueName": "Allowroamingofallusercustomizations",
            "value": 1,
            "delete": false,
            "lgpoType": "ENFORCE_REG_DWORD",
            "presentationId": "windows:microsoftoffice2016/windef:globaloptions/windef:customize:microsoftoffice2016"
          }
        ],
        "categoryPath": [
          "windows:MicrosoftOffice2016",
          "windef:GlobalOptions",
          "windef:Customize"
        ],
        "hasLgpo": true
      },
      {
        "state": "enabled",
        "name": "Block signing into Office",
        "kvps": [
          {
            "key": "Software\\Policies\\Microsoft\\Windows\\MicrosoftOffice2016",
            "valueName": "BlocksigningintoOffice",
            "value": 1,
            "delete": false,
            "lgpoType": "ENFORCE_REG_DWORD",
            "presentationId": "windows:microsoftoffice2016/windef:miscellaneous:microsoftoffice2016"
          }
        ],
        "categoryPath": [
          "windows:MicrosoftOffice2016",
          "windef:Miscellaneous"
        ],
        "hasLgpo": true
      },
      {
        "state": "enabled",
        "name": "Disable Office animations",
        "kvps": [
          {
            "key": "Software\\Policies\\Microsoft\\Windows\\MicrosoftOffice2016",
            "valueName": "Officeanimations",
            "value": 1,
            "delete": false,
            "lgpoType": "ENFORCE_REG_DWORD",
            "presentationId": "windows:microsoftoffice2016/windef:miscellaneous:microsoftoffice2016"
          }
        ],
        "categoryPath": [
          "windows:MicrosoftOffice2016",
          "windef:Miscellaneous"
        ],
        "hasLgpo": true
      },
      {
        "state": "enabled",
        "name": "Do not use hardware graphics acceleration",
        "kvps": [
          {
            "key": "Software\\Policies\\Microsoft\\Windows\\MicrosoftOffice2016",
            "valueName": "Donotusehardwaregraphicsacceleration",
            "value": 1,
            "delete": false,
            "lgpoType": "ENFORCE_REG_DWORD",
            "presentationId": "windows:microsoftoffice2016/windef:miscellaneous:microsoftoffice2016"
          }
        ],
        "categoryPath": [
          "windows:MicrosoftOffice2016",
          "windef:Miscellaneous"
        ],
        "hasLgpo": true
      },
      {
        "state": "enabled",
        "name": "Suppress recommended settings dialog",
        "kvps": [
          {
            "key": "Software\\Policies\\Microsoft\\Windows\\MicrosoftOffice2016",
            "valueName": "Suppressrecommendedsettingsdialog",
            "value": 1,
            "delete": false,
            "lgpoType": "ENFORCE_REG_DWORD",
            "presentationId": "windows:microsoftoffice2016/windef:miscellaneous:microsoftoffice2016"
          }
        ],
        "categoryPath": [
          "windows:MicrosoftOffice2016",
          "windef:Miscellaneous"
        ],
        "hasLgpo": true
      },
      {
        "state": "disabled",
        "name": "Automatically receive small updates to improve reliability",
        "kvps": [
          {
            "key": "Software\\Policies\\Microsoft\\Windows\\MicrosoftOffice2016",
            "valueName": "Automaticallyreceivesmallupdatestoimprovereliability",
            "value": 1,
            "delete": false,
            "lgpoType": "ENFORCE_REG_DWORD",
            "presentationId": "windows:microsoftoffice2016/windef:privacy/windef:trustcenter:microsoftoffice2016"
          }
        ],
        "categoryPath": [
          "windows:MicrosoftOffice2016",
          "windef:Privacy",
          "windef:TrustCenter"
        ],
        "hasLgpo": true
      },
      {
        "state": "enabled",
        "name": "Disable Opt-in Wizard on first run",
        "kvps": [
          {
            "key": "Software\\Policies\\Microsoft\\Windows\\MicrosoftOffice2016",
            "valueName": "OptinWizardonfirstrun",
            "value": 1,
            "delete": false,
            "lgpoType": "ENFORCE_REG_DWORD",
            "presentationId": "windows:microsoftoffice2016/windef:privacy/windef:trustcenter:microsoftoffice2016"
          }
        ],
        "categoryPath": [
          "windows:MicrosoftOffice2016",
          "windef:Privacy",
          "windef:TrustCenter"
        ],
        "hasLgpo": true
      },
      {
        "state": "disabled",
        "name": "Enable Customer Experience Improvement Program",
        "kvps": [
          {
            "key": "Software\\Policies\\Microsoft\\Windows\\MicrosoftOffice2016",
            "valueName": "CustomerExperienceImprovementProgram",
            "value": 1,
            "delete": false,
            "lgpoType": "ENFORCE_REG_DWORD",
            "presentationId": "windows:microsoftoffice2016/windef:privacy/windef:trustcenter:microsoftoffice2016"
          }
        ],
        "categoryPath": [
          "windows:MicrosoftOffice2016",
          "windef:Privacy",
          "windef:TrustCenter"
        ],
        "hasLgpo": true
      },
      {
        "state": "enabled",
        "name": "Online Content Options",
        "kvps": [
          {
            "key": "Software\\Policies\\Microsoft\\Windows\\MicrosoftOffice2016",
            "valueName": "OnlineContentOptions",
            "value": 1,
            "delete": false,
            "lgpoType": "ENFORCE_REG_DWORD",
            "presentationId": "windows:microsoftoffice2016/windef:tools|options|general|serviceoptions.../windef:onlinecontent:microsoftoffice2016"
          }
        ],
        "categoryPath": [
          "windows:MicrosoftOffice2016",
          "windef:Tools|Options|General|ServiceOptions...",
          "windef:OnlineContent"
        ],
        "hasLgpo": true
      },
      {
        "state": "enabled",
        "name": "Automatically configure profile based on Active Directory Primary SMTP address",
        "kvps": [
          {
            "key": "Software\\Policies\\Microsoft\\Windows\\MicrosoftOutlook2016",
            "valueName": "AutomaticallyconfigureprofilebasedonActiveDirectoryPrimarySMTPaddress",
            "value": 1,
            "delete": false,
            "lgpoType": "ENFORCE_REG_DWORD",
            "presentationId": "windows:microsoftoutlook2016/windef:accountsettings/windef:exchange:microsoftoutlook2016"
          }
        ],
        "categoryPath": [
          "windows:MicrosoftOutlook2016",
          "windef:AccountSettings",
          "windef:Exchange"
        ],
        "hasLgpo": true
      },
      {
        "state": "disabled",
        "name": "Use Cached Exchange Mode for new and existing Outlook profiles",
        "kvps": [
          {
            "key": "Software\\Policies\\Microsoft\\Windows\\MicrosoftOutlook2016",
            "valueName": "UseCachedExchangeModefornewandexistingOutlookprofiles",
            "value": 1,
            "delete": false,
            "lgpoType": "ENFORCE_REG_DWORD",
            "presentationId": "windows:microsoftoutlook2016/windef:accountsettings/windef:exchange/windef:cachedexchangemode:microsoftoutlook2016"
          }
        ],
        "categoryPath": [
          "windows:MicrosoftOutlook2016",
          "windef:AccountSettings",
          "windef:Exchange",
          "windef:CachedExchangeMode"
        ],
        "hasLgpo": true
      },
      {
        "state": "enabled",
        "name": "Prevent installation prompts when Windows Desktop Search component is not present",
        "kvps": [
          {
            "key": "Software\\Policies\\Microsoft\\Windows\\MicrosoftOutlook2016",
            "valueName": "PreventinstallationpromptswhenWindowsDesktopSearchcomponentisnotpresent",
            "value": 1,
            "delete": false,
            "lgpoType": "ENFORCE_REG_DWORD",
            "presentationId": "windows:microsoftoutlook2016/windef:outlookoptions/windef:preferences/windef:searchoptions:microsoftoutlook2016"
          }
        ],
        "categoryPath": [
          "windows:MicrosoftOutlook2016",
          "windef:OutlookOptions",
          "windef:Preferences",
          "windef:SearchOptions"
        ],
        "hasLgpo": true
      },
      {
        "state": "enabled",
        "name": "Automatically download content for e-mail from people in Safe Senders and Safe Recipients Lists",
        "kvps": [
          {
            "key": "Software\\Policies\\Microsoft\\Windows\\MicrosoftOutlook2016",
            "valueName": "AutomaticallydownloadcontentforemailfrompeopleinSafeSendersandSafeRecipientsLists",
            "value": 1,
            "delete": false,
            "lgpoType": "ENFORCE_REG_DWORD",
            "presentationId": "windows:microsoftoutlook2016/windef:security/windef:automaticpicturedownloadsettings:microsoftoutlook2016"
          }
        ],
        "categoryPath": [
          "windows:MicrosoftOutlook2016",
          "windef:Security",
          "windef:AutomaticPictureDownloadSettings"
        ],
        "hasLgpo": true
      },
      {
        "state": "disabled",
        "name": "Display pictures and external content in HTML e-mail",
        "kvps": [
          {
            "key": "Software\\Policies\\Microsoft\\Windows\\MicrosoftOutlook2016",
            "valueName": "DisplaypicturesandexternalcontentinHTMLemail",
            "value": 1,
            "delete": false,
            "lgpoType": "ENFORCE_REG_DWORD",
            "presentationId": "windows:microsoftoutlook2016/windef:security/windef:automaticpicturedownloadsettings:microsoftoutlook2016"
          }
        ],
        "categoryPath": [
          "windows:MicrosoftOutlook2016",
          "windef:Security",
          "windef:AutomaticPictureDownloadSettings"
        ],
        "hasLgpo": true
      },
      {
        "state": "enabled",
        "name": "Do not open files from the Internet zone in Protected View",
        "kvps": [
          {
            "key": "Software\\Policies\\Microsoft\\Windows\\MicrosoftPowerPoint2016",
            "valueName": "DonotopenfilesfromtheInternetzoneinProtectedView",
            "value": 1,
            "delete": false,
            "lgpoType": "ENFORCE_REG_DWORD",
            "presentationId": "windows:microsoftpowerpoint2016/windef:powerpointoptions/windef:security/windef:trustcenter/windef:protectedview:microsoftpowerpoint2016"
          }
        ],
        "categoryPath": [
          "windows:MicrosoftPowerPoint2016",
          "windef:PowerPointOptions",
          "windef:Security",
          "windef:TrustCenter",
          "windef:ProtectedView"
        ],
        "hasLgpo": true
      },
      {
        "state": "enabled",
        "name": "Do not open files from the Internet zone in Protected View",
        "kvps": [
          {
            "key": "Software\\Policies\\Microsoft\\Windows\\MicrosoftWord2016",
            "valueName": "DonotopenfilesfromtheInternetzoneinProtectedView",
            "value": 1,
            "delete": false,
            "lgpoType": "ENFORCE_REG_DWORD",
            "presentationId": "windows:microsoftword2016/windef:wordoptions/windef:security/windef:trustcenter/windef:protectedview:microsoftword2016"
          }
        ],
        "categoryPath": [
          "windows:MicrosoftWord2016",
          "windef:WordOptions",
          "windef:Security",
          "windef:TrustCenter",
          "windef:ProtectedView"
        ],
        "hasLgpo": true
      },
      {
        "state": "enabled",
        "name": "16.0 common",
        "kvps": [
          {
            "key": "software\\policies\\microsoft\\office\\16.0\\common",
            "valueName": "Enabled",
            "value": "\u0004",
            "delete": false,
            "lgpoType": "ENFORCE_REG_SZ",
            "presentationId": "windows:registry/windef:usersettings:common"
          }
        ],
        "categoryPath": [
          "windows:Registry",
          "windef:UserSettings",
          "16.0"
        ],
        "hasLgpo": true
      },
      {
        "state": "enabled",
        "name": "common general",
        "kvps": [
          {
            "key": "software\\policies\\microsoft\\office\\16.0\\common\\general",
            "valueName": "Enabled",
            "value": "\u0004",
            "delete": false,
            "lgpoType": "ENFORCE_REG_SZ",
            "presentationId": "windows:registry/windef:usersettings:general"
          }
        ],
        "categoryPath": [
          "windows:Registry",
          "windef:UserSettings",
          "common"
        ],
        "hasLgpo": true
      },
      {
        "state": "enabled",
        "name": "common graphics",
        "kvps": [
          {
            "key": "software\\policies\\microsoft\\office\\16.0\\common\\graphics",
            "valueName": "Enabled",
            "value": "\u0004",
            "delete": false,
            "lgpoType": "ENFORCE_REG_SZ",
            "presentationId": "windows:registry/windef:usersettings:graphics"
          }
        ],
        "categoryPath": [
          "windows:Registry",
          "windef:UserSettings",
          "common"
        ],
        "hasLgpo": true
      },
      {
        "state": "enabled",
        "name": "common signin",
        "kvps": [
          {
            "key": "software\\policies\\microsoft\\office\\16.0\\common\\internet",
            "valueName": "signin",
            "value": "\u0004",
            "delete": false,
            "lgpoType": "ENFORCE_REG_SZ",
            "presentationId": "windows:registry/windef:usersettings:internet"
          }
        ],
        "categoryPath": [
          "windows:Registry",
          "windef:UserSettings",
          "common"
        ],
        "hasLgpo": true
      },
      {
        "state": "enabled",
        "name": "security protectedview",
        "kvps": [
          {
            "key": "software\\policies\\microsoft\\office\\16.0\\common\\toolbars",
            "valueName": "protectedview",
            "value": "\u0004",
            "delete": false,
            "lgpoType": "ENFORCE_REG_SZ",
            "presentationId": "windows:registry/windef:usersettings:toolbars"
          }
        ],
        "categoryPath": [
          "windows:Registry",
          "windef:UserSettings",
          "common"
        ],
        "hasLgpo": true
      },
      {
        "state": "enabled",
        "name": "16.0 firstrun",
        "kvps": [
          {
            "key": "software\\policies\\microsoft\\office\\16.0\\firstrun",
            "valueName": "Enabled",
            "value": "\u0004",
            "delete": false,
            "lgpoType": "ENFORCE_REG_SZ",
            "presentationId": "windows:registry/windef:usersettings:firstrun"
          }
        ],
        "categoryPath": [
          "windows:Registry",
          "windef:UserSettings",
          "16.0"
        ],
        "hasLgpo": true
      },
      {
        "state": "enabled",
        "name": "outlook cached mode",
        "kvps": [
          {
            "key": "software\\policies\\microsoft\\office\\16.0\\outlook\\autodiscover",
            "valueName": "cached mode",
            "value": "\u0004",
            "delete": false,
            "lgpoType": "ENFORCE_REG_SZ",
            "presentationId": "windows:registry/windef:usersettings:autodiscover"
          }
        ],
        "categoryPath": [
          "windows:Registry",
          "windef:UserSettings",
          "outlook"
        ],
        "hasLgpo": true
      },
      {
        "state": "enabled",
        "name": "options mail",
        "kvps": [
          {
            "key": "software\\policies\\microsoft\\office\\16.0\\outlook\\options\\mail",
            "valueName": "Enabled",
            "value": "\u0004",
            "delete": false,
            "lgpoType": "ENFORCE_REG_SZ",
            "presentationId": "windows:registry/windef:usersettings:mail"
          }
        ],
        "categoryPath": [
          "windows:Registry",
          "windef:UserSettings",
          "options"
        ],
        "hasLgpo": true
      },
      {
        "state": "enabled",
        "name": "security protectedview",
        "kvps": [
          {
            "key": "software\\policies\\microsoft\\office\\16.0\\outlook\\search",
            "valueName": "protectedview",
            "value": "\u0004",
            "delete": false,
            "lgpoType": "ENFORCE_REG_SZ",
            "presentationId": "windows:registry/windef:usersettings:search"
          }
        ],
        "categoryPath": [
          "windows:Registry",
          "windef:UserSettings",
          "outlook"
        ],
        "hasLgpo": true
      }
    ],
    "useManagedDefinitions": false
  },
  "isTemplate": false,
  "priorityPool": 3,
  "type": {
    "id": 0,
    "name": "admxMachine",
    "initialContentSetName": "Enforce Windows",
    "policyTypeContentSetName": "Enforce Windows Machine Administrative Templates",
    "operatingSystem": "Windows",
    "policyClass": "machine",
    "endpointType": "cx",
    "readPrivilege": "enforce policy read",
    "writePrivilege": "enforce policy write",
    "contentSetId": 105,
    "policyTypeContentSetId": 276
  },
  "hasEnforcements": false,
  "taniumUsername": "jessewyatt",
  "taniumUpdatedUsername": "jessewyatt",
  "policySource": "standard"
}