{
  "id": null,
  "created_at": "2025-02-18T17:39:48.316Z",
  "updated_at": "2025-02-18T17:39:48.316Z",
  "deletedAt": null,
  "taniumUserId": 562,
  "updatedByTaniumUserId": 562,
  "changeType": "created",
  "contentSetId": 105,
  "name": "GPO - 802.x Wireless EAP TLS Chaining",
  "description": "Converted from GPO: 802.x Wireless EAP TLS Chaining (C490A7BB-0218-4090-A98D-8521654AD9D6)",
  "version": 1,
  "priority": 225,
  "typeId": 0,
  "data": {
    "policyItems": [
      {
        "state": "enabled",
        "name": "Disallowed CRLs",
        "kvps": [
          {
            "key": "Software\\Policies\\Microsoft\\SystemCertificates\\Disallowed\\Certificates",
            "valueName": "CRLs",
            "value": 1,
            "delete": false,
            "lgpoType": "ENFORCE_REG_DWORD",
            "presentationId": "windows:registry/windef:usersettings:disallowed:certificates"
          }
        ],
        "categoryPath": [
          "windows:Registry",
          "windef:UserSettings",
          "disallowed",
          "certificates"
        ],
        "hasLgpo": true
      },
      {
        "state": "enabled",
        "name": "TrustedPublisher Certificates",
        "kvps": [
          {
            "key": "Software\\Policies\\Microsoft\\SystemCertificates\\Disallowed\\CTLs",
            "valueName": "Certificates",
            "value": 1,
            "delete": false,
            "lgpoType": "ENFORCE_REG_DWORD",
            "presentationId": "windows:registry/windef:usersettings:disallowed:ctls"
          }
        ],
        "categoryPath": [
          "windows:Registry",
          "windef:UserSettings",
          "disallowed",
          "ctls"
        ],
        "hasLgpo": true
      },
      {
        "state": "enabled",
        "name": "TrustedPublisher CTLs",
        "kvps": [
          {
            "key": "Software\\Policies\\Microsoft\\SystemCertificates\\TrustedPublisher\\CRLs",
            "valueName": "CTLs",
            "value": 1,
            "delete": false,
            "lgpoType": "ENFORCE_REG_DWORD",
            "presentationId": "windows:registry/windef:usersettings:trustedpublisher:crls"
          }
        ],
        "categoryPath": [
          "windows:Registry",
          "windef:UserSettings",
          "trustedpublisher",
          "crls"
        ],
        "hasLgpo": true
      },
      {
        "state": "enabled",
        "name": "Safer CodeIdentifiers",
        "kvps": [
          {
            "key": "Software\\Policies\\Microsoft\\Windows\\Safer\\CodeIdentifiers",
            "valueName": "Enabled",
            "value": 1,
            "delete": false,
            "lgpoType": "ENFORCE_REG_DWORD",
            "presentationId": "windows:registry/windef:usersettings:codeidentifiers"
          }
        ],
        "categoryPath": [
          "windows:Registry",
          "windef:UserSettings",
          "Safer"
        ],
        "hasLgpo": true
      },
      {
        "state": "enabled",
        "name": "Paths {191cd7fa-f240-4a17-8986-94d480a6c8ca}",
        "kvps": [
          {
            "key": "Software\\Policies\\Microsoft\\Windows\\Safer\\CodeIdentifiers\\0\\Paths",
            "valueName": "Enabled",
            "value": 1,
            "delete": false,
            "lgpoType": "ENFORCE_REG_DWORD",
            "presentationId": "windows:registry/windef:usersettings:paths"
          }
        ],
        "categoryPath": [
          "windows:Registry",
          "windef:UserSettings",
          "CodeIdentifiers"
        ],
        "hasLgpo": true
      },
      {
        "state": "enabled",
        "name": "Paths {6e6ac4bb-adf4-4981-b39f-6f143395134e}",
        "kvps": [
          {
            "key": "Software\\Policies\\Microsoft\\Windows\\Safer\\CodeIdentifiers\\262144\\Paths\\{191cd7fa-f240-4a17-8986-94d480a6c8ca}",
            "valueName": "ItemData",
            "value": 1,
            "delete": false,
            "lgpoType": "ENFORCE_REG_DWORD",
            "presentationId": "windows:registry/windef:usersettings:191cd7fa-f240-4a17-8986-94d480a6c8ca"
          }
        ],
        "categoryPath": [
          "windows:Registry",
          "windef:UserSettings",
          "CodeIdentifiers"
        ],
        "hasLgpo": true
      },
      {
        "state": "enabled",
        "name": "Paths {d2c34ab2-529a-46b2-b293-fc853fce72ea}",
        "kvps": [
          {
            "key": "Software\\Policies\\Microsoft\\Windows\\Safer\\CodeIdentifiers\\262144\\Paths\\{6e6ac4bb-adf4-4981-b39f-6f143395134e}",
            "valueName": "ItemData",
            "value": 1,
            "delete": false,
            "lgpoType": "ENFORCE_REG_DWORD",
            "presentationId": "windows:registry/windef:usersettings:6e6ac4bb-adf4-4981-b39f-6f143395134e"
          }
        ],
        "categoryPath": [
          "windows:Registry",
          "windef:UserSettings",
          "CodeIdentifiers"
        ],
        "hasLgpo": true
      },
      {
        "state": "enabled",
        "name": "Disallowed CRLs",
        "kvps": [
          {
            "key": "Software\\Policies\\Microsoft\\SystemCertificates\\Disallowed\\CRLs",
            "valueName": "Enabled",
            "value": 1,
            "delete": false,
            "lgpoType": "ENFORCE_REG_DWORD",
            "presentationId": "windows:registry/windef:usersettings:disallowed:crls"
          }
        ],
        "categoryPath": [
          "windows:Registry",
          "windef:UserSettings",
          "Disallowed"
        ],
        "hasLgpo": true
      },
      {
        "state": "enabled",
        "name": "TrustedPublisher Certificates",
        "kvps": [
          {
            "key": "Software\\Policies\\Microsoft\\SystemCertificates\\TrustedPublisher\\Certificates",
            "valueName": "Enabled",
            "value": 1,
            "delete": false,
            "lgpoType": "ENFORCE_REG_DWORD",
            "presentationId": "windows:registry/windef:usersettings:trustedpublisher:certificates"
          }
        ],
        "categoryPath": [
          "windows:Registry",
          "windef:UserSettings",
          "TrustedPublisher"
        ],
        "hasLgpo": true
      },
      {
        "state": "enabled",
        "name": "TrustedPublisher CTLs",
        "kvps": [
          {
            "key": "Software\\Policies\\Microsoft\\SystemCertificates\\TrustedPublisher\\CTLs",
            "valueName": "Enabled",
            "value": 1,
            "delete": false,
            "lgpoType": "ENFORCE_REG_DWORD",
            "presentationId": "windows:registry/windef:usersettings:trustedpublisher:ctls"
          }
        ],
        "categoryPath": [
          "windows:Registry",
          "windef:UserSettings",
          "TrustedPublisher"
        ],
        "hasLgpo": true
      }
    ],
    "useManagedDefinitions": false
  },
  "isTemplate": false,
  "priorityPool": 3,
  "type": {
    "id": 0,
    "name": "admxMachine",
    "initialContentSetName": "Enforce Windows",
    "policyTypeContentSetName": "Enforce Windows Machine Administrative Templates",
    "operatingSystem": "Windows",
    "policyClass": "machine",
    "endpointType": "cx",
    "readPrivilege": "enforce policy read",
    "writePrivilege": "enforce policy write",
    "contentSetId": 105,
    "policyTypeContentSetId": 276
  },
  "hasEnforcements": false,
  "taniumUsername": "jessewyatt",
  "taniumUpdatedUsername": "jessewyatt",
  "policySource": "standard"
}