{
  "id": null,
  "created_at": "2025-02-18T16:57:09.644Z",
  "updated_at": "2025-02-18T16:57:09.644Z",
  "deletedAt": null,
  "taniumUserId": 562,
  "updatedByTaniumUserId": 562,
  "changeType": "created",
  "contentSetId": 105,
  "name": "GPO - AVD-Watermarking",
  "description": "Converted from GPO: AVD-Watermarking (11AB23BA-E19E-4976-A750-165D600876D7)",
  "version": 1,
  "priority": 187,
  "typeId": 0,
  "data": {
    "policyItems": [
      {
        "state": "enabled",
        "name": "Enable Graphics related data logging for every connection interval",
        "kvps": [
          {
            "key": "Software\\Policies\\Microsoft\\Windows",
            "valueName": "Graphicsrelateddataloggingforeveryconnectioninterval",
            "value": 1,
            "delete": false,
            "lgpoType": "ENFORCE_REG_DWORD",
            "presentationId": "windows:windowscomponents/windef:remotedesktopservices/windef:remotedesktopsessionhost/windef:azurevirtualdesktop:windows"
          }
        ],
        "categoryPath": [
          "windows:WindowsComponents",
          "windef:RemoteDesktopServices",
          "windef:RemoteDesktopSessionHost",
          "windef:AzureVirtualDesktop"
        ],
        "hasLgpo": true
      },
      {
        "state": "disabled",
        "name": "Enable screen capture protection",
        "kvps": [
          {
            "key": "Software\\Policies\\Microsoft\\Windows",
            "valueName": "screencaptureprotection",
            "value": 1,
            "delete": false,
            "lgpoType": "ENFORCE_REG_DWORD",
            "presentationId": "windows:windowscomponents/windef:remotedesktopservices/windef:remotedesktopsessionhost/windef:azurevirtualdesktop:windows"
          }
        ],
        "categoryPath": [
          "windows:WindowsComponents",
          "windef:RemoteDesktopServices",
          "windef:RemoteDesktopSessionHost",
          "windef:AzureVirtualDesktop"
        ],
        "hasLgpo": true
      },
      {
        "state": "disabled",
        "name": "Enable watermarking",
        "kvps": [
          {
            "key": "Software\\Policies\\Microsoft\\Windows",
            "valueName": "watermarking",
            "value": 1,
            "delete": false,
            "lgpoType": "ENFORCE_REG_DWORD",
            "presentationId": "windows:windowscomponents/windef:remotedesktopservices/windef:remotedesktopsessionhost/windef:azurevirtualdesktop:windows"
          }
        ],
        "categoryPath": [
          "windows:WindowsComponents",
          "windef:RemoteDesktopServices",
          "windef:RemoteDesktopSessionHost",
          "windef:AzureVirtualDesktop"
        ],
        "hasLgpo": true
      },
      {
        "state": "enabled",
        "name": "Windows NT Terminal Services",
        "kvps": [
          {
            "key": "SOFTWARE\\Policies\\Microsoft\\Windows NT\\Terminal Services",
            "valueName": "Enabled",
            "value": "\u0001",
            "delete": false,
            "lgpoType": "ENFORCE_REG_SZ",
            "presentationId": "windows:registry/windef:machinesettings:terminal services"
          }
        ],
        "categoryPath": [
          "windows:Registry",
          "windef:MachineSettings",
          "Windows NT"
        ],
        "hasLgpo": true
      }
    ],
    "useManagedDefinitions": false
  },
  "isTemplate": false,
  "priorityPool": 3,
  "type": {
    "id": 0,
    "name": "admxMachine",
    "initialContentSetName": "Enforce Windows",
    "policyTypeContentSetName": "Enforce Windows Machine Administrative Templates",
    "operatingSystem": "Windows",
    "policyClass": "machine",
    "endpointType": "cx",
    "readPrivilege": "enforce policy read",
    "writePrivilege": "enforce policy write",
    "contentSetId": 105,
    "policyTypeContentSetId": 276
  },
  "hasEnforcements": false,
  "taniumUsername": "jessewyatt",
  "taniumUpdatedUsername": "jessewyatt",
  "policySource": "standard"
}