{
  "id": null,
  "created_at": "2025-02-18T16:57:09.727Z",
  "updated_at": "2025-02-18T16:57:09.727Z",
  "deletedAt": null,
  "taniumUserId": 562,
  "updatedByTaniumUserId": 562,
  "changeType": "created",
  "contentSetId": 105,
  "name": "GPO - VDI Disable RemoteFx",
  "description": "Converted from GPO: VDI Disable RemoteFx (94579E85-A6D1-4812-BC86-102EF7DB2677)",
  "version": 1,
  "priority": 232,
  "typeId": 0,
  "data": {
    "policyItems": [
      {
        "state": "disabled",
        "name": "Configure RemoteFX Adaptive Graphics",
        "kvps": [
          {
            "key": "Software\\Policies\\Microsoft\\Windows",
            "valueName": "ConfigureRemoteFXAdaptiveGraphics",
            "value": 1,
            "delete": false,
            "lgpoType": "ENFORCE_REG_DWORD",
            "presentationId": "windows:windowscomponents/windef:remotedesktopservices/windef:remotedesktopsessionhost/windef:remotesessionenvironment:windows"
          }
        ],
        "categoryPath": [
          "windows:WindowsComponents",
          "windef:RemoteDesktopServices",
          "windef:RemoteDesktopSessionHost",
          "windef:RemoteSessionEnvironment"
        ],
        "hasLgpo": true
      },
      {
        "state": "disabled",
        "name": "Enable RemoteFX encoding for RemoteFX clients designed for Windows Server 2008 R2 SP1",
        "kvps": [
          {
            "key": "Software\\Policies\\Microsoft\\Windows",
            "valueName": "RemoteFXencodingforRemoteFXclientsdesignedforWindowsServer2008R2SP1",
            "value": 1,
            "delete": false,
            "lgpoType": "ENFORCE_REG_DWORD",
            "presentationId": "windows:windowscomponents/windef:remotedesktopservices/windef:remotedesktopsessionhost/windef:remotesessionenvironment:windows"
          }
        ],
        "categoryPath": [
          "windows:WindowsComponents",
          "windef:RemoteDesktopServices",
          "windef:RemoteDesktopSessionHost",
          "windef:RemoteSessionEnvironment"
        ],
        "hasLgpo": true
      },
      {
        "state": "disabled",
        "name": "Use advanced RemoteFX graphics for RemoteApp",
        "kvps": [
          {
            "key": "Software\\Policies\\Microsoft\\Windows",
            "valueName": "UseadvancedRemoteFXgraphicsforRemoteApp",
            "value": 1,
            "delete": false,
            "lgpoType": "ENFORCE_REG_DWORD",
            "presentationId": "windows:windowscomponents/windef:remotedesktopservices/windef:remotedesktopsessionhost/windef:remotesessionenvironment:windows"
          }
        ],
        "categoryPath": [
          "windows:WindowsComponents",
          "windef:RemoteDesktopServices",
          "windef:RemoteDesktopSessionHost",
          "windef:RemoteSessionEnvironment"
        ],
        "hasLgpo": true
      },
      {
        "state": "enabled",
        "name": "Windows NT Terminal Services",
        "kvps": [
          {
            "key": "SOFTWARE\\Policies\\Microsoft\\Windows NT\\Terminal Services",
            "valueName": "Enabled",
            "value": "\u0001",
            "delete": false,
            "lgpoType": "ENFORCE_REG_SZ",
            "presentationId": "windows:registry/windef:machinesettings:terminal services"
          }
        ],
        "categoryPath": [
          "windows:Registry",
          "windef:MachineSettings",
          "Windows NT"
        ],
        "hasLgpo": true
      }
    ],
    "useManagedDefinitions": false
  },
  "isTemplate": false,
  "priorityPool": 3,
  "type": {
    "id": 0,
    "name": "admxMachine",
    "initialContentSetName": "Enforce Windows",
    "policyTypeContentSetName": "Enforce Windows Machine Administrative Templates",
    "operatingSystem": "Windows",
    "policyClass": "machine",
    "endpointType": "cx",
    "readPrivilege": "enforce policy read",
    "writePrivilege": "enforce policy write",
    "contentSetId": 105,
    "policyTypeContentSetId": 276
  },
  "hasEnforcements": false,
  "taniumUsername": "jessewyatt",
  "taniumUpdatedUsername": "jessewyatt",
  "policySource": "standard"
}