{
  "id": null,
  "created_at": "2025-02-18T17:09:37.785Z",
  "updated_at": "2025-02-18T17:09:37.785Z",
  "deletedAt": null,
  "taniumUserId": 562,
  "updatedByTaniumUserId": 562,
  "changeType": "created",
  "contentSetId": 105,
  "name": "GPO - Disable SSL v2 / 3 / TLS 1.0 / 1.1",
  "description": "Converted from GPO: Disable SSL v2 / 3 / TLS 1.0 / 1.1 (9DC9BC59-5279-472D-950F-74B4F8D961AE)",
  "version": 1,
  "priority": 184,
  "typeId": 0,
  "data": {
    "policyItems": [
      {
        "state": "enabled",
        "name": "Converted GPO Policy (No settings extracted)",
        "kvps": [],
        "categoryPath": [
          "windows:DefaultCategory"
        ],
        "hasLgpo": true
      }
    ],
    "useManagedDefinitions": false
  },
  "isTemplate": false,
  "priorityPool": 3,
  "type": {
    "id": 0,
    "name": "admxMachine",
    "initialContentSetName": "Enforce Windows",
    "policyTypeContentSetName": "Enforce Windows Machine Administrative Templates",
    "operatingSystem": "Windows",
    "policyClass": "machine",
    "endpointType": "cx",
    "readPrivilege": "enforce policy read",
    "writePrivilege": "enforce policy write",
    "contentSetId": 105,
    "policyTypeContentSetId": 276
  },
  "hasEnforcements": false,
  "taniumUsername": "jessewyatt",
  "taniumUpdatedUsername": "jessewyatt",
  "policySource": "standard"
}