{
  "id": null,
  "created_at": "2025-02-18T16:57:09.547Z",
  "updated_at": "2025-02-18T16:57:09.547Z",
  "deletedAt": null,
  "taniumUserId": 562,
  "updatedByTaniumUserId": 562,
  "changeType": "created",
  "contentSetId": 105,
  "name": "GPO - Enable FIPS-CC for Global Protect",
  "description": "Converted from GPO: Enable FIPS-CC for Global Protect (DC0122FB-494A-45A0-AD93-DE9F118369A7)",
  "version": 1,
  "priority": 147,
  "typeId": 0,
  "data": {
    "policyItems": [
      {
        "state": "enabled",
        "name": "Converted GPO Policy (No settings extracted)",
        "kvps": [],
        "categoryPath": [
          "windows:DefaultCategory"
        ],
        "hasLgpo": true
      }
    ],
    "useManagedDefinitions": false
  },
  "isTemplate": false,
  "priorityPool": 3,
  "type": {
    "id": 0,
    "name": "admxMachine",
    "initialContentSetName": "Enforce Windows",
    "policyTypeContentSetName": "Enforce Windows Machine Administrative Templates",
    "operatingSystem": "Windows",
    "policyClass": "machine",
    "endpointType": "cx",
    "readPrivilege": "enforce policy read",
    "writePrivilege": "enforce policy write",
    "contentSetId": 105,
    "policyTypeContentSetId": 276
  },
  "hasEnforcements": false,
  "taniumUsername": "jessewyatt",
  "taniumUpdatedUsername": "jessewyatt",
  "policySource": "standard"
}