{
  "id": null,
  "created_at": "2025-02-18T17:09:37.859Z",
  "updated_at": "2025-02-18T17:09:37.859Z",
  "deletedAt": null,
  "taniumUserId": 562,
  "updatedByTaniumUserId": 562,
  "changeType": "created",
  "contentSetId": 105,
  "name": "GPO - AV-Application-OneDrive Enable",
  "description": "Converted from GPO: AV-Application-OneDrive Enable (2DC12312-A0D7-4FC9-925D-2C3B086CB34F)",
  "version": 1,
  "priority": 228,
  "typeId": 0,
  "data": {
    "policyItems": [
      {
        "state": "enabled",
        "name": "Microsoft OneDrive",
        "kvps": [
          {
            "key": "Software\\Policies\\Microsoft\\OneDrive",
            "valueName": "Enabled",
            "value": "\u0004",
            "delete": false,
            "lgpoType": "ENFORCE_REG_SZ",
            "presentationId": "windows:registry/windef:machinesettings:onedrive"
          }
        ],
        "categoryPath": [
          "windows:Registry",
          "windef:MachineSettings",
          "Microsoft"
        ],
        "hasLgpo": true
      },
      {
        "state": "enabled",
        "name": "OneDrive EnableODIgnoreListFromGPO",
        "kvps": [
          {
            "key": "Software\\Policies\\Microsoft\\OneDrive\\EnableODIgnoreListFromGPO",
            "valueName": "Enabled",
            "value": "\u0001",
            "delete": false,
            "lgpoType": "ENFORCE_REG_SZ",
            "presentationId": "windows:registry/windef:machinesettings:enableodignorelistfromgpo"
          }
        ],
        "categoryPath": [
          "windows:Registry",
          "windef:MachineSettings",
          "OneDrive"
        ],
        "hasLgpo": true
      }
    ],
    "useManagedDefinitions": false
  },
  "isTemplate": false,
  "priorityPool": 3,
  "type": {
    "id": 0,
    "name": "admxMachine",
    "initialContentSetName": "Enforce Windows",
    "policyTypeContentSetName": "Enforce Windows Machine Administrative Templates",
    "operatingSystem": "Windows",
    "policyClass": "machine",
    "endpointType": "cx",
    "readPrivilege": "enforce policy read",
    "writePrivilege": "enforce policy write",
    "contentSetId": 105,
    "policyTypeContentSetId": 276
  },
  "hasEnforcements": false,
  "taniumUsername": "jessewyatt",
  "taniumUpdatedUsername": "jessewyatt",
  "policySource": "standard"
}