{
  "id": null,
  "created_at": "2025-02-18T17:09:37.825Z",
  "updated_at": "2025-02-18T17:09:37.825Z",
  "deletedAt": null,
  "taniumUserId": 562,
  "updatedByTaniumUserId": 562,
  "changeType": "created",
  "contentSetId": 105,
  "name": "GPO - AVD-User-Config-General",
  "description": "Converted from GPO: AVD-User-Config-General (28AD2C75-F18B-4850-891A-2F47681DB47B)",
  "version": 1,
  "priority": 208,
  "typeId": 0,
  "data": {
    "policyItems": [
      {
        "state": "enabled",
        "name": "Turn off all Windows spotlight features",
        "kvps": [
          {
            "key": "Software\\Policies\\Microsoft\\Windows",
            "valueName": "TurnoffallWindowsspotlightfeatures",
            "value": 1,
            "delete": false,
            "lgpoType": "ENFORCE_REG_DWORD",
            "presentationId": "windows:windowscomponents/windef:cloudcontent:windows"
          }
        ],
        "categoryPath": [
          "windows:WindowsComponents",
          "windef:CloudContent"
        ],
        "hasLgpo": true
      },
      {
        "state": "enabled",
        "name": "Hide these specified drives in My Computer",
        "kvps": [
          {
            "key": "Software\\Policies\\Microsoft\\Windows",
            "valueName": "HidethesespecifieddrivesinMyComputer",
            "value": 1,
            "delete": false,
            "lgpoType": "ENFORCE_REG_DWORD",
            "presentationId": "windows:windowscomponents/windef:fileexplorer:windows"
          }
        ],
        "categoryPath": [
          "windows:WindowsComponents",
          "windef:FileExplorer"
        ],
        "hasLgpo": true
      },
      {
        "state": "enabled",
        "name": "Hides the Manage item on the File Explorer context menu",
        "kvps": [
          {
            "key": "Software\\Policies\\Microsoft\\Windows",
            "valueName": "HidestheManageitemontheFileExplorercontextmenu",
            "value": 1,
            "delete": false,
            "lgpoType": "ENFORCE_REG_DWORD",
            "presentationId": "windows:windowscomponents/windef:fileexplorer:windows"
          }
        ],
        "categoryPath": [
          "windows:WindowsComponents",
          "windef:FileExplorer"
        ],
        "hasLgpo": true
      },
      {
        "state": "enabled",
        "name": "Prevent access to drives from My Computer",
        "kvps": [
          {
            "key": "Software\\Policies\\Microsoft\\Windows",
            "valueName": "PreventaccesstodrivesfromMyComputer",
            "value": 1,
            "delete": false,
            "lgpoType": "ENFORCE_REG_DWORD",
            "presentationId": "windows:windowscomponents/windef:fileexplorer:windows"
          }
        ],
        "categoryPath": [
          "windows:WindowsComponents",
          "windef:FileExplorer"
        ],
        "hasLgpo": true
      },
      {
        "state": "enabled",
        "name": "Prevent users from adding files to the root of their Users Files folder.",
        "kvps": [
          {
            "key": "Software\\Policies\\Microsoft\\Windows",
            "valueName": "PreventusersfromaddingfilestotherootoftheirUsersFilesfolder",
            "value": 1,
            "delete": false,
            "lgpoType": "ENFORCE_REG_DWORD",
            "presentationId": "windows:windowscomponents/windef:fileexplorer:windows"
          }
        ],
        "categoryPath": [
          "windows:WindowsComponents",
          "windef:FileExplorer"
        ],
        "hasLgpo": true
      },
      {
        "state": "enabled",
        "name": "Remove Hardware tab",
        "kvps": [
          {
            "key": "Software\\Policies\\Microsoft\\Windows",
            "valueName": "RemoveHardwaretab",
            "value": 1,
            "delete": false,
            "lgpoType": "ENFORCE_REG_DWORD",
            "presentationId": "windows:windowscomponents/windef:fileexplorer:windows"
          }
        ],
        "categoryPath": [
          "windows:WindowsComponents",
          "windef:FileExplorer"
        ],
        "hasLgpo": true
      },
      {
        "state": "enabled",
        "name": "Turn off caching of thumbnail pictures",
        "kvps": [
          {
            "key": "Software\\Policies\\Microsoft\\Windows",
            "valueName": "Turnoffcachingofthumbnailpictures",
            "value": 1,
            "delete": false,
            "lgpoType": "ENFORCE_REG_DWORD",
            "presentationId": "windows:windowscomponents/windef:fileexplorer:windows"
          }
        ],
        "categoryPath": [
          "windows:WindowsComponents",
          "windef:FileExplorer"
        ],
        "hasLgpo": true
      },
      {
        "state": "enabled",
        "name": "Turn off display of recent search entries in the File Explorer search box",
        "kvps": [
          {
            "key": "Software\\Policies\\Microsoft\\Windows",
            "valueName": "TurnoffdisplayofrecentsearchentriesintheFileExplorersearchbox",
            "value": 1,
            "delete": false,
            "lgpoType": "ENFORCE_REG_DWORD",
            "presentationId": "windows:windowscomponents/windef:fileexplorer:windows"
          }
        ],
        "categoryPath": [
          "windows:WindowsComponents",
          "windef:FileExplorer"
        ],
        "hasLgpo": true
      },
      {
        "state": "enabled",
        "name": "Turn off the caching of thumbnails in hidden thumbs.db files",
        "kvps": [
          {
            "key": "Software\\Policies\\Microsoft\\Windows",
            "valueName": "Turnoffthecachingofthumbnailsinhiddenthumbsdbfiles",
            "value": 1,
            "delete": false,
            "lgpoType": "ENFORCE_REG_DWORD",
            "presentationId": "windows:windowscomponents/windef:fileexplorer:windows"
          }
        ],
        "categoryPath": [
          "windows:WindowsComponents",
          "windef:FileExplorer"
        ],
        "hasLgpo": true
      },
      {
        "state": "enabled",
        "name": "Policies Explorer",
        "kvps": [
          {
            "key": "Software\\Microsoft\\Windows\\CurrentVersion\\Policies\\Explorer",
            "valueName": "Enabled",
            "value": "\u0004",
            "delete": false,
            "lgpoType": "ENFORCE_REG_SZ",
            "presentationId": "windows:registry/windef:usersettings:explorer"
          }
        ],
        "categoryPath": [
          "windows:Registry",
          "windef:UserSettings",
          "Policies"
        ],
        "hasLgpo": true
      },
      {
        "state": "enabled",
        "name": "Windows Explorer",
        "kvps": [
          {
            "key": "Software\\Policies\\Microsoft\\Windows\\CloudContent",
            "valueName": "Explorer",
            "value": "\u0004",
            "delete": false,
            "lgpoType": "ENFORCE_REG_SZ",
            "presentationId": "windows:registry/windef:usersettings:cloudcontent"
          }
        ],
        "categoryPath": [
          "windows:Registry",
          "windef:UserSettings",
          "Windows"
        ],
        "hasLgpo": true
      }
    ],
    "useManagedDefinitions": false
  },
  "isTemplate": false,
  "priorityPool": 3,
  "type": {
    "id": 0,
    "name": "admxMachine",
    "initialContentSetName": "Enforce Windows",
    "policyTypeContentSetName": "Enforce Windows Machine Administrative Templates",
    "operatingSystem": "Windows",
    "policyClass": "machine",
    "endpointType": "cx",
    "readPrivilege": "enforce policy read",
    "writePrivilege": "enforce policy write",
    "contentSetId": 105,
    "policyTypeContentSetId": 276
  },
  "hasEnforcements": false,
  "taniumUsername": "jessewyatt",
  "taniumUpdatedUsername": "jessewyatt",
  "policySource": "standard"
}