{
  "id": null,
  "created_at": "2025-02-18T17:09:37.770Z",
  "updated_at": "2025-02-18T17:09:37.770Z",
  "deletedAt": null,
  "taniumUserId": 562,
  "updatedByTaniumUserId": 562,
  "changeType": "created",
  "contentSetId": 105,
  "name": "GPO - MUAS Edge Settings",
  "description": "Converted from GPO: MUAS Edge Settings (B5096E24-6EC5-491B-B0B9-610543CDFEFD)",
  "version": 1,
  "priority": 179,
  "typeId": 0,
  "data": {
    "policyItems": [
      {
        "state": "enabled",
        "name": "Hide the First-run experience and splash screen",
        "kvps": [
          {
            "key": "Software\\Policies\\Microsoft\\Windows\\MicrosoftEdge",
            "valueName": "HidetheFirstrunexperienceandsplashscreen",
            "value": 1,
            "delete": false,
            "lgpoType": "ENFORCE_REG_DWORD",
            "presentationId": "windows:microsoftedge:microsoftedge"
          }
        ],
        "categoryPath": [
          "windows:MicrosoftEdge"
        ],
        "hasLgpo": true
      },
      {
        "state": "disabled",
        "name": "Print using system print dialog",
        "kvps": [
          {
            "key": "Software\\Policies\\Microsoft\\Windows\\MicrosoftEdge",
            "valueName": "Printusingsystemprintdialog",
            "value": 1,
            "delete": false,
            "lgpoType": "ENFORCE_REG_DWORD",
            "presentationId": "windows:microsoftedge/windef:printing:microsoftedge"
          }
        ],
        "categoryPath": [
          "windows:MicrosoftEdge",
          "windef:Printing"
        ],
        "hasLgpo": true
      },
      {
        "state": "enabled",
        "name": "Microsoft Edge",
        "kvps": [
          {
            "key": "Software\\Policies\\Microsoft\\Edge",
            "valueName": "Enabled",
            "value": "\u0004",
            "delete": false,
            "lgpoType": "ENFORCE_REG_SZ",
            "presentationId": "windows:registry/windef:machinesettings:edge"
          }
        ],
        "categoryPath": [
          "windows:Registry",
          "windef:MachineSettings",
          "Microsoft"
        ],
        "hasLgpo": true
      }
    ],
    "useManagedDefinitions": false
  },
  "isTemplate": false,
  "priorityPool": 3,
  "type": {
    "id": 0,
    "name": "admxMachine",
    "initialContentSetName": "Enforce Windows",
    "policyTypeContentSetName": "Enforce Windows Machine Administrative Templates",
    "operatingSystem": "Windows",
    "policyClass": "machine",
    "endpointType": "cx",
    "readPrivilege": "enforce policy read",
    "writePrivilege": "enforce policy write",
    "contentSetId": 105,
    "policyTypeContentSetId": 276
  },
  "hasEnforcements": false,
  "taniumUsername": "jessewyatt",
  "taniumUpdatedUsername": "jessewyatt",
  "policySource": "standard"
}