{
  "id": null,
  "created_at": "2025-02-18T17:09:37.870Z",
  "updated_at": "2025-02-18T17:09:37.870Z",
  "deletedAt": null,
  "taniumUserId": 562,
  "updatedByTaniumUserId": 562,
  "changeType": "created",
  "contentSetId": 105,
  "name": "GPO - AV-Browser-All Prevent downloadable auto-execute",
  "description": "Converted from GPO: AV-Browser-All Prevent downloadable auto-execute (EA7379CD-4392-445B-9F36-747F7386420D)",
  "version": 1,
  "priority": 235,
  "typeId": 0,
  "data": {
    "policyItems": [
      {
        "state": "enabled",
        "name": "Ask where to save each file before downloading",
        "kvps": [
          {
            "key": "Software\\Policies\\Microsoft\\Windows\\Google",
            "valueName": "Askwheretosaveeachfilebeforedownloading",
            "value": 1,
            "delete": false,
            "lgpoType": "ENFORCE_REG_DWORD",
            "presentationId": "windows:google/windef:googlechrome:google"
          }
        ],
        "categoryPath": [
          "windows:Google",
          "windef:GoogleChrome"
        ],
        "hasLgpo": true
      },
      {
        "state": "enabled",
        "name": "Ask where to save downloaded files",
        "kvps": [
          {
            "key": "Software\\Policies\\Microsoft\\Windows\\MicrosoftEdge",
            "valueName": "Askwheretosavedownloadedfiles",
            "value": 1,
            "delete": false,
            "lgpoType": "ENFORCE_REG_DWORD",
            "presentationId": "windows:microsoftedge:askwheretosavedownloadedfiles"
          }
        ],
        "categoryPath": [
          "windows:MicrosoftEdge"
        ],
        "hasLgpo": true
      },
      {
        "state": "enabled",
        "name": "Prompt for download location",
        "kvps": [
          {
            "key": "Software\\Policies\\Microsoft\\Windows\\Mozilla",
            "valueName": "Promptfordownloadlocation",
            "value": 1,
            "delete": false,
            "lgpoType": "ENFORCE_REG_DWORD",
            "presentationId": "windows:mozilla/windef:firefox:promptfordownloadlocation"
          }
        ],
        "categoryPath": [
          "windows:Mozilla",
          "windef:Firefox"
        ],
        "hasLgpo": true
      },
      {
        "state": "enabled",
        "name": "Microsoft Edge",
        "kvps": [
          {
            "key": "Software\\Policies\\Google\\Chrome",
            "valueName": "Edge",
            "value": "\u0004",
            "delete": false,
            "lgpoType": "ENFORCE_REG_SZ",
            "presentationId": "windows:registry/windef:machinesettings:chrome"
          }
        ],
        "categoryPath": [
          "windows:Registry",
          "windef:MachineSettings",
          "Google"
        ],
        "hasLgpo": true
      }
    ],
    "useManagedDefinitions": false
  },
  "isTemplate": false,
  "priorityPool": 3,
  "type": {
    "id": 0,
    "name": "admxMachine",
    "initialContentSetName": "Enforce Windows",
    "policyTypeContentSetName": "Enforce Windows Machine Administrative Templates",
    "operatingSystem": "Windows",
    "policyClass": "machine",
    "endpointType": "cx",
    "readPrivilege": "enforce policy read",
    "writePrivilege": "enforce policy write",
    "contentSetId": 105,
    "policyTypeContentSetId": 276
  },
  "hasEnforcements": false,
  "taniumUsername": "jessewyatt",
  "taniumUpdatedUsername": "jessewyatt",
  "policySource": "standard"
}