{
  "id": null,
  "created_at": "2025-02-18T16:57:09.614Z",
  "updated_at": "2025-02-18T16:57:09.614Z",
  "deletedAt": null,
  "taniumUserId": 562,
  "updatedByTaniumUserId": 562,
  "changeType": "created",
  "contentSetId": 105,
  "name": "GPO - AV-Computer-Config Win11 Power Settings",
  "description": "Converted from GPO: AV-Computer-Config Win11 Power Settings (3F5CBFFD-D917-43EB-ACC1-2F665D417783)",
  "version": 1,
  "priority": 174,
  "typeId": 0,
  "data": {
    "policyItems": [
      {
        "state": "enabled",
        "name": "Allow network connectivity during connected-standby (on battery)",
        "kvps": [
          {
            "key": "Software\\Policies\\Microsoft\\Windows\\System",
            "valueName": "Allownetworkconnectivityduringconnectedstandbyonbattery",
            "value": 1,
            "delete": false,
            "lgpoType": "ENFORCE_REG_DWORD",
            "presentationId": "windows:system/windef:powermanagement/windef:sleepsettings:system"
          }
        ],
        "categoryPath": [
          "windows:System",
          "windef:PowerManagement",
          "windef:SleepSettings"
        ],
        "hasLgpo": true
      },
      {
        "state": "enabled",
        "name": "Allow network connectivity during connected-standby (plugged in)",
        "kvps": [
          {
            "key": "Software\\Policies\\Microsoft\\Windows\\System",
            "valueName": "Allownetworkconnectivityduringconnectedstandbypluggedin",
            "value": 1,
            "delete": false,
            "lgpoType": "ENFORCE_REG_DWORD",
            "presentationId": "windows:system/windef:powermanagement/windef:sleepsettings:system"
          }
        ],
        "categoryPath": [
          "windows:System",
          "windef:PowerManagement",
          "windef:SleepSettings"
        ],
        "hasLgpo": true
      },
      {
        "state": "enabled",
        "name": "PowerSettings f15576e8-98b7-4186-b944-eafa664402d9",
        "kvps": [
          {
            "key": "Software\\Policies\\Microsoft\\Power\\PowerSettings\\f15576e8-98b7-4186-b944-eafa664402d9",
            "valueName": "Enabled",
            "value": "\u0004",
            "delete": false,
            "lgpoType": "ENFORCE_REG_SZ",
            "presentationId": "windows:registry/windef:machinesettings:f15576e8-98b7-4186-b944-eafa664402d9"
          }
        ],
        "categoryPath": [
          "windows:Registry",
          "windef:MachineSettings",
          "PowerSettings"
        ],
        "hasLgpo": true
      }
    ],
    "useManagedDefinitions": false
  },
  "isTemplate": false,
  "priorityPool": 3,
  "type": {
    "id": 0,
    "name": "admxMachine",
    "initialContentSetName": "Enforce Windows",
    "policyTypeContentSetName": "Enforce Windows Machine Administrative Templates",
    "operatingSystem": "Windows",
    "policyClass": "machine",
    "endpointType": "cx",
    "readPrivilege": "enforce policy read",
    "writePrivilege": "enforce policy write",
    "contentSetId": 105,
    "policyTypeContentSetId": 276
  },
  "hasEnforcements": false,
  "taniumUsername": "jessewyatt",
  "taniumUpdatedUsername": "jessewyatt",
  "policySource": "standard"
}