{
  "id": null,
  "created_at": "2025-02-18T17:39:48.237Z",
  "updated_at": "2025-02-18T17:39:48.237Z",
  "deletedAt": null,
  "taniumUserId": 562,
  "updatedByTaniumUserId": 562,
  "changeType": "created",
  "contentSetId": 105,
  "name": "GPO - AV-Domain Default-Servers",
  "description": "Converted from GPO: AV-Domain Default-Servers (DE0C57B8-1CEB-4D69-A975-0985FCC2EAEE)",
  "version": 1,
  "priority": 178,
  "typeId": 0,
  "data": {
    "policyItems": [
      {
        "state": "enabled",
        "name": "Windows WindowsUpdate",
        "kvps": [
          {
            "key": "SOFTWARE\\Policies\\Microsoft\\Windows\\WindowsUpdate",
            "valueName": "Enabled",
            "value": "\u0004",
            "delete": false,
            "lgpoType": "ENFORCE_REG_SZ",
            "presentationId": "windows:registry/windef:machinesettings:windowsupdate"
          }
        ],
        "categoryPath": [
          "windows:Registry",
          "windef:MachineSettings",
          "Windows"
        ],
        "hasLgpo": true
      },
      {
        "state": "enabled",
        "name": "WindowsUpdate AU",
        "kvps": [
          {
            "key": "SOFTWARE\\Policies\\Microsoft\\Windows\\WindowsUpdate",
            "valueName": "AU",
            "value": "\u0004",
            "delete": false,
            "lgpoType": "ENFORCE_REG_SZ",
            "presentationId": "windows:registry/windef:machinesettings:windowsupdate"
          }
        ],
        "categoryPath": [
          "windows:Registry",
          "windef:MachineSettings",
          "Windows"
        ],
        "hasLgpo": true
      },
      {
        "state": "enabled",
        "name": "WindowsUpdate AU",
        "kvps": [
          {
            "key": "SOFTWARE\\Policies\\Microsoft\\Windows\\WindowsUpdate\\AU",
            "valueName": "Enabled",
            "value": "\u0004",
            "delete": false,
            "lgpoType": "ENFORCE_REG_SZ",
            "presentationId": "windows:registry/windef:machinesettings:au"
          }
        ],
        "categoryPath": [
          "windows:Registry",
          "windef:MachineSettings",
          "WindowsUpdate"
        ],
        "hasLgpo": true
      },
      {
        "state": "enabled",
        "name": "Windows NT Terminal Services",
        "kvps": [
          {
            "key": "SOFTWARE\\Policies\\Microsoft\\Windows\\WindowsUpdate\\AU",
            "valueName": "Terminal Services",
            "value": "\u0004",
            "delete": false,
            "lgpoType": "ENFORCE_REG_SZ",
            "presentationId": "windows:registry/windef:machinesettings:au"
          }
        ],
        "categoryPath": [
          "windows:Registry",
          "windef:MachineSettings",
          "WindowsUpdate"
        ],
        "hasLgpo": true
      },
      {
        "state": "enabled",
        "name": "Cryptography AutoEnrollment",
        "kvps": [
          {
            "key": "Software\\Policies\\Microsoft\\Cryptography\\AutoEnrollment",
            "valueName": "Enabled",
            "value": "\u0004",
            "delete": false,
            "lgpoType": "ENFORCE_REG_SZ",
            "presentationId": "windows:registry/windef:usersettings:autoenrollment"
          }
        ],
        "categoryPath": [
          "windows:Registry",
          "windef:UserSettings",
          "Cryptography"
        ],
        "hasLgpo": true
      },
      {
        "state": "enabled",
        "name": "Trust Certificates",
        "kvps": [
          {
            "key": "Software\\Policies\\Microsoft\\Cryptography\\AutoEnrollment",
            "valueName": "Certificates",
            "value": "",
            "delete": false,
            "lgpoType": "ENFORCE_REG_SZ",
            "presentationId": "windows:registry/windef:usersettings:autoenrollment"
          }
        ],
        "categoryPath": [
          "windows:Registry",
          "windef:UserSettings",
          "Cryptography"
        ],
        "hasLgpo": true
      },
      {
        "state": "enabled",
        "name": "Trust CTLs",
        "kvps": [
          {
            "key": "Software\\Policies\\Microsoft\\SystemCertificates\\Trust\\CRLs",
            "valueName": "CTLs",
            "value": 1,
            "delete": false,
            "lgpoType": "ENFORCE_REG_DWORD",
            "presentationId": "windows:registry/windef:usersettings:trust:crls"
          }
        ],
        "categoryPath": [
          "windows:Registry",
          "windef:UserSettings",
          "Trust"
        ],
        "hasLgpo": true
      },
      {
        "state": "enabled",
        "name": "TrustedPeople CRLs",
        "kvps": [
          {
            "key": "Software\\Policies\\Microsoft\\SystemCertificates\\TrustedPeople\\Certificates",
            "valueName": "CRLs",
            "value": 1,
            "delete": false,
            "lgpoType": "ENFORCE_REG_DWORD",
            "presentationId": "windows:registry/windef:usersettings:trustedpeople:certificates"
          }
        ],
        "categoryPath": [
          "windows:Registry",
          "windef:UserSettings",
          "TrustedPeople"
        ],
        "hasLgpo": true
      },
      {
        "state": "enabled",
        "name": "Trust Certificates",
        "kvps": [
          {
            "key": "Software\\Policies\\Microsoft\\SystemCertificates\\Trust\\Certificates",
            "valueName": "Enabled",
            "value": 1,
            "delete": false,
            "lgpoType": "ENFORCE_REG_DWORD",
            "presentationId": "windows:registry/windef:usersettings:trust:certificates"
          }
        ],
        "categoryPath": [
          "windows:Registry",
          "windef:UserSettings",
          "Trust"
        ],
        "hasLgpo": true
      },
      {
        "state": "enabled",
        "name": "TrustedPeople CTLs",
        "kvps": [
          {
            "key": "Software\\Policies\\Microsoft\\SystemCertificates\\TrustedPeople\\CTLs",
            "valueName": "Enabled",
            "value": 1,
            "delete": false,
            "lgpoType": "ENFORCE_REG_DWORD",
            "presentationId": "windows:registry/windef:usersettings:trustedpeople:ctls"
          }
        ],
        "categoryPath": [
          "windows:Registry",
          "windef:UserSettings",
          "TrustedPeople"
        ],
        "hasLgpo": true
      }
    ],
    "useManagedDefinitions": false
  },
  "isTemplate": false,
  "priorityPool": 3,
  "type": {
    "id": 0,
    "name": "admxMachine",
    "initialContentSetName": "Enforce Windows",
    "policyTypeContentSetName": "Enforce Windows Machine Administrative Templates",
    "operatingSystem": "Windows",
    "policyClass": "machine",
    "endpointType": "cx",
    "readPrivilege": "enforce policy read",
    "writePrivilege": "enforce policy write",
    "contentSetId": 105,
    "policyTypeContentSetId": 276
  },
  "hasEnforcements": false,
  "taniumUsername": "jessewyatt",
  "taniumUpdatedUsername": "jessewyatt",
  "policySource": "standard"
}