{
  "id": null,
  "created_at": "2025-02-18T17:09:37.562Z",
  "updated_at": "2025-02-18T17:09:37.562Z",
  "deletedAt": null,
  "taniumUserId": 562,
  "updatedByTaniumUserId": 562,
  "changeType": "created",
  "contentSetId": 105,
  "name": "GPO - AV-Computer-Config Uniflow Printers",
  "description": "Converted from GPO: AV-Computer-Config Uniflow Printers (6C3E5341-B555-4B75-9D2E-46E41406DF9E)",
  "version": 1,
  "priority": 107,
  "typeId": 0,
  "data": {
    "policyItems": [
      {
        "state": "enabled",
        "name": "Restrictions AllowUserDeviceClasses",
        "kvps": [
          {
            "key": "Software\\Policies\\Microsoft\\Windows\\DriverInstall\\Restrictions",
            "valueName": "AllowUserDeviceClasses",
            "value": "\u0001",
            "delete": false,
            "lgpoType": "ENFORCE_REG_SZ",
            "presentationId": "windows:registry/windef:machinesettings:restrictions"
          }
        ],
        "categoryPath": [
          "windows:Registry",
          "windef:MachineSettings",
          "DriverInstall"
        ],
        "hasLgpo": true
      },
      {
        "state": "enabled",
        "name": "Restrictions AllowUserDeviceClasses",
        "kvps": [
          {
            "key": "Software\\Policies\\Microsoft\\Windows\\DriverInstall\\Restrictions\\AllowUserDeviceClasses",
            "valueName": "Enabled",
            "value": "\u0001",
            "delete": false,
            "lgpoType": "ENFORCE_REG_SZ",
            "presentationId": "windows:registry/windef:machinesettings:allowuserdeviceclasses"
          }
        ],
        "categoryPath": [
          "windows:Registry",
          "windef:MachineSettings",
          "Restrictions"
        ],
        "hasLgpo": true
      }
    ],
    "useManagedDefinitions": false
  },
  "isTemplate": false,
  "priorityPool": 3,
  "type": {
    "id": 0,
    "name": "admxMachine",
    "initialContentSetName": "Enforce Windows",
    "policyTypeContentSetName": "Enforce Windows Machine Administrative Templates",
    "operatingSystem": "Windows",
    "policyClass": "machine",
    "endpointType": "cx",
    "readPrivilege": "enforce policy read",
    "writePrivilege": "enforce policy write",
    "contentSetId": 105,
    "policyTypeContentSetId": 276
  },
  "hasEnforcements": false,
  "taniumUsername": "jessewyatt",
  "taniumUpdatedUsername": "jessewyatt",
  "policySource": "standard"
}