{
  "id": null,
  "created_at": "2025-02-18T17:39:48.028Z",
  "updated_at": "2025-02-18T17:39:48.028Z",
  "deletedAt": null,
  "taniumUserId": 562,
  "updatedByTaniumUserId": 562,
  "changeType": "created",
  "contentSetId": 105,
  "name": "GPO - AV-Computer-Config Set Outlook as default mail client",
  "description": "Converted from GPO: AV-Computer-Config Set Outlook as default mail client (CEA77403-85CE-4132-B78F-064BDA0A2322)",
  "version": 1,
  "priority": 104,
  "typeId": 0,
  "data": {
    "policyItems": [
      {
        "state": "enabled",
        "name": "Set a default associations configuration file",
        "kvps": [
          {
            "key": "Software\\Policies\\Microsoft\\Windows",
            "valueName": "Setadefaultassociationsconfigurationfile",
            "value": 1,
            "delete": false,
            "lgpoType": "ENFORCE_REG_DWORD",
            "presentationId": "windows:windowscomponents/windef:fileexplorer:windows"
          }
        ],
        "categoryPath": [
          "windows:WindowsComponents",
          "windef:fileexplorer",
          "Microsoft"
        ],
        "hasLgpo": true
      }
    ],
    "useManagedDefinitions": false
  },
  "isTemplate": false,
  "priorityPool": 3,
  "type": {
    "id": 0,
    "name": "admxMachine",
    "initialContentSetName": "Enforce Windows",
    "policyTypeContentSetName": "Enforce Windows Machine Administrative Templates",
    "operatingSystem": "Windows",
    "policyClass": "machine",
    "endpointType": "cx",
    "readPrivilege": "enforce policy read",
    "writePrivilege": "enforce policy write",
    "contentSetId": 105,
    "policyTypeContentSetId": 276
  },
  "hasEnforcements": false,
  "taniumUsername": "jessewyatt",
  "taniumUpdatedUsername": "jessewyatt",
  "policySource": "standard"
}