{
  "id": null,
  "created_at": "2025-02-18T17:39:48.199Z",
  "updated_at": "2025-02-18T17:39:48.199Z",
  "deletedAt": null,
  "taniumUserId": 562,
  "updatedByTaniumUserId": 562,
  "changeType": "created",
  "contentSetId": 105,
  "name": "GPO - AV-Domain Default-Security AdministrativeTemplates",
  "description": "Converted from GPO: AV-Domain Default-Security AdministrativeTemplates (089E2320-8AF4-41AA-AD9B-91386D7BA9DC)",
  "version": 1,
  "priority": 158,
  "typeId": 0,
  "data": {
    "policyItems": [
      {
        "state": "enabled",
        "name": "Windows CloudContent",
        "kvps": [
          {
            "key": "Software\\policies\\Microsoft\\Windows\\AdvertisingInfo",
            "valueName": "CloudContent",
            "value": "\u0004",
            "delete": false,
            "lgpoType": "ENFORCE_REG_SZ",
            "presentationId": "windows:registry/windef:machinesettings:advertisinginfo"
          }
        ],
        "categoryPath": [
          "windows:Registry",
          "windef:MachineSettings",
          "Windows"
        ],
        "hasLgpo": true
      },
      {
        "state": "enabled",
        "name": "Windows DataCollection",
        "kvps": [
          {
            "key": "Software\\policies\\Microsoft\\Windows\\CurrentVersion\\Internet Settings\\Zones\\1",
            "valueName": "DataCollection",
            "value": "\u0004",
            "delete": false,
            "lgpoType": "ENFORCE_REG_SZ",
            "presentationId": "windows:registry/windef:machinesettings:1"
          }
        ],
        "categoryPath": [
          "windows:Registry",
          "windef:MachineSettings",
          "Zones"
        ],
        "hasLgpo": true
      },
      {
        "state": "enabled",
        "name": "Windows Windows Search",
        "kvps": [
          {
            "key": "Software\\policies\\Microsoft\\Windows\\DeliveryOptimization",
            "valueName": "Windows Search",
            "value": "\u0004",
            "delete": false,
            "lgpoType": "ENFORCE_REG_SZ",
            "presentationId": "windows:registry/windef:machinesettings:deliveryoptimization"
          }
        ],
        "categoryPath": [
          "windows:Registry",
          "windef:MachineSettings",
          "Windows"
        ],
        "hasLgpo": true
      },
      {
        "state": "enabled",
        "name": "Windows WindowsUpdate",
        "kvps": [
          {
            "key": "Software\\policies\\Microsoft\\Windows\\Windows Search",
            "valueName": "WindowsUpdate",
            "value": "\u0004",
            "delete": false,
            "lgpoType": "ENFORCE_REG_SZ",
            "presentationId": "windows:registry/windef:machinesettings:windows search"
          }
        ],
        "categoryPath": [
          "windows:Registry",
          "windef:MachineSettings",
          "Windows"
        ],
        "hasLgpo": true
      },
      {
        "state": "enabled",
        "name": "WindowsUpdate AU",
        "kvps": [
          {
            "key": "Software\\policies\\Microsoft\\Windows\\WindowsUpdate\\AU",
            "valueName": "Enabled",
            "value": "\u0004",
            "delete": false,
            "lgpoType": "ENFORCE_REG_SZ",
            "presentationId": "windows:registry/windef:machinesettings:au"
          }
        ],
        "categoryPath": [
          "windows:Registry",
          "windef:MachineSettings",
          "WindowsUpdate"
        ],
        "hasLgpo": true
      },
      {
        "state": "enabled",
        "name": "Microsoft Windows Mail",
        "kvps": [
          {
            "key": "Software\\policies\\Microsoft\\Windows\\WindowsUpdate\\AU",
            "valueName": "Windows Mail",
            "value": "\u0004",
            "delete": false,
            "lgpoType": "ENFORCE_REG_SZ",
            "presentationId": "windows:registry/windef:machinesettings:au"
          }
        ],
        "categoryPath": [
          "windows:Registry",
          "windef:MachineSettings",
          "WindowsUpdate"
        ],
        "hasLgpo": true
      },
      {
        "state": "enabled",
        "name": "Windows NT Terminal Services",
        "kvps": [
          {
            "key": "Software\\policies\\Microsoft\\Windows NT\\Terminal Services",
            "valueName": "Enabled",
            "value": "\u0004",
            "delete": false,
            "lgpoType": "ENFORCE_REG_SZ",
            "presentationId": "windows:registry/windef:machinesettings:terminal services"
          }
        ],
        "categoryPath": [
          "windows:Registry",
          "windef:MachineSettings",
          "Windows NT"
        ],
        "hasLgpo": true
      },
      {
        "state": "enabled",
        "name": "Terminal Services RAUnsolicit",
        "kvps": [
          {
            "key": "Software\\policies\\Microsoft\\Windows NT\\Terminal Services\\RAUnsolicit",
            "valueName": "Enabled",
            "value": "\u0001",
            "delete": false,
            "lgpoType": "ENFORCE_REG_SZ",
            "presentationId": "windows:registry/windef:machinesettings:raunsolicit"
          }
        ],
        "categoryPath": [
          "windows:Registry",
          "windef:MachineSettings",
          "Terminal Services"
        ],
        "hasLgpo": true
      },
      {
        "state": "enabled",
        "name": "System Power",
        "kvps": [
          {
            "key": "Software\\Microsoft\\Windows\\CurrentVersion\\Policies\\Explorer",
            "valueName": "Power",
            "value": "\u0004",
            "delete": false,
            "lgpoType": "ENFORCE_REG_SZ",
            "presentationId": "windows:registry/windef:usersettings:explorer"
          }
        ],
        "categoryPath": [
          "windows:Registry",
          "windef:UserSettings",
          "Policies"
        ],
        "hasLgpo": true
      }
    ],
    "useManagedDefinitions": false
  },
  "isTemplate": false,
  "priorityPool": 3,
  "type": {
    "id": 0,
    "name": "admxMachine",
    "initialContentSetName": "Enforce Windows",
    "policyTypeContentSetName": "Enforce Windows Machine Administrative Templates",
    "operatingSystem": "Windows",
    "policyClass": "machine",
    "endpointType": "cx",
    "readPrivilege": "enforce policy read",
    "writePrivilege": "enforce policy write",
    "contentSetId": 105,
    "policyTypeContentSetId": 276
  },
  "hasEnforcements": false,
  "taniumUsername": "jessewyatt",
  "taniumUpdatedUsername": "jessewyatt",
  "policySource": "standard"
}