{
  "id": null,
  "created_at": "2025-02-18T17:09:37.835Z",
  "updated_at": "2025-02-18T17:09:37.835Z",
  "deletedAt": null,
  "taniumUserId": 562,
  "updatedByTaniumUserId": 562,
  "changeType": "created",
  "contentSetId": 105,
  "name": "GPO - AV-Application-Firefox Enable autoupdate",
  "description": "Converted from GPO: AV-Application-Firefox Enable autoupdate (0D931450-78A8-4D4C-8EA7-182E4BF7A7B7)",
  "version": 1,
  "priority": 215,
  "typeId": 0,
  "data": {
    "policyItems": [
      {
        "state": "disabled",
        "name": "Disable Update",
        "kvps": [
          {
            "key": "Software\\Policies\\Microsoft\\Windows\\Mozilla",
            "valueName": "Update",
            "value": 1,
            "delete": false,
            "lgpoType": "ENFORCE_REG_DWORD",
            "presentationId": "windows:mozilla/windef:firefox:update"
          }
        ],
        "categoryPath": [
          "windows:Mozilla",
          "windef:Firefox"
        ],
        "hasLgpo": true
      }
    ],
    "useManagedDefinitions": false
  },
  "isTemplate": false,
  "priorityPool": 3,
  "type": {
    "id": 0,
    "name": "admxMachine",
    "initialContentSetName": "Enforce Windows",
    "policyTypeContentSetName": "Enforce Windows Machine Administrative Templates",
    "operatingSystem": "Windows",
    "policyClass": "machine",
    "endpointType": "cx",
    "readPrivilege": "enforce policy read",
    "writePrivilege": "enforce policy write",
    "contentSetId": 105,
    "policyTypeContentSetId": 276
  },
  "hasEnforcements": false,
  "taniumUsername": "jessewyatt",
  "taniumUpdatedUsername": "jessewyatt",
  "policySource": "standard"
}