{
  "id": null,
  "created_at": "2025-02-18T16:57:09.574Z",
  "updated_at": "2025-02-18T16:57:09.574Z",
  "deletedAt": null,
  "taniumUserId": 562,
  "updatedByTaniumUserId": 562,
  "changeType": "created",
  "contentSetId": 105,
  "name": "GPO - AV-Application-MSEdge - JNLP fix for ERP",
  "description": "Converted from GPO: AV-Application-MSEdge - JNLP fix for ERP (C9DE7367-A2AB-4262-8854-0D5A2DF0D4D8)",
  "version": 1,
  "priority": 156,
  "typeId": 0,
  "data": {
    "policyItems": [
      {
        "state": "enabled",
        "name": "List of file types that should be automatically opened on download",
        "kvps": [
          {
            "key": "Software\\Policies\\Microsoft\\Windows\\MicrosoftEdge",
            "valueName": "Listoffiletypesthatshouldbeautomaticallyopenedondownload",
            "value": 1,
            "delete": false,
            "lgpoType": "ENFORCE_REG_DWORD",
            "presentationId": "windows:microsoftedge:microsoftedge"
          }
        ],
        "categoryPath": [
          "windows:MicrosoftEdge"
        ],
        "hasLgpo": true
      },
      {
        "state": "enabled",
        "name": "URLs where AutoOpenFileTypes can apply",
        "kvps": [
          {
            "key": "Software\\Policies\\Microsoft\\Windows\\MicrosoftEdge",
            "valueName": "URLswhereAutoOpenFileTypescanapply",
            "value": 1,
            "delete": false,
            "lgpoType": "ENFORCE_REG_DWORD",
            "presentationId": "windows:microsoftedge:urlswhereautoopenfiletypescanapply"
          }
        ],
        "categoryPath": [
          "windows:MicrosoftEdge"
        ],
        "hasLgpo": true
      },
      {
        "state": "enabled",
        "name": "Edge AutoOpenAllowedForURLs",
        "kvps": [
          {
            "key": "Software\\Policies\\Microsoft\\Edge\\AutoOpenAllowedForURLs",
            "valueName": "Enabled",
            "value": "\u0001",
            "delete": false,
            "lgpoType": "ENFORCE_REG_SZ",
            "presentationId": "windows:registry/windef:machinesettings:autoopenallowedforurls"
          }
        ],
        "categoryPath": [
          "windows:Registry",
          "windef:MachineSettings",
          "Edge"
        ],
        "hasLgpo": true
      },
      {
        "state": "enabled",
        "name": "Edge AutoOpenFileTypes",
        "kvps": [
          {
            "key": "Software\\Policies\\Microsoft\\Edge\\AutoOpenAllowedForURLs",
            "valueName": "AutoOpenFileTypes",
            "value": "\u0001",
            "delete": false,
            "lgpoType": "ENFORCE_REG_SZ",
            "presentationId": "windows:registry/windef:machinesettings:autoopenallowedforurls"
          }
        ],
        "categoryPath": [
          "windows:Registry",
          "windef:MachineSettings",
          "Edge"
        ],
        "hasLgpo": true
      }
    ],
    "useManagedDefinitions": false
  },
  "isTemplate": false,
  "priorityPool": 3,
  "type": {
    "id": 0,
    "name": "admxMachine",
    "initialContentSetName": "Enforce Windows",
    "policyTypeContentSetName": "Enforce Windows Machine Administrative Templates",
    "operatingSystem": "Windows",
    "policyClass": "machine",
    "endpointType": "cx",
    "readPrivilege": "enforce policy read",
    "writePrivilege": "enforce policy write",
    "contentSetId": 105,
    "policyTypeContentSetId": 276
  },
  "hasEnforcements": false,
  "taniumUsername": "jessewyatt",
  "taniumUpdatedUsername": "jessewyatt",
  "policySource": "standard"
}