{
  "id": null,
  "created_at": null,
  "updated_at": null,
  "deletedAt": null,
  "taniumUserId": null,
  "updatedByTaniumUserId": null,
  "changeType": "created",
  "contentSetId": 105,
  "name": "RDP Session Limit - 2 hrs/6 hrs",
  "description": "Converted from GPO: RDP Session Limit - 2 hrs/6 hrs (FB8B8F22-26C5-468B-A6EB-D2583FB1DB6D)",
  "version": 1,
  "priority": 7,
  "typeId": 0,
  "data": {
    "policyItems": [
      {
        "state": "enabled",
        "name": "Set time limit for active but idle Remote Desktop Services sessions",
        "kvps": [
          {
            "key": "Software\\Policies\\Microsoft\\Windows",
            "valueName": "SettimelimitforactivebutidleRemoteDesktopServicessessions",
            "value": 1,
            "delete": false,
            "lgpoType": "ENFORCE_REG_DWORD",
            "presentationId": "windows:windowscomponents/windef:remotedesktopservices/windef:remotedesktopsessionhost/windef:sessiontimelimits:windows"
          }
        ],
        "categoryPath": [
          "windows:WindowsComponents",
          "windef:RemoteDesktopServices",
          "windef:RemoteDesktopSessionHost",
          "windef:SessionTimeLimits"
        ],
        "hasLgpo": true
      },
      {
        "state": "enabled",
        "name": "Set time limit for disconnected sessions",
        "kvps": [
          {
            "key": "Software\\Policies\\Microsoft\\Windows",
            "valueName": "Settimelimitfordisconnectedsessions",
            "value": 1,
            "delete": false,
            "lgpoType": "ENFORCE_REG_DWORD",
            "presentationId": "windows:windowscomponents/windef:remotedesktopservices/windef:remotedesktopsessionhost/windef:sessiontimelimits:windows"
          }
        ],
        "categoryPath": [
          "windows:WindowsComponents",
          "windef:RemoteDesktopServices",
          "windef:RemoteDesktopSessionHost",
          "windef:SessionTimeLimits"
        ],
        "hasLgpo": true
      },
      {
        "state": "enabled",
        "name": "Windows NT Terminal Services",
        "kvps": [
          {
            "key": "SOFTWARE\\Policies\\Microsoft\\Windows NT\\Terminal Services",
            "valueName": "Enabled",
            "value": "\u0004",
            "delete": false,
            "lgpoType": "ENFORCE_REG_SZ",
            "presentationId": "windows:registry/windef:machinesettings:terminal services"
          }
        ],
        "categoryPath": [
          "windows:Registry",
          "windef:MachineSettings",
          "Windows NT"
        ],
        "hasLgpo": true
      }
    ],
    "useManagedDefinitions": false
  },
  "isTemplate": false,
  "priorityPool": 3,
  "type": {
    "id": 0,
    "name": "admxMachine",
    "initialContentSetName": "Enforce Windows",
    "policyTypeContentSetName": "Enforce Windows Machine Administrative Templates",
    "operatingSystem": "Windows",
    "policyClass": "machine",
    "endpointType": "cx",
    "readPrivilege": "enforce policy read",
    "writePrivilege": "enforce policy write",
    "contentSetId": 105,
    "policyTypeContentSetId": 276
  },
  "hasEnforcements": false,
  "taniumUsername": "jessewyatt",
  "taniumUpdatedUsername": "jessewyatt",
  "policySource": "standard"
}