{
  "id": null,
  "created_at": null,
  "updated_at": null,
  "deletedAt": null,
  "taniumUserId": null,
  "updatedByTaniumUserId": null,
  "changeType": "created",
  "contentSetId": 105,
  "name": "SD-Computer-Config-Win11_Bitlocker",
  "description": "Converted from GPO: SD-Computer-Config-Win11_Bitlocker ([object Object])",
  "version": 1,
  "priority": 7,
  "typeId": 0,
  "data": {
    "policyItems": [
      {
        "state": "enabled",
        "name": "Registry Setting - [SOFTWARE\\Policies\\Microsoft\\FVE",
        "kvps": [
          {
            "key": "SOFTWARE\\Policies\\Microsoft\\FVE;EncryptionMethodWithXtsOs;\u0004;\u0004;\u0007",
            "valueName": "[SOFTWARE\\Policies\\Microsoft\\FVE",
            "value": "\u0004",
            "delete": false,
            "lgpoType": "ENFORCE_REG_SZ",
            "presentationId": "Machine:SOFTWARE\\Policies\\Microsoft\\FVE;EncryptionMethodWithXtsOs;\u0004;\u0004;\u0007:[SOFTWARE\\Policies\\Microsoft\\FVE"
          }
        ],
        "categoryPath": [
          "windows:Registry",
          "windef:MachineSettings"
        ],
        "hasLgpo": true
      },
      {
        "state": "enabled",
        "name": "Registry Setting - [SOFTWARE\\Policies\\Microsoft\\FVE",
        "kvps": [
          {
            "key": "SOFTWARE\\Policies\\Microsoft\\FVE;EncryptionMethodWithXtsRdv;\u0004;\u0004;\u0004",
            "valueName": "[SOFTWARE\\Policies\\Microsoft\\FVE",
            "value": "\u0004",
            "delete": false,
            "lgpoType": "ENFORCE_REG_SZ",
            "presentationId": "Machine:SOFTWARE\\Policies\\Microsoft\\FVE;EncryptionMethodWithXtsRdv;\u0004;\u0004;\u0004:[SOFTWARE\\Policies\\Microsoft\\FVE"
          }
        ],
        "categoryPath": [
          "windows:Registry",
          "windef:MachineSettings"
        ],
        "hasLgpo": true
      },
      {
        "state": "enabled",
        "name": "Registry Setting - [SOFTWARE\\Policies\\Microsoft\\FVE",
        "kvps": [
          {
            "key": "SOFTWARE\\Policies\\Microsoft\\FVE;ActiveDirectoryBackup;\u0004;\u0004;\u0001",
            "valueName": "[SOFTWARE\\Policies\\Microsoft\\FVE",
            "value": "\u0004",
            "delete": false,
            "lgpoType": "ENFORCE_REG_SZ",
            "presentationId": "Machine:SOFTWARE\\Policies\\Microsoft\\FVE;ActiveDirectoryBackup;\u0004;\u0004;\u0001:[SOFTWARE\\Policies\\Microsoft\\FVE"
          }
        ],
        "categoryPath": [
          "windows:Registry",
          "windef:MachineSettings"
        ],
        "hasLgpo": true
      },
      {
        "state": "enabled",
        "name": "Registry Setting - [SOFTWARE\\Policies\\Microsoft\\FVE",
        "kvps": [
          {
            "key": "SOFTWARE\\Policies\\Microsoft\\FVE;ActiveDirectoryInfoToStore;\u0004;\u0004;\u0001",
            "valueName": "[SOFTWARE\\Policies\\Microsoft\\FVE",
            "value": "\u0004",
            "delete": false,
            "lgpoType": "ENFORCE_REG_SZ",
            "presentationId": "Machine:SOFTWARE\\Policies\\Microsoft\\FVE;ActiveDirectoryInfoToStore;\u0004;\u0004;\u0001:[SOFTWARE\\Policies\\Microsoft\\FVE"
          }
        ],
        "categoryPath": [
          "windows:Registry",
          "windef:MachineSettings"
        ],
        "hasLgpo": true
      },
      {
        "state": "enabled",
        "name": "Registry Setting - [SOFTWARE\\Policies\\Microsoft\\FVE",
        "kvps": [
          {
            "key": "SOFTWARE\\Policies\\Microsoft\\FVE;UseAdvancedStartup;\u0004;\u0004;\u0001",
            "valueName": "[SOFTWARE\\Policies\\Microsoft\\FVE",
            "value": "\u0004",
            "delete": false,
            "lgpoType": "ENFORCE_REG_SZ",
            "presentationId": "Machine:SOFTWARE\\Policies\\Microsoft\\FVE;UseAdvancedStartup;\u0004;\u0004;\u0001:[SOFTWARE\\Policies\\Microsoft\\FVE"
          }
        ],
        "categoryPath": [
          "windows:Registry",
          "windef:MachineSettings"
        ],
        "hasLgpo": true
      },
      {
        "state": "enabled",
        "name": "Registry Setting - [SOFTWARE\\Policies\\Microsoft\\FVE",
        "kvps": [
          {
            "key": "SOFTWARE\\Policies\\Microsoft\\FVE;UseTPM;\u0004;\u0004;\u0002",
            "valueName": "[SOFTWARE\\Policies\\Microsoft\\FVE",
            "value": "\u0004",
            "delete": false,
            "lgpoType": "ENFORCE_REG_SZ",
            "presentationId": "Machine:SOFTWARE\\Policies\\Microsoft\\FVE;UseTPM;\u0004;\u0004;\u0002:[SOFTWARE\\Policies\\Microsoft\\FVE"
          }
        ],
        "categoryPath": [
          "windows:Registry",
          "windef:MachineSettings"
        ],
        "hasLgpo": true
      },
      {
        "state": "enabled",
        "name": "Registry Setting - [SOFTWARE\\Policies\\Microsoft\\FVE",
        "kvps": [
          {
            "key": "SOFTWARE\\Policies\\Microsoft\\FVE;UseTPMKey;\u0004;\u0004;",
            "valueName": "[SOFTWARE\\Policies\\Microsoft\\FVE",
            "value": "\u0004",
            "delete": false,
            "lgpoType": "ENFORCE_REG_SZ",
            "presentationId": "Machine:SOFTWARE\\Policies\\Microsoft\\FVE;UseTPMKey;\u0004;\u0004;:[SOFTWARE\\Policies\\Microsoft\\FVE"
          }
        ],
        "categoryPath": [
          "windows:Registry",
          "windef:MachineSettings"
        ],
        "hasLgpo": true
      },
      {
        "state": "enabled",
        "name": "Registry Setting - [SOFTWARE\\Policies\\Microsoft\\FVE",
        "kvps": [
          {
            "key": "SOFTWARE\\Policies\\Microsoft\\FVE;OSRecovery;\u0004;\u0004;\u0001",
            "valueName": "[SOFTWARE\\Policies\\Microsoft\\FVE",
            "value": "\u0004",
            "delete": false,
            "lgpoType": "ENFORCE_REG_SZ",
            "presentationId": "Machine:SOFTWARE\\Policies\\Microsoft\\FVE;OSRecovery;\u0004;\u0004;\u0001:[SOFTWARE\\Policies\\Microsoft\\FVE"
          }
        ],
        "categoryPath": [
          "windows:Registry",
          "windef:MachineSettings"
        ],
        "hasLgpo": true
      },
      {
        "state": "enabled",
        "name": "Registry Setting - [SOFTWARE\\Policies\\Microsoft\\FVE",
        "kvps": [
          {
            "key": "SOFTWARE\\Policies\\Microsoft\\FVE;OSRecoveryPassword;\u0004;\u0004;\u0002",
            "valueName": "[SOFTWARE\\Policies\\Microsoft\\FVE",
            "value": "\u0004",
            "delete": false,
            "lgpoType": "ENFORCE_REG_SZ",
            "presentationId": "Machine:SOFTWARE\\Policies\\Microsoft\\FVE;OSRecoveryPassword;\u0004;\u0004;\u0002:[SOFTWARE\\Policies\\Microsoft\\FVE"
          }
        ],
        "categoryPath": [
          "windows:Registry",
          "windef:MachineSettings"
        ],
        "hasLgpo": true
      },
      {
        "state": "enabled",
        "name": "Registry Setting - [SOFTWARE\\Policies\\Microsoft\\FVE",
        "kvps": [
          {
            "key": "SOFTWARE\\Policies\\Microsoft\\FVE;OSHideRecoveryPage;\u0004;\u0004;\u0001",
            "valueName": "[SOFTWARE\\Policies\\Microsoft\\FVE",
            "value": "\u0004",
            "delete": false,
            "lgpoType": "ENFORCE_REG_SZ",
            "presentationId": "Machine:SOFTWARE\\Policies\\Microsoft\\FVE;OSHideRecoveryPage;\u0004;\u0004;\u0001:[SOFTWARE\\Policies\\Microsoft\\FVE"
          }
        ],
        "categoryPath": [
          "windows:Registry",
          "windef:MachineSettings"
        ],
        "hasLgpo": true
      },
      {
        "state": "enabled",
        "name": "Registry Setting - [SOFTWARE\\Policies\\Microsoft\\FVE",
        "kvps": [
          {
            "key": "SOFTWARE\\Policies\\Microsoft\\FVE;OSActiveDirectoryInfoToStore;\u0004;\u0004;\u0001",
            "valueName": "[SOFTWARE\\Policies\\Microsoft\\FVE",
            "value": "\u0004",
            "delete": false,
            "lgpoType": "ENFORCE_REG_SZ",
            "presentationId": "Machine:SOFTWARE\\Policies\\Microsoft\\FVE;OSActiveDirectoryInfoToStore;\u0004;\u0004;\u0001:[SOFTWARE\\Policies\\Microsoft\\FVE"
          }
        ],
        "categoryPath": [
          "windows:Registry",
          "windef:MachineSettings"
        ],
        "hasLgpo": true
      },
      {
        "state": "enabled",
        "name": "Registry Setting - [SOFTWARE\\Policies\\Microsoft\\FVE",
        "kvps": [
          {
            "key": "SOFTWARE\\Policies\\Microsoft\\FVE;FDVEncryptionType;\u0004;\u0004;\u0001",
            "valueName": "[SOFTWARE\\Policies\\Microsoft\\FVE",
            "value": "\u0004",
            "delete": false,
            "lgpoType": "ENFORCE_REG_SZ",
            "presentationId": "Machine:SOFTWARE\\Policies\\Microsoft\\FVE;FDVEncryptionType;\u0004;\u0004;\u0001:[SOFTWARE\\Policies\\Microsoft\\FVE"
          }
        ],
        "categoryPath": [
          "windows:Registry",
          "windef:MachineSettings"
        ],
        "hasLgpo": true
      },
      {
        "state": "enabled",
        "name": "Registry Setting - [SOFTWARE\\Policies\\Microsoft\\FVE",
        "kvps": [
          {
            "key": "SOFTWARE\\Policies\\Microsoft\\FVE;FDVManageDRA;\u0004;\u0004;\u0001",
            "valueName": "[SOFTWARE\\Policies\\Microsoft\\FVE",
            "value": "\u0004",
            "delete": false,
            "lgpoType": "ENFORCE_REG_SZ",
            "presentationId": "Machine:SOFTWARE\\Policies\\Microsoft\\FVE;FDVManageDRA;\u0004;\u0004;\u0001:[SOFTWARE\\Policies\\Microsoft\\FVE"
          }
        ],
        "categoryPath": [
          "windows:Registry",
          "windef:MachineSettings"
        ],
        "hasLgpo": true
      },
      {
        "state": "enabled",
        "name": "Registry Setting - [SOFTWARE\\Policies\\Microsoft\\FVE",
        "kvps": [
          {
            "key": "SOFTWARE\\Policies\\Microsoft\\FVE;FDVRecoveryKey;\u0004;\u0004;\u0002",
            "valueName": "[SOFTWARE\\Policies\\Microsoft\\FVE",
            "value": "\u0004",
            "delete": false,
            "lgpoType": "ENFORCE_REG_SZ",
            "presentationId": "Machine:SOFTWARE\\Policies\\Microsoft\\FVE;FDVRecoveryKey;\u0004;\u0004;\u0002:[SOFTWARE\\Policies\\Microsoft\\FVE"
          }
        ],
        "categoryPath": [
          "windows:Registry",
          "windef:MachineSettings"
        ],
        "hasLgpo": true
      },
      {
        "state": "enabled",
        "name": "Registry Setting - [SOFTWARE\\Policies\\Microsoft\\FVE",
        "kvps": [
          {
            "key": "SOFTWARE\\Policies\\Microsoft\\FVE;FDVActiveDirectoryBackup;\u0004;\u0004;\u0001",
            "valueName": "[SOFTWARE\\Policies\\Microsoft\\FVE",
            "value": "\u0004",
            "delete": false,
            "lgpoType": "ENFORCE_REG_SZ",
            "presentationId": "Machine:SOFTWARE\\Policies\\Microsoft\\FVE;FDVActiveDirectoryBackup;\u0004;\u0004;\u0001:[SOFTWARE\\Policies\\Microsoft\\FVE"
          }
        ],
        "categoryPath": [
          "windows:Registry",
          "windef:MachineSettings"
        ],
        "hasLgpo": true
      },
      {
        "state": "enabled",
        "name": "Registry Setting - [SOFTWARE\\Policies\\Microsoft\\Power\\PowerSettings\\f15576e8-98b7-4186-b944-eafa664402d9",
        "kvps": [
          {
            "key": "SOFTWARE\\Policies\\Microsoft\\FVE;FDVRequireActiveDirectoryBackup;\u0004;\u0004;\u0001",
            "valueName": "[SOFTWARE\\Policies\\Microsoft\\Power\\PowerSettings\\f15576e8-98b7-4186-b944-eafa664402d9",
            "value": "\u0004",
            "delete": false,
            "lgpoType": "ENFORCE_REG_SZ",
            "presentationId": "Machine:SOFTWARE\\Policies\\Microsoft\\FVE;FDVRequireActiveDirectoryBackup;\u0004;\u0004;\u0001:[SOFTWARE\\Policies\\Microsoft\\Power\\PowerSettings\\f15576e8-98b7-4186-b944-eafa664402d9"
          }
        ],
        "categoryPath": [
          "windows:Registry",
          "windef:MachineSettings"
        ],
        "hasLgpo": true
      }
    ],
    "useManagedDefinitions": false
  },
  "isTemplate": false,
  "priorityPool": 3,
  "type": {
    "id": 0,
    "name": "admxMachine",
    "initialContentSetName": "Enforce Windows",
    "policyTypeContentSetName": "Enforce Windows Machine Administrative Templates",
    "operatingSystem": "Windows",
    "policyClass": "machine",
    "endpointType": "cx",
    "readPrivilege": "enforce policy read",
    "writePrivilege": "enforce policy write",
    "contentSetId": 105,
    "policyTypeContentSetId": 276
  },
  "hasEnforcements": false,
  "taniumUsername": null,
  "taniumUpdatedUsername": null,
  "policySource": "standard"
}