{
  "id": null,
  "created_at": "2025-02-18T16:52:04.513Z",
  "updated_at": "2025-02-18T16:52:04.513Z",
  "deletedAt": null,
  "taniumUserId": 562,
  "updatedByTaniumUserId": 562,
  "changeType": "created",
  "contentSetId": 105,
  "name": "Trust center Disable protected view",
  "description": "Converted from GPO: Trust center Disable protected view (B077055B-0ACB-479D-938B-0D902FB4B8A9)",
  "version": 1,
  "priority": 171,
  "typeId": 0,
  "data": {
    "policyItems": [
      {
        "state": "enabled",
        "name": "Turn off Protected View for attachments opened from Outlook",
        "kvps": [
          {
            "key": "Software\\Policies\\Microsoft\\Windows\\MicrosoftWord2016",
            "valueName": "TurnoffProtectedViewforattachmentsopenedfromOutlook",
            "value": 1,
            "delete": false,
            "lgpoType": "ENFORCE_REG_DWORD",
            "presentationId": "windows:microsoftword2016/windef:wordoptions/windef:security/windef:trustcenter/windef:protectedview:microsoftword2016"
          }
        ],
        "categoryPath": [
          "windows:MicrosoftWord2016",
          "windef:WordOptions",
          "windef:Security",
          "windef:TrustCenter",
          "windef:ProtectedView"
        ],
        "hasLgpo": true
      }
    ],
    "useManagedDefinitions": false
  },
  "isTemplate": false,
  "priorityPool": 3,
  "type": {
    "id": 0,
    "name": "admxMachine",
    "initialContentSetName": "Enforce Windows",
    "policyTypeContentSetName": "Enforce Windows Machine Administrative Templates",
    "operatingSystem": "Windows",
    "policyClass": "machine",
    "endpointType": "cx",
    "readPrivilege": "enforce policy read",
    "writePrivilege": "enforce policy write",
    "contentSetId": 105,
    "policyTypeContentSetId": 276
  },
  "hasEnforcements": false,
  "taniumUsername": "jessewyatt",
  "taniumUpdatedUsername": "jessewyatt",
  "policySource": "standard"
}