{
  "id": null,
  "created_at": null,
  "updated_at": null,
  "deletedAt": null,
  "taniumUserId": null,
  "updatedByTaniumUserId": null,
  "changeType": "created",
  "contentSetId": 105,
  "name": "VDI RDS App Restrictions",
  "description": "Converted from GPO: VDI RDS App Restrictions ({8AB54735-E3C1-46BB-9B17-1712A6122C2C})",
  "version": 1,
  "priority": 7,
  "typeId": 0,
  "data": {
    "policyItems": [
      {
        "state": "enabled",
        "name": "Disallowed CRLs",
        "kvps": [
          {
            "key": "Software\\Policies\\Microsoft\\SystemCertificates\\Disallowed\\CRLs",
            "valueName": "Enabled",
            "value": 1,
            "delete": false,
            "lgpoType": "ENFORCE_REG_DWORD",
            "presentationId": "windows:registry/windef:usersettings:disallowed:crls"
          }
        ],
        "categoryPath": [
          "windows:Registry",
          "windef:MachineSettings",
          "Disallowed"
        ],
        "hasLgpo": true
      },
      {
        "state": "enabled",
        "name": "TrustedPublisher Certificates",
        "kvps": [
          {
            "key": "Software\\Policies\\Microsoft\\SystemCertificates\\TrustedPublisher\\Certificates",
            "valueName": "Enabled",
            "value": 1,
            "delete": false,
            "lgpoType": "ENFORCE_REG_DWORD",
            "presentationId": "windows:registry/windef:usersettings:trustedpublisher:certificates"
          }
        ],
        "categoryPath": [
          "windows:Registry",
          "windef:MachineSettings",
          "TrustedPublisher"
        ],
        "hasLgpo": true
      },
      {
        "state": "enabled",
        "name": "TrustedPublisher CTLs",
        "kvps": [
          {
            "key": "Software\\Policies\\Microsoft\\SystemCertificates\\TrustedPublisher\\CTLs",
            "valueName": "Enabled",
            "value": 1,
            "delete": false,
            "lgpoType": "ENFORCE_REG_DWORD",
            "presentationId": "windows:registry/windef:usersettings:trustedpublisher:ctls"
          }
        ],
        "categoryPath": [
          "windows:Registry",
          "windef:MachineSettings",
          "TrustedPublisher"
        ],
        "hasLgpo": true
      },
      {
        "state": "enabled",
        "name": "Safer CodeIdentifiers",
        "kvps": [
          {
            "key": "Software\\Policies\\Microsoft\\Windows\\Safer\\CodeIdentifiers",
            "valueName": "Enabled",
            "value": 1,
            "delete": false,
            "lgpoType": "ENFORCE_REG_DWORD",
            "presentationId": "windows:registry/windef:machinesettings:codeidentifiers"
          }
        ],
        "categoryPath": [
          "windows:Registry",
          "windef:MachineSettings",
          "Safer"
        ],
        "hasLgpo": true
      },
      {
        "state": "enabled",
        "name": "Paths {5b6c3ffc-86ad-4b03-bd70-7955d29a9ae2}",
        "kvps": [
          {
            "key": "Software\\Policies\\Microsoft\\Windows\\Safer\\CodeIdentifiers\\0\\Paths\\{5b6c3ffc-86ad-4b03-bd70-7955d29a9ae2}",
            "valueName": "ItemData",
            "value": 1,
            "delete": false,
            "lgpoType": "ENFORCE_REG_DWORD",
            "presentationId": "windows:registry/windef:machinesettings:5b6c3ffc-86ad-4b03-bd70-7955d29a9ae2"
          }
        ],
        "categoryPath": [
          "windows:Registry",
          "windef:UserSettings",
          "CodeIdentifiers"
        ],
        "hasLgpo": true
      },
      {
        "state": "enabled",
        "name": "131072 Paths",
        "kvps": [
          {
            "key": "Software\\Policies\\Microsoft\\Windows\\Safer\\CodeIdentifiers\\0\\Paths\\{f7483842-af91-41db-8e68-4f5c2aac1ad6}",
            "valueName": "ItemData",
            "value": 1,
            "delete": false,
            "lgpoType": "ENFORCE_REG_DWORD",
            "presentationId": "windows:registry/windef:machinesettings:f7483842-af91-41db-8e68-4f5c2aac1ad6"
          }
        ],
        "categoryPath": [
          "windows:Registry",
          "windef:UserSettings",
          "CodeIdentifiers"
        ],
        "hasLgpo": true
      },
      {
        "state": "enabled",
        "name": "Paths {191cd7fa-f240-4a17-8986-94d480a6c8ca}",
        "kvps": [
          {
            "key": "Software\\Policies\\Microsoft\\Windows\\Safer\\CodeIdentifiers\\262144\\Paths\\{191cd7fa-f240-4a17-8986-94d480a6c8ca}",
            "valueName": "ItemData",
            "value": 1,
            "delete": false,
            "lgpoType": "ENFORCE_REG_DWORD",
            "presentationId": "windows:registry/windef:machinesettings:191cd7fa-f240-4a17-8986-94d480a6c8ca"
          }
        ],
        "categoryPath": [
          "windows:Registry",
          "windef:UserSettings",
          "CodeIdentifiers"
        ],
        "hasLgpo": true
      },
      {
        "state": "enabled",
        "name": "Paths {44957845-f81b-46e3-ae00-c9a274cb5d48}",
        "kvps": [
          {
            "key": "Software\\Policies\\Microsoft\\Windows\\Safer\\CodeIdentifiers\\262144\\Paths\\{44957845-f81b-46e3-ae00-c9a274cb5d48}",
            "valueName": "ItemData",
            "value": 1,
            "delete": false,
            "lgpoType": "ENFORCE_REG_DWORD",
            "presentationId": "windows:registry/windef:machinesettings:44957845-f81b-46e3-ae00-c9a274cb5d48"
          }
        ],
        "categoryPath": [
          "windows:Registry",
          "windef:UserSettings",
          "CodeIdentifiers"
        ],
        "hasLgpo": true
      },
      {
        "state": "enabled",
        "name": "Paths {a993a1f1-4f95-43fc-9dd4-fcc96307fe0d}",
        "kvps": [
          {
            "key": "Software\\Policies\\Microsoft\\Windows\\Safer\\CodeIdentifiers\\262144\\Paths\\{a993a1f1-4f95-43fc-9dd4-fcc96307fe0d}",
            "valueName": "ItemData",
            "value": 1,
            "delete": false,
            "lgpoType": "ENFORCE_REG_DWORD",
            "presentationId": "windows:registry/windef:machinesettings:a993a1f1-4f95-43fc-9dd4-fcc96307fe0d"
          }
        ],
        "categoryPath": [
          "windows:Registry",
          "windef:UserSettings",
          "CodeIdentifiers"
        ],
        "hasLgpo": true
      },
      {
        "state": "enabled",
        "name": "Paths {d2c34ab2-529a-46b2-b293-fc853fce72ea}",
        "kvps": [
          {
            "key": "Software\\Policies\\Microsoft\\Windows\\Safer\\CodeIdentifiers\\262144\\Paths\\{d2c34ab2-529a-46b2-b293-fc853fce72ea}",
            "valueName": "ItemData",
            "value": 1,
            "delete": false,
            "lgpoType": "ENFORCE_REG_DWORD",
            "presentationId": "windows:registry/windef:machinesettings:d2c34ab2-529a-46b2-b293-fc853fce72ea"
          }
        ],
        "categoryPath": [
          "windows:Registry",
          "windef:UserSettings",
          "CodeIdentifiers"
        ],
        "hasLgpo": true
      },
      {
        "state": "enabled",
        "name": "Disallowed Certificates",
        "kvps": [
          {
            "key": "Software\\Policies\\Microsoft\\SystemCertificates\\Disallowed\\Certificates",
            "valueName": "Enabled",
            "value": 1,
            "delete": false,
            "lgpoType": "ENFORCE_REG_DWORD",
            "presentationId": "windows:registry/windef:usersettings:disallowed:certificates"
          }
        ],
        "categoryPath": [
          "windows:Registry",
          "windef:UserSettings",
          "Disallowed"
        ],
        "hasLgpo": true
      },
      {
        "state": "enabled",
        "name": "Disallowed CTLs",
        "kvps": [
          {
            "key": "Software\\Policies\\Microsoft\\SystemCertificates\\Disallowed\\CTLs",
            "valueName": "Enabled",
            "value": 1,
            "delete": false,
            "lgpoType": "ENFORCE_REG_DWORD",
            "presentationId": "windows:registry/windef:usersettings:disallowed:ctls"
          }
        ],
        "categoryPath": [
          "windows:Registry",
          "windef:UserSettings",
          "Disallowed"
        ],
        "hasLgpo": true
      },
      {
        "state": "enabled",
        "name": "TrustedPublisher CRLs",
        "kvps": [
          {
            "key": "Software\\Policies\\Microsoft\\SystemCertificates\\TrustedPublisher\\CRLs",
            "valueName": "Enabled",
            "value": 1,
            "delete": false,
            "lgpoType": "ENFORCE_REG_DWORD",
            "presentationId": "windows:registry/windef:usersettings:trustedpublisher:crls"
          }
        ],
        "categoryPath": [
          "windows:Registry",
          "windef:UserSettings",
          "TrustedPublisher"
        ],
        "hasLgpo": true
      }
    ],
    "useManagedDefinitions": false
  },
  "isTemplate": false,
  "priorityPool": 3,
  "type": {
    "id": 0,
    "name": "admxMachine",
    "initialContentSetName": "Enforce Windows",
    "policyTypeContentSetName": "Enforce Windows Machine Administrative Templates",
    "operatingSystem": "Windows",
    "policyClass": "machine",
    "endpointType": "cx",
    "readPrivilege": "enforce policy read",
    "writePrivilege": "enforce policy write",
    "contentSetId": 105,
    "policyTypeContentSetId": 276
  },
  "hasEnforcements": false,
  "taniumUsername": null,
  "taniumUpdatedUsername": null,
  "policySource": "standard"
}