{
  "id": null,
  "created_at": null,
  "updated_at": null,
  "deletedAt": null,
  "taniumUserId": null,
  "updatedByTaniumUserId": null,
  "changeType": "created",
  "contentSetId": 105,
  "name": "VDI RDS App Restrictions",
  "description": "Converted from GPO: VDI RDS App Restrictions ([object Object])",
  "version": 1,
  "priority": 7,
  "typeId": 0,
  "data": {
    "policyItems": [
      {
        "state": "enabled",
        "name": "Registry Setting - [Software\\Policies\\Microsoft\\SystemCertificates\\Disallowed\\CRLs",
        "kvps": [
          {
            "key": "Software\\Policies\\Microsoft\\SystemCertificates\\Disallowed\\Certificates",
            "valueName": "Software\\Policies\\Microsoft\\SystemCertificates\\Disallowed\\CRLs",
            "value": "",
            "delete": false,
            "lgpoType": "ENFORCE_REG_SZ",
            "presentationId": "windows:Registry/windef:MachineSettings:Software\\Policies\\Microsoft\\SystemCertificates\\Disallowed\\CRLs"
          }
        ],
        "categoryPath": [
          "windows:Registry",
          "windef:MachineSettings"
        ],
        "hasLgpo": true
      },
      {
        "state": "enabled",
        "name": "Registry Setting - [Software\\Policies\\Microsoft\\SystemCertificates\\TrustedPublisher\\Certificates",
        "kvps": [
          {
            "key": "Software\\Policies\\Microsoft\\SystemCertificates\\Disallowed\\CTLs",
            "valueName": "Software\\Policies\\Microsoft\\SystemCertificates\\TrustedPublisher\\Certificates",
            "value": "",
            "delete": false,
            "lgpoType": "ENFORCE_REG_SZ",
            "presentationId": "windows:Registry/windef:MachineSettings:Software\\Policies\\Microsoft\\SystemCertificates\\TrustedPublisher\\Certificates"
          }
        ],
        "categoryPath": [
          "windows:Registry",
          "windef:MachineSettings"
        ],
        "hasLgpo": true
      },
      {
        "state": "enabled",
        "name": "Registry Setting - [Software\\Policies\\Microsoft\\SystemCertificates\\TrustedPublisher\\CTLs",
        "kvps": [
          {
            "key": "Software\\Policies\\Microsoft\\SystemCertificates\\TrustedPublisher\\CRLs",
            "valueName": "Software\\Policies\\Microsoft\\SystemCertificates\\TrustedPublisher\\CTLs",
            "value": "",
            "delete": false,
            "lgpoType": "ENFORCE_REG_SZ",
            "presentationId": "windows:Registry/windef:MachineSettings:Software\\Policies\\Microsoft\\SystemCertificates\\TrustedPublisher\\CTLs"
          }
        ],
        "categoryPath": [
          "windows:Registry",
          "windef:MachineSettings"
        ],
        "hasLgpo": true
      },
      {
        "state": "enabled",
        "name": "Registry Setting - [Software\\Policies\\Microsoft\\Windows\\Safer\\CodeIdentifiers",
        "kvps": [
          {
            "key": "Software\\Policies\\Microsoft\\Windows\\Safer\\CodeIdentifiers",
            "valueName": "Software\\Policies\\Microsoft\\Windows\\Safer\\CodeIdentifiers",
            "value": "",
            "delete": false,
            "lgpoType": "ENFORCE_REG_SZ",
            "presentationId": "windows:Registry/windef:MachineSettings:Software\\Policies\\Microsoft\\Windows\\Safer\\CodeIdentifiers"
          }
        ],
        "categoryPath": [
          "windows:Registry",
          "windef:MachineSettings"
        ],
        "hasLgpo": true
      },
      {
        "state": "enabled",
        "name": "Registry Setting - [Software\\Policies\\Microsoft\\Windows\\Safer\\CodeIdentifiers",
        "kvps": [
          {
            "key": "Software\\Policies\\Microsoft\\Windows\\Safer\\CodeIdentifiers",
            "valueName": "Software\\Policies\\Microsoft\\Windows\\Safer\\CodeIdentifiers",
            "value": "",
            "delete": false,
            "lgpoType": "ENFORCE_REG_SZ",
            "presentationId": "windows:Registry/windef:MachineSettings:Software\\Policies\\Microsoft\\Windows\\Safer\\CodeIdentifiers"
          }
        ],
        "categoryPath": [
          "windows:Registry",
          "windef:MachineSettings"
        ],
        "hasLgpo": true
      },
      {
        "state": "enabled",
        "name": "Registry Setting - [Software\\Policies\\Microsoft\\Windows\\Safer\\CodeIdentifiers\\0\\Paths\\{5b6c3ffc-86ad-4b03-bd70-7955d29a9ae2}",
        "kvps": [
          {
            "key": "Software\\Policies\\Microsoft\\Windows\\Safer\\CodeIdentifiers",
            "valueName": "Software\\Policies\\Microsoft\\Windows\\Safer\\CodeIdentifiers\\0\\Paths\\{5b6c3ffc-86ad-4b03-bd70-7955d29a9ae2}",
            "value": "",
            "delete": false,
            "lgpoType": "ENFORCE_REG_SZ",
            "presentationId": "windows:Registry/windef:MachineSettings:Software\\Policies\\Microsoft\\Windows\\Safer\\CodeIdentifiers\\0\\Paths\\{5b6c3ffc-86ad-4b03-bd70-7955d29a9ae2}"
          }
        ],
        "categoryPath": [
          "windows:Registry",
          "windef:MachineSettings"
        ],
        "hasLgpo": true
      },
      {
        "state": "enabled",
        "name": "Registry Setting - [Software\\Policies\\Microsoft\\Windows\\Safer\\CodeIdentifiers\\0\\Paths\\{5b6c3ffc-86ad-4b03-bd70-7955d29a9ae2}",
        "kvps": [
          {
            "key": "Software\\Policies\\Microsoft\\Windows\\Safer\\CodeIdentifiers\\0\\Paths\\{5b6c3ffc-86ad-4b03-bd70-7955d29a9ae2}",
            "valueName": "Software\\Policies\\Microsoft\\Windows\\Safer\\CodeIdentifiers\\0\\Paths\\{5b6c3ffc-86ad-4b03-bd70-7955d29a9ae2}",
            "value": "",
            "delete": false,
            "lgpoType": "ENFORCE_REG_SZ",
            "presentationId": "windows:Registry/windef:MachineSettings:Software\\Policies\\Microsoft\\Windows\\Safer\\CodeIdentifiers\\0\\Paths\\{5b6c3ffc-86ad-4b03-bd70-7955d29a9ae2}"
          }
        ],
        "categoryPath": [
          "windows:Registry",
          "windef:MachineSettings"
        ],
        "hasLgpo": true
      },
      {
        "state": "enabled",
        "name": "Registry Setting - [Software\\Policies\\Microsoft\\Windows\\Safer\\CodeIdentifiers\\0\\Paths\\{f7483842-af91-41db-8e68-4f5c2aac1ad6}",
        "kvps": [
          {
            "key": "Software\\Policies\\Microsoft\\Windows\\Safer\\CodeIdentifiers\\0\\Paths\\{5b6c3ffc-86ad-4b03-bd70-7955d29a9ae2}",
            "valueName": "Software\\Policies\\Microsoft\\Windows\\Safer\\CodeIdentifiers\\0\\Paths\\{f7483842-af91-41db-8e68-4f5c2aac1ad6}",
            "value": "",
            "delete": false,
            "lgpoType": "ENFORCE_REG_SZ",
            "presentationId": "windows:Registry/windef:MachineSettings:Software\\Policies\\Microsoft\\Windows\\Safer\\CodeIdentifiers\\0\\Paths\\{f7483842-af91-41db-8e68-4f5c2aac1ad6}"
          }
        ],
        "categoryPath": [
          "windows:Registry",
          "windef:MachineSettings"
        ],
        "hasLgpo": true
      },
      {
        "state": "enabled",
        "name": "Registry Setting - [Software\\Policies\\Microsoft\\Windows\\Safer\\CodeIdentifiers\\0\\Paths\\{f7483842-af91-41db-8e68-4f5c2aac1ad6}",
        "kvps": [
          {
            "key": "Software\\Policies\\Microsoft\\Windows\\Safer\\CodeIdentifiers\\0\\Paths\\{f7483842-af91-41db-8e68-4f5c2aac1ad6}",
            "valueName": "Software\\Policies\\Microsoft\\Windows\\Safer\\CodeIdentifiers\\0\\Paths\\{f7483842-af91-41db-8e68-4f5c2aac1ad6}",
            "value": "",
            "delete": false,
            "lgpoType": "ENFORCE_REG_SZ",
            "presentationId": "windows:Registry/windef:MachineSettings:Software\\Policies\\Microsoft\\Windows\\Safer\\CodeIdentifiers\\0\\Paths\\{f7483842-af91-41db-8e68-4f5c2aac1ad6}"
          }
        ],
        "categoryPath": [
          "windows:Registry",
          "windef:MachineSettings"
        ],
        "hasLgpo": true
      },
      {
        "state": "enabled",
        "name": "Registry Setting - [Software\\Policies\\Microsoft\\Windows\\Safer\\CodeIdentifiers\\131072\\Paths",
        "kvps": [
          {
            "key": "Software\\Policies\\Microsoft\\Windows\\Safer\\CodeIdentifiers\\0\\Paths\\{f7483842-af91-41db-8e68-4f5c2aac1ad6}",
            "valueName": "Software\\Policies\\Microsoft\\Windows\\Safer\\CodeIdentifiers\\131072\\Paths",
            "value": "",
            "delete": false,
            "lgpoType": "ENFORCE_REG_SZ",
            "presentationId": "windows:Registry/windef:MachineSettings:Software\\Policies\\Microsoft\\Windows\\Safer\\CodeIdentifiers\\131072\\Paths"
          }
        ],
        "categoryPath": [
          "windows:Registry",
          "windef:MachineSettings"
        ],
        "hasLgpo": true
      },
      {
        "state": "enabled",
        "name": "Registry Setting - [Software\\Policies\\Microsoft\\Windows\\Safer\\CodeIdentifiers\\262144\\Paths\\{191cd7fa-f240-4a17-8986-94d480a6c8ca}",
        "kvps": [
          {
            "key": "Software\\Policies\\Microsoft\\Windows\\Safer\\CodeIdentifiers\\262144\\Paths\\{191cd7fa-f240-4a17-8986-94d480a6c8ca}",
            "valueName": "Software\\Policies\\Microsoft\\Windows\\Safer\\CodeIdentifiers\\262144\\Paths\\{191cd7fa-f240-4a17-8986-94d480a6c8ca}",
            "value": "",
            "delete": false,
            "lgpoType": "ENFORCE_REG_SZ",
            "presentationId": "windows:Registry/windef:MachineSettings:Software\\Policies\\Microsoft\\Windows\\Safer\\CodeIdentifiers\\262144\\Paths\\{191cd7fa-f240-4a17-8986-94d480a6c8ca}"
          }
        ],
        "categoryPath": [
          "windows:Registry",
          "windef:MachineSettings"
        ],
        "hasLgpo": true
      },
      {
        "state": "enabled",
        "name": "Registry Setting - [Software\\Policies\\Microsoft\\Windows\\Safer\\CodeIdentifiers\\262144\\Paths\\{191cd7fa-f240-4a17-8986-94d480a6c8ca}",
        "kvps": [
          {
            "key": "Software\\Policies\\Microsoft\\Windows\\Safer\\CodeIdentifiers\\262144\\Paths\\{191cd7fa-f240-4a17-8986-94d480a6c8ca}",
            "valueName": "Software\\Policies\\Microsoft\\Windows\\Safer\\CodeIdentifiers\\262144\\Paths\\{191cd7fa-f240-4a17-8986-94d480a6c8ca}",
            "value": "",
            "delete": false,
            "lgpoType": "ENFORCE_REG_SZ",
            "presentationId": "windows:Registry/windef:MachineSettings:Software\\Policies\\Microsoft\\Windows\\Safer\\CodeIdentifiers\\262144\\Paths\\{191cd7fa-f240-4a17-8986-94d480a6c8ca}"
          }
        ],
        "categoryPath": [
          "windows:Registry",
          "windef:MachineSettings"
        ],
        "hasLgpo": true
      },
      {
        "state": "enabled",
        "name": "Registry Setting - [Software\\Policies\\Microsoft\\Windows\\Safer\\CodeIdentifiers\\262144\\Paths\\{44957845-f81b-46e3-ae00-c9a274cb5d48}",
        "kvps": [
          {
            "key": "Software\\Policies\\Microsoft\\Windows\\Safer\\CodeIdentifiers\\262144\\Paths\\{44957845-f81b-46e3-ae00-c9a274cb5d48}",
            "valueName": "Software\\Policies\\Microsoft\\Windows\\Safer\\CodeIdentifiers\\262144\\Paths\\{44957845-f81b-46e3-ae00-c9a274cb5d48}",
            "value": "",
            "delete": false,
            "lgpoType": "ENFORCE_REG_SZ",
            "presentationId": "windows:Registry/windef:MachineSettings:Software\\Policies\\Microsoft\\Windows\\Safer\\CodeIdentifiers\\262144\\Paths\\{44957845-f81b-46e3-ae00-c9a274cb5d48}"
          }
        ],
        "categoryPath": [
          "windows:Registry",
          "windef:MachineSettings"
        ],
        "hasLgpo": true
      },
      {
        "state": "enabled",
        "name": "Registry Setting - [Software\\Policies\\Microsoft\\Windows\\Safer\\CodeIdentifiers\\262144\\Paths\\{44957845-f81b-46e3-ae00-c9a274cb5d48}",
        "kvps": [
          {
            "key": "Software\\Policies\\Microsoft\\Windows\\Safer\\CodeIdentifiers\\262144\\Paths\\{44957845-f81b-46e3-ae00-c9a274cb5d48}",
            "valueName": "Software\\Policies\\Microsoft\\Windows\\Safer\\CodeIdentifiers\\262144\\Paths\\{44957845-f81b-46e3-ae00-c9a274cb5d48}",
            "value": "",
            "delete": false,
            "lgpoType": "ENFORCE_REG_SZ",
            "presentationId": "windows:Registry/windef:MachineSettings:Software\\Policies\\Microsoft\\Windows\\Safer\\CodeIdentifiers\\262144\\Paths\\{44957845-f81b-46e3-ae00-c9a274cb5d48}"
          }
        ],
        "categoryPath": [
          "windows:Registry",
          "windef:MachineSettings"
        ],
        "hasLgpo": true
      },
      {
        "state": "enabled",
        "name": "Registry Setting - [Software\\Policies\\Microsoft\\Windows\\Safer\\CodeIdentifiers\\262144\\Paths\\{a993a1f1-4f95-43fc-9dd4-fcc96307fe0d}",
        "kvps": [
          {
            "key": "Software\\Policies\\Microsoft\\Windows\\Safer\\CodeIdentifiers\\262144\\Paths\\{a993a1f1-4f95-43fc-9dd4-fcc96307fe0d}",
            "valueName": "Software\\Policies\\Microsoft\\Windows\\Safer\\CodeIdentifiers\\262144\\Paths\\{a993a1f1-4f95-43fc-9dd4-fcc96307fe0d}",
            "value": "",
            "delete": false,
            "lgpoType": "ENFORCE_REG_SZ",
            "presentationId": "windows:Registry/windef:MachineSettings:Software\\Policies\\Microsoft\\Windows\\Safer\\CodeIdentifiers\\262144\\Paths\\{a993a1f1-4f95-43fc-9dd4-fcc96307fe0d}"
          }
        ],
        "categoryPath": [
          "windows:Registry",
          "windef:MachineSettings"
        ],
        "hasLgpo": true
      },
      {
        "state": "enabled",
        "name": "Registry Setting - [Software\\Policies\\Microsoft\\Windows\\Safer\\CodeIdentifiers\\262144\\Paths\\{a993a1f1-4f95-43fc-9dd4-fcc96307fe0d}",
        "kvps": [
          {
            "key": "Software\\Policies\\Microsoft\\Windows\\Safer\\CodeIdentifiers\\262144\\Paths\\{a993a1f1-4f95-43fc-9dd4-fcc96307fe0d}",
            "valueName": "Software\\Policies\\Microsoft\\Windows\\Safer\\CodeIdentifiers\\262144\\Paths\\{a993a1f1-4f95-43fc-9dd4-fcc96307fe0d}",
            "value": "",
            "delete": false,
            "lgpoType": "ENFORCE_REG_SZ",
            "presentationId": "windows:Registry/windef:MachineSettings:Software\\Policies\\Microsoft\\Windows\\Safer\\CodeIdentifiers\\262144\\Paths\\{a993a1f1-4f95-43fc-9dd4-fcc96307fe0d}"
          }
        ],
        "categoryPath": [
          "windows:Registry",
          "windef:MachineSettings"
        ],
        "hasLgpo": true
      },
      {
        "state": "enabled",
        "name": "Registry Setting - [Software\\Policies\\Microsoft\\Windows\\Safer\\CodeIdentifiers\\262144\\Paths\\{d2c34ab2-529a-46b2-b293-fc853fce72ea}",
        "kvps": [
          {
            "key": "Software\\Policies\\Microsoft\\Windows\\Safer\\CodeIdentifiers\\262144\\Paths\\{d2c34ab2-529a-46b2-b293-fc853fce72ea}",
            "valueName": "Software\\Policies\\Microsoft\\Windows\\Safer\\CodeIdentifiers\\262144\\Paths\\{d2c34ab2-529a-46b2-b293-fc853fce72ea}",
            "value": "",
            "delete": false,
            "lgpoType": "ENFORCE_REG_SZ",
            "presentationId": "windows:Registry/windef:MachineSettings:Software\\Policies\\Microsoft\\Windows\\Safer\\CodeIdentifiers\\262144\\Paths\\{d2c34ab2-529a-46b2-b293-fc853fce72ea}"
          }
        ],
        "categoryPath": [
          "windows:Registry",
          "windef:MachineSettings"
        ],
        "hasLgpo": true
      },
      {
        "state": "enabled",
        "name": "Registry Setting - [Software\\Policies\\Microsoft\\Windows\\Safer\\CodeIdentifiers\\262144\\Paths\\{d2c34ab2-529a-46b2-b293-fc853fce72ea}",
        "kvps": [
          {
            "key": "Software\\Policies\\Microsoft\\Windows\\Safer\\CodeIdentifiers\\262144\\Paths\\{d2c34ab2-529a-46b2-b293-fc853fce72ea}",
            "valueName": "Software\\Policies\\Microsoft\\Windows\\Safer\\CodeIdentifiers\\262144\\Paths\\{d2c34ab2-529a-46b2-b293-fc853fce72ea}",
            "value": "",
            "delete": false,
            "lgpoType": "ENFORCE_REG_SZ",
            "presentationId": "windows:Registry/windef:MachineSettings:Software\\Policies\\Microsoft\\Windows\\Safer\\CodeIdentifiers\\262144\\Paths\\{d2c34ab2-529a-46b2-b293-fc853fce72ea}"
          }
        ],
        "categoryPath": [
          "windows:Registry",
          "windef:MachineSettings"
        ],
        "hasLgpo": true
      }
    ],
    "useManagedDefinitions": false
  },
  "isTemplate": false,
  "priorityPool": 3,
  "type": {
    "id": 0,
    "name": "admxMachine",
    "initialContentSetName": "Enforce Windows",
    "policyTypeContentSetName": "Enforce Windows Machine Administrative Templates",
    "operatingSystem": "Windows",
    "policyClass": "machine",
    "endpointType": "cx",
    "readPrivilege": "enforce policy read",
    "writePrivilege": "enforce policy write",
    "contentSetId": 105,
    "policyTypeContentSetId": 276
  },
  "hasEnforcements": false,
  "taniumUsername": null,
  "taniumUpdatedUsername": null,
  "policySource": "standard"
}