{
  "id": null,
  "created_at": null,
  "updated_at": null,
  "deletedAt": null,
  "taniumUserId": null,
  "updatedByTaniumUserId": null,
  "changeType": "created",
  "contentSetId": 105,
  "name": "VDI RDS MUAS MS-Edge Policy",
  "description": "Converted from GPO: VDI RDS MUAS MS-Edge Policy ([object Object])",
  "version": 1,
  "priority": 7,
  "typeId": 0,
  "data": {
    "policyItems": [
      {
        "state": "enabled",
        "name": "Hide the First-run experience and splash screen",
        "kvps": [
          {
            "key": "Software\\Policies\\Microsoft\\Windows\\MicrosoftEdge",
            "valueName": "HidetheFirstrunexperienceandsplashscreen",
            "value": "1",
            "delete": false,
            "lgpoType": "ENFORCE_REG_DWORD",
            "presentationId": "windows:MicrosoftEdge:root"
          }
        ],
        "categoryPath": [
          "windows:MicrosoftEdge"
        ],
        "hasLgpo": true
      },
      {
        "state": "enabled",
        "name": "Configure the new tab page search box experience",
        "kvps": [
          {
            "key": "Software\\Policies\\Microsoft\\Windows\\MicrosoftEdge-DefaultSettings(userscanoverride)",
            "valueName": "Configurethenewtabpagesearchboxexperience",
            "value": "1",
            "delete": false,
            "lgpoType": "ENFORCE_REG_DWORD",
            "presentationId": "windows:MicrosoftEdge-DefaultSettings(userscanoverride)/windef:Defaultsearchprovider:root"
          }
        ],
        "categoryPath": [
          "windows:MicrosoftEdge-DefaultSettings(userscanoverride)",
          "windef:Defaultsearchprovider"
        ],
        "hasLgpo": true
      },
      {
        "state": "enabled",
        "name": "Default search provider search URL",
        "kvps": [
          {
            "key": "Software\\Policies\\Microsoft\\Windows\\MicrosoftEdge-DefaultSettings(userscanoverride)",
            "valueName": "DefaultsearchprovidersearchURL",
            "value": "1",
            "delete": false,
            "lgpoType": "ENFORCE_REG_DWORD",
            "presentationId": "windows:MicrosoftEdge-DefaultSettings(userscanoverride)/windef:Defaultsearchprovider:root"
          }
        ],
        "categoryPath": [
          "windows:MicrosoftEdge-DefaultSettings(userscanoverride)",
          "windef:Defaultsearchprovider"
        ],
        "hasLgpo": true
      },
      {
        "state": "enabled",
        "name": "Enable the default search provider",
        "kvps": [
          {
            "key": "Software\\Policies\\Microsoft\\Windows\\MicrosoftEdge-DefaultSettings(userscanoverride)",
            "valueName": "thedefaultsearchprovider",
            "value": "1",
            "delete": false,
            "lgpoType": "ENFORCE_REG_DWORD",
            "presentationId": "windows:MicrosoftEdge-DefaultSettings(userscanoverride)/windef:Defaultsearchprovider:root"
          }
        ],
        "categoryPath": [
          "windows:MicrosoftEdge-DefaultSettings(userscanoverride)",
          "windef:Defaultsearchprovider"
        ],
        "hasLgpo": true
      },
      {
        "state": "enabled",
        "name": "Specifies the search-by-image feature for the default search provider",
        "kvps": [
          {
            "key": "Software\\Policies\\Microsoft\\Windows\\MicrosoftEdge-DefaultSettings(userscanoverride)",
            "valueName": "Specifiesthesearchbyimagefeatureforthedefaultsearchprovider",
            "value": "1",
            "delete": false,
            "lgpoType": "ENFORCE_REG_DWORD",
            "presentationId": "windows:MicrosoftEdge-DefaultSettings(userscanoverride)/windef:Defaultsearchprovider:root"
          }
        ],
        "categoryPath": [
          "windows:MicrosoftEdge-DefaultSettings(userscanoverride)",
          "windef:Defaultsearchprovider"
        ],
        "hasLgpo": true
      },
      {
        "state": "enabled",
        "name": "Action to take on Microsoft Edge startup",
        "kvps": [
          {
            "key": "Software\\Policies\\Microsoft\\Windows\\MicrosoftEdge",
            "valueName": "ActiontotakeonMicrosoftEdgestartup",
            "value": "1",
            "delete": false,
            "lgpoType": "ENFORCE_REG_DWORD",
            "presentationId": "windows:MicrosoftEdge/windef:Startup,homepageandnewtabpage:root"
          }
        ],
        "categoryPath": [
          "windows:MicrosoftEdge",
          "windef:Startup,homepageandnewtabpage"
        ],
        "hasLgpo": true
      },
      {
        "state": "disabled",
        "name": "Allow Microsoft content on the new tab page",
        "kvps": [
          {
            "key": "Software\\Policies\\Microsoft\\Windows\\MicrosoftEdge",
            "valueName": "AllowMicrosoftcontentonthenewtabpage",
            "value": "0",
            "delete": false,
            "lgpoType": "ENFORCE_REG_DWORD",
            "presentationId": "windows:MicrosoftEdge/windef:Startup,homepageandnewtabpage:root"
          }
        ],
        "categoryPath": [
          "windows:MicrosoftEdge",
          "windef:Startup,homepageandnewtabpage"
        ],
        "hasLgpo": true
      },
      {
        "state": "disabled",
        "name": "Allow quick links on the new tab page",
        "kvps": [
          {
            "key": "Software\\Policies\\Microsoft\\Windows\\MicrosoftEdge",
            "valueName": "Allowquicklinksonthenewtabpage",
            "value": "0",
            "delete": false,
            "lgpoType": "ENFORCE_REG_DWORD",
            "presentationId": "windows:MicrosoftEdge/windef:Startup,homepageandnewtabpage:root"
          }
        ],
        "categoryPath": [
          "windows:MicrosoftEdge",
          "windef:Startup,homepageandnewtabpage"
        ],
        "hasLgpo": true
      },
      {
        "state": "enabled",
        "name": "Configure the background types allowed for the new tab page layout",
        "kvps": [
          {
            "key": "Software\\Policies\\Microsoft\\Windows\\MicrosoftEdge",
            "valueName": "Configurethebackgroundtypesallowedforthenewtabpagelayout",
            "value": "1",
            "delete": false,
            "lgpoType": "ENFORCE_REG_DWORD",
            "presentationId": "windows:MicrosoftEdge/windef:Startup,homepageandnewtabpage:root"
          }
        ],
        "categoryPath": [
          "windows:MicrosoftEdge",
          "windef:Startup,homepageandnewtabpage"
        ],
        "hasLgpo": true
      },
      {
        "state": "enabled",
        "name": "Configure the home page URL",
        "kvps": [
          {
            "key": "Software\\Policies\\Microsoft\\Windows\\MicrosoftEdge",
            "valueName": "ConfigurethehomepageURL",
            "value": "1",
            "delete": false,
            "lgpoType": "ENFORCE_REG_DWORD",
            "presentationId": "windows:MicrosoftEdge/windef:Startup,homepageandnewtabpage:root"
          }
        ],
        "categoryPath": [
          "windows:MicrosoftEdge",
          "windef:Startup,homepageandnewtabpage"
        ],
        "hasLgpo": true
      },
      {
        "state": "enabled",
        "name": "Configure the new tab page URL",
        "kvps": [
          {
            "key": "Software\\Policies\\Microsoft\\Windows\\MicrosoftEdge",
            "valueName": "ConfigurethenewtabpageURL",
            "value": "1",
            "delete": false,
            "lgpoType": "ENFORCE_REG_DWORD",
            "presentationId": "windows:MicrosoftEdge/windef:Startup,homepageandnewtabpage:root"
          }
        ],
        "categoryPath": [
          "windows:MicrosoftEdge",
          "windef:Startup,homepageandnewtabpage"
        ],
        "hasLgpo": true
      },
      {
        "state": "enabled",
        "name": "Hide the default top sites from the new tab page",
        "kvps": [
          {
            "key": "Software\\Policies\\Microsoft\\Windows\\MicrosoftEdge",
            "valueName": "Hidethedefaulttopsitesfromthenewtabpage",
            "value": "1",
            "delete": false,
            "lgpoType": "ENFORCE_REG_DWORD",
            "presentationId": "windows:MicrosoftEdge/windef:Startup,homepageandnewtabpage:root"
          }
        ],
        "categoryPath": [
          "windows:MicrosoftEdge",
          "windef:Startup,homepageandnewtabpage"
        ],
        "hasLgpo": true
      },
      {
        "state": "enabled",
        "name": "Sites to open when the browser starts",
        "kvps": [
          {
            "key": "Software\\Policies\\Microsoft\\Windows\\MicrosoftEdge",
            "valueName": "Sitestoopenwhenthebrowserstarts",
            "value": "1",
            "delete": false,
            "lgpoType": "ENFORCE_REG_DWORD",
            "presentationId": "windows:MicrosoftEdge/windef:Startup,homepageandnewtabpage:root"
          }
        ],
        "categoryPath": [
          "windows:MicrosoftEdge",
          "windef:Startup,homepageandnewtabpage"
        ],
        "hasLgpo": true
      },
      {
        "state": "enabled",
        "name": "Registry Setting - [Software\\Policies\\Microsoft\\Edge",
        "kvps": [
          {
            "key": "Software\\Policies\\Microsoft\\Edge",
            "valueName": "Software\\Policies\\Microsoft\\Edge",
            "value": "",
            "delete": false,
            "lgpoType": "ENFORCE_REG_SZ",
            "presentationId": "windows:Registry/windef:MachineSettings:Software\\Policies\\Microsoft\\Edge"
          }
        ],
        "categoryPath": [
          "windows:Registry",
          "windef:MachineSettings"
        ],
        "hasLgpo": true
      },
      {
        "state": "enabled",
        "name": "Registry Setting - [Software\\Policies\\Microsoft\\Edge",
        "kvps": [
          {
            "key": "Software\\Policies\\Microsoft\\Edge",
            "valueName": "Software\\Policies\\Microsoft\\Edge",
            "value": "",
            "delete": false,
            "lgpoType": "ENFORCE_REG_SZ",
            "presentationId": "windows:Registry/windef:MachineSettings:Software\\Policies\\Microsoft\\Edge"
          }
        ],
        "categoryPath": [
          "windows:Registry",
          "windef:MachineSettings"
        ],
        "hasLgpo": true
      },
      {
        "state": "enabled",
        "name": "Registry Setting - [Software\\Policies\\Microsoft\\Edge",
        "kvps": [
          {
            "key": "Software\\Policies\\Microsoft\\Edge",
            "valueName": "Software\\Policies\\Microsoft\\Edge",
            "value": "",
            "delete": false,
            "lgpoType": "ENFORCE_REG_SZ",
            "presentationId": "windows:Registry/windef:MachineSettings:Software\\Policies\\Microsoft\\Edge"
          }
        ],
        "categoryPath": [
          "windows:Registry",
          "windef:MachineSettings"
        ],
        "hasLgpo": true
      },
      {
        "state": "enabled",
        "name": "Registry Setting - [Software\\Policies\\Microsoft\\Edge",
        "kvps": [
          {
            "key": "Software\\Policies\\Microsoft\\Edge",
            "valueName": "Software\\Policies\\Microsoft\\Edge",
            "value": "",
            "delete": false,
            "lgpoType": "ENFORCE_REG_SZ",
            "presentationId": "windows:Registry/windef:MachineSettings:Software\\Policies\\Microsoft\\Edge"
          }
        ],
        "categoryPath": [
          "windows:Registry",
          "windef:MachineSettings"
        ],
        "hasLgpo": true
      },
      {
        "state": "enabled",
        "name": "Registry Setting - [Software\\Policies\\Microsoft\\Edge\\Recommended",
        "kvps": [
          {
            "key": "Software\\Policies\\Microsoft\\Edge\\Recommended",
            "valueName": "Software\\Policies\\Microsoft\\Edge\\Recommended",
            "value": "",
            "delete": false,
            "lgpoType": "ENFORCE_REG_SZ",
            "presentationId": "windows:Registry/windef:MachineSettings:Software\\Policies\\Microsoft\\Edge\\Recommended"
          }
        ],
        "categoryPath": [
          "windows:Registry",
          "windef:MachineSettings"
        ],
        "hasLgpo": true
      },
      {
        "state": "enabled",
        "name": "Registry Setting - [Software\\Policies\\Microsoft\\Edge\\Recommended",
        "kvps": [
          {
            "key": "Software\\Policies\\Microsoft\\Edge\\Recommended",
            "valueName": "Software\\Policies\\Microsoft\\Edge\\Recommended",
            "value": "",
            "delete": false,
            "lgpoType": "ENFORCE_REG_SZ",
            "presentationId": "windows:Registry/windef:MachineSettings:Software\\Policies\\Microsoft\\Edge\\Recommended"
          }
        ],
        "categoryPath": [
          "windows:Registry",
          "windef:MachineSettings"
        ],
        "hasLgpo": true
      },
      {
        "state": "enabled",
        "name": "Registry Setting - [Software\\Policies\\Microsoft\\Edge\\RestoreOnStartupURLs",
        "kvps": [
          {
            "key": "Software\\Policies\\Microsoft\\Edge\\RestoreOnStartupURLs",
            "valueName": "Software\\Policies\\Microsoft\\Edge\\RestoreOnStartupURLs",
            "value": "",
            "delete": false,
            "lgpoType": "ENFORCE_REG_SZ",
            "presentationId": "windows:Registry/windef:MachineSettings:Software\\Policies\\Microsoft\\Edge\\RestoreOnStartupURLs"
          }
        ],
        "categoryPath": [
          "windows:Registry",
          "windef:MachineSettings"
        ],
        "hasLgpo": true
      },
      {
        "state": "enabled",
        "name": "Registry Setting - [Software\\Policies\\Microsoft\\Edge\\RestoreOnStartupURLs",
        "kvps": [
          {
            "key": "Software\\Policies\\Microsoft\\Edge\\RestoreOnStartupURLs",
            "valueName": "Software\\Policies\\Microsoft\\Edge\\RestoreOnStartupURLs",
            "value": "",
            "delete": false,
            "lgpoType": "ENFORCE_REG_SZ",
            "presentationId": "windows:Registry/windef:MachineSettings:Software\\Policies\\Microsoft\\Edge\\RestoreOnStartupURLs"
          }
        ],
        "categoryPath": [
          "windows:Registry",
          "windef:MachineSettings"
        ],
        "hasLgpo": true
      },
      {
        "state": "enabled",
        "name": "Registry Setting - [Software\\Policies\\Microsoft\\Edge\\RestoreOnStartupURLs",
        "kvps": [
          {
            "key": "Software\\Policies\\Microsoft\\Edge\\RestoreOnStartupURLs",
            "valueName": "Software\\Policies\\Microsoft\\Edge\\RestoreOnStartupURLs",
            "value": "",
            "delete": false,
            "lgpoType": "ENFORCE_REG_SZ",
            "presentationId": "windows:Registry/windef:MachineSettings:Software\\Policies\\Microsoft\\Edge\\RestoreOnStartupURLs"
          }
        ],
        "categoryPath": [
          "windows:Registry",
          "windef:MachineSettings"
        ],
        "hasLgpo": true
      }
    ],
    "useManagedDefinitions": false
  },
  "isTemplate": false,
  "priorityPool": 3,
  "type": {
    "id": 0,
    "name": "admxMachine",
    "initialContentSetName": "Enforce Windows",
    "policyTypeContentSetName": "Enforce Windows Machine Administrative Templates",
    "operatingSystem": "Windows",
    "policyClass": "machine",
    "endpointType": "cx",
    "readPrivilege": "enforce policy read",
    "writePrivilege": "enforce policy write",
    "contentSetId": 105,
    "policyTypeContentSetId": 276
  },
  "hasEnforcements": false,
  "taniumUsername": null,
  "taniumUpdatedUsername": null,
  "policySource": "standard"
}