<?xml version="1.0" encoding="utf-8"?>
<NTServices clsid="{2CFB484A-4E96-4b5d-A0B6-093D2F91E6AE}"><NTService clsid="{AB6F0B67-341F-4e51-92F9-005FBFBA1A43}" name="dot3svc" image="2" changed="2018-09-13 18:36:54" uid="{13B8FA61-03E8-4521-A908-87CCD4826B01}"><Properties startupType="AUTOMATIC" serviceName="dot3svc" timeout="30" firstFailure="RESTART" secondFailure="RESTART" thirdFailure="RESTART" resetFailCountDelay="0" restartServiceDelay="60000"/></NTService>
	<NTService clsid="{AB6F0B67-341F-4e51-92F9-005FBFBA1A43}" name="WlanSvc" image="2" changed="2018-09-13 18:37:30" uid="{1501F530-FECA-4724-BE6D-10CA41CCC182}"><Properties startupType="AUTOMATIC" serviceName="WlanSvc" timeout="30" firstFailure="RESTART" secondFailure="RESTART" thirdFailure="RESTART" resetFailCountDelay="0" restartServiceDelay="60000"/></NTService>
	<NTService clsid="{AB6F0B67-341F-4e51-92F9-005FBFBA1A43}" name="CBA8" image="2" changed="2018-09-13 18:38:03" uid="{D29E64C6-500C-4058-A613-44993EA47482}"><Properties startupType="AUTOMATIC" serviceName="CBA8" timeout="30" firstFailure="RESTART" secondFailure="RESTART" thirdFailure="RESTART" resetFailCountDelay="0" restartServiceDelay="60000"/></NTService>
</NTServices>
