<?xml version="1.0" encoding="utf-8"?>
<Groups clsid="{3125E937-EB16-4b4c-9934-544FC6D24D26}"><Group clsid="{6D4A79E4-529C-4481-ABD0-F5BD7EA93BA7}" name="High-Flexibility" image="0" changed="2018-03-20 17:23:38" uid="{A5215073-05C9-4F3B-AA7E-5CD069D17F65}"><Properties action="C" description="" deleteAllUsers="0" deleteAllGroups="0" removeAccounts="0" groupName="High-Flexibility"/></Group>
	<Group clsid="{6D4A79E4-529C-4481-ABD0-F5BD7EA93BA7}" name="Medium-Flexibility" image="0" changed="2018-03-20 17:24:05" uid="{F5C82FCF-EDD8-4512-AD80-04BED0CD44FA}"><Properties action="C" description="" deleteAllUsers="0" deleteAllGroups="0" removeAccounts="0" groupName="Medium-Flexibility"/></Group>
	<Group clsid="{6D4A79E4-529C-4481-ABD0-F5BD7EA93BA7}" name="Low-Flexibility" image="0" changed="2018-03-20 17:25:25" uid="{04BF29A0-71AA-4FA3-90CB-CBAD1F4FB1F3}"><Properties action="C" description="Create Medium-Flexibility Local Group (ComputerGPO)" deleteAllUsers="0" deleteAllGroups="0" removeAccounts="0" groupSid="" groupName="Low-Flexibility"/></Group>
</Groups>
