<?xml version="1.0" encoding="utf-8"?>
<InternetSettings clsid="{B611EB48-F531-42cd-A1F6-5E0D015377BA}"><IE10 clsid="{683F7AD7-E782-4232-8A6D-F22431F12DB5}" name="Internet Explorer 10" status="Internet Explorer 10" changed="2018-12-10 23:10:15" uid="{BC692D7B-2C26-4A2A-85ED-429835973274}"><Filters><FilterFile hidden="1" not="0" bool="AND" path="%ProgramFilesDir%\Internet Explorer\iexplore.exe" type="VERSION" gte="1" min="10.0.0.0" max="99.0.0.0" lte="0"/></Filters><Properties><Reg id="ScriptAddress" disabled="1" type="REG_SZ" hive="HKEY_CURRENT_USER" key="Software\Microsoft\Windows\CurrentVersion\Internet Settings" name="AutoConfigURL" value=""/><Reg id="UseProxyServer" type="REG_DWORD" hive="HKEY_CURRENT_USER" key="Software\Microsoft\Windows\CurrentVersion\Internet Settings" name="ProxyEnable" value="0"/><Reg id="ProxyServerAndPort" disabled="1" type="REG_SZ" hive="HKEY_CURRENT_USER" key="Software\Microsoft\Windows\CurrentVersion\Internet Settings" name="ProxyServer" value=""/><Reg id="ProxyOverride" disabled="1" type="REG_SZ" hive="HKEY_CURRENT_USER" key="Software\Microsoft\Windows\CurrentVersion\Internet Settings" name="ProxyOverride" value=""/><Reg id="AutodetectConfig" type="REG_DWORD" hive="HKEY_CURRENT_USER" key="Software\Microsoft\Windows\CurrentVersion\Internet Settings" name="AutoDetect" value="0"/><Reg id="Homepage" disabled="1" type="REG_SZ" hive="HKEY_CURRENT_USER" key="Software\Microsoft\Internet Explorer\Main" name="Start Page" value=""/><Reg id="SecondaryStartPages" disabled="1" type="REG_MULTI_SZ" hive="HKEY_CURRENT_USER" key="Software\Microsoft\Internet Explorer\Main" name="Secondary Start Pages" value=""/><Reg id="ClearBrowsingHistoryOnExit" type="REG_DWORD" hive="HKEY_CURRENT_USER" key="Software\Microsoft\Internet Explorer\Privacy" name="ClearBrowsingHistoryOnExit" value="0"/><Reg id="StartupOptions" type="REG_DWORD" hive="HKEY_CURRENT_USER" key="Software\Microsoft\Internet Explorer\ContinuousBrowsing" name="Enabled" value="00000001"/><Reg id="CurrentLevelInternet" type="REG_DWORD" hive="HKEY_CURRENT_USER" key="Software\Microsoft\Windows\CurrentVersion\Internet Settings\Zones\3" name="CurrentLevel" value="00011500"/><Reg id="LooseXamlInternet" type="REG_DWORD" hive="HKEY_CURRENT_USER" key="Software\Microsoft\Windows\CurrentVersion\Internet Settings\Zones\3" name="2402" value="00000003"/><Reg id="XamlBrowserAppInternet" type="REG_DWORD" hive="HKEY_CURRENT_USER" key="Software\Microsoft\Windows\CurrentVersion\Internet Settings\Zones\3" name="2400" value="00000003"/><Reg id="XpsDocsInternet" type="REG_DWORD" hive="HKEY_CURRENT_USER" key="Software\Microsoft\Windows\CurrentVersion\Internet Settings\Zones\3" name="2401" value="00000000"/><Reg id="PermForManifestCompInternet" type="REG_DWORD" hive="HKEY_CURRENT_USER" key="Software\Microsoft\Windows\CurrentVersion\Internet Settings\Zones\3" name="2007" value="00010000"/><Reg id="NotSignedAuthenticodeInternet" type="REG_DWORD" hive="HKEY_CURRENT_USER" key="Software\Microsoft\Windows\CurrentVersion\Internet Settings\Zones\3" name="2004" value="00000000"/><Reg id="SignedAuthenticodeInternet" type="REG_DWORD" hive="HKEY_CURRENT_USER" key="Software\Microsoft\Windows\CurrentVersion\Internet Settings\Zones\3" name="2001" value="00000000"/><Reg id="AllowActiveXFilteringInternet" type="REG_DWORD" hive="HKEY_CURRENT_USER" key="Software\Microsoft\Windows\CurrentVersion\Internet Settings\Zones\3" name="2702" value="00000000"/><Reg id="ActiveXUnusedInternet" type="REG_DWORD" hive="HKEY_CURRENT_USER" key="Software\Microsoft\Windows\CurrentVersion\Internet Settings\Zones\3" name="1208" value="00000003"/><Reg id="ScriptletsInternet" type="REG_DWORD" hive="HKEY_CURRENT_USER" key="Software\Microsoft\Windows\CurrentVersion\Internet Settings\Zones\3" name="1209" value="00000003"/><Reg id="PromptActivXInternet" type="REG_DWORD" hive="HKEY_CURRENT_USER" key="Software\Microsoft\Windows\CurrentVersion\Internet Settings\Zones\3" name="2201" value="00000003"/><Reg id="BinaryScriptInternet" type="REG_DWORD" hive="HKEY_CURRENT_USER" key="Software\Microsoft\Windows\CurrentVersion\Internet Settings\Zones\3" name="2000" value="00000000"/><Reg id="ShowVideoAnimationInternet" type="REG_DWORD" hive="HKEY_CURRENT_USER" key="Software\Microsoft\Windows\CurrentVersion\Internet Settings\Zones\3" name="120A" value="00000003"/><Reg id="DownloadSignedActiveXInternet" type="REG_DWORD" hive="HKEY_CURRENT_USER" key="Software\Microsoft\Windows\CurrentVersion\Internet Settings\Zones\3" name="1001" value="00000001"/><Reg id="DownloadUnsignedActiveXInternet" type="REG_DWORD" hive="HKEY_CURRENT_USER" key="Software\Microsoft\Windows\CurrentVersion\Internet Settings\Zones\3" name="1004" value="00000003"/><Reg id="ScriptUnsafeActiveXInternet" type="REG_DWORD" hive="HKEY_CURRENT_USER" key="Software\Microsoft\Windows\CurrentVersion\Internet Settings\Zones\3" name="1201" value="00000003"/><Reg id="AllowOnlyApprovedDomainsActiveXInternet" type="REG_DWORD" hive="HKEY_CURRENT_USER" key="Software\Microsoft\Windows\CurrentVersion\Internet Settings\Zones\3" name="120B" value="00000003"/><Reg id="RunActiveXInternet" type="REG_DWORD" hive="HKEY_CURRENT_USER" key="Software\Microsoft\Windows\CurrentVersion\Internet Settings\Zones\3" name="1200" value="00000000"/><Reg id="ScriptSafeActiveXInternet" type="REG_DWORD" hive="HKEY_CURRENT_USER" key="Software\Microsoft\Windows\CurrentVersion\Internet Settings\Zones\3" name="1405" value="00000000"/><Reg id="FileDownloadInternet" type="REG_DWORD" hive="HKEY_CURRENT_USER" key="Software\Microsoft\Windows\CurrentVersion\Internet Settings\Zones\3" name="1803" value="00000000"/><Reg id="FontDownloadInternet" type="REG_DWORD" hive="HKEY_CURRENT_USER" key="Software\Microsoft\Windows\CurrentVersion\Internet Settings\Zones\3" name="1604" value="00000000"/><Reg id="FrameworkSetupInternet" type="REG_DWORD" hive="HKEY_CURRENT_USER" key="Software\Microsoft\Windows\CurrentVersion\Internet Settings\Zones\3" name="2600" value="00000000"/><Reg id="AccessDataAcrossDomainsInternet" type="REG_DWORD" hive="HKEY_CURRENT_USER" key="Software\Microsoft\Windows\CurrentVersion\Internet Settings\Zones\3" name="1406" value="00000003"/><Reg id="DragAcrossDomainsDiffWindowsInternet" type="REG_DWORD" hive="HKEY_CURRENT_USER" key="Software\Microsoft\Windows\CurrentVersion\Internet Settings\Zones\3" name="2709" value="00000003"/><Reg id="DragAcrossDomainsSameWindowInternet" type="REG_DWORD" hive="HKEY_CURRENT_USER" key="Software\Microsoft\Windows\CurrentVersion\Internet Settings\Zones\3" name="2708" value="00000003"/><Reg id="AllowMETAREFRESHInternet" type="REG_DWORD" hive="HKEY_CURRENT_USER" key="Software\Microsoft\Windows\CurrentVersion\Internet Settings\Zones\3" name="1608" value="00000000"/><Reg id="AllowScriptingInternet" type="REG_DWORD" hive="HKEY_CURRENT_USER" key="Software\Microsoft\Windows\CurrentVersion\Internet Settings\Zones\3" name="1206" value="00000003"/><Reg id="AllowScriptInitiatedWindowsInternet" type="REG_DWORD" hive="HKEY_CURRENT_USER" key="Software\Microsoft\Windows\CurrentVersion\Internet Settings\Zones\3" name="2102" value="00000003"/><Reg id="AllowRestrictedProtocolsInternet" type="REG_DWORD" hive="HKEY_CURRENT_USER" key="Software\Microsoft\Windows\CurrentVersion\Internet Settings\Zones\3" name="2300" value="00000001"/><Reg id="AllowNoAddressStatusInternet" type="REG_DWORD" hive="HKEY_CURRENT_USER" key="Software\Microsoft\Windows\CurrentVersion\Internet Settings\Zones\3" name="2104" value="00000003"/><Reg id="DisplayMixedContentInternet" type="REG_DWORD" hive="HKEY_CURRENT_USER" key="Software\Microsoft\Windows\CurrentVersion\Internet Settings\Zones\3" name="1609" value="00000001"/><Reg id="DontPromptForCertificateInternet" type="REG_DWORD" hive="HKEY_CURRENT_USER" key="Software\Microsoft\Windows\CurrentVersion\Internet Settings\Zones\3" name="1A04" value="00000003"/><Reg id="DragAndDropInternet" type="REG_DWORD" hive="HKEY_CURRENT_USER" key="Software\Microsoft\Windows\CurrentVersion\Internet Settings\Zones\3" name="1802" value="00000000"/><Reg id="EnableMIMESniffingInternet" type="REG_DWORD" hive="HKEY_CURRENT_USER" key="Software\Microsoft\Windows\CurrentVersion\Internet Settings\Zones\3" name="2100" value="00000000"/><Reg id="LocalDirOnULInternet" type="REG_DWORD" hive="HKEY_CURRENT_USER" key="Software\Microsoft\Windows\CurrentVersion\Internet Settings\Zones\3" name="160A" value="00000003"/><Reg id="AppsUnsafeFilesInternet" type="REG_DWORD" hive="HKEY_CURRENT_USER" key="Software\Microsoft\Windows\CurrentVersion\Internet Settings\Zones\3" name="1806" value="00000001"/><Reg id="LaunchProgramsInIFRAMEInternet" type="REG_DWORD" hive="HKEY_CURRENT_USER" key="Software\Microsoft\Windows\CurrentVersion\Internet Settings\Zones\3" name="1804" value="00000001"/><Reg id="NavigateSubFramesAcrossDomainsInternet" type="REG_DWORD" hive="HKEY_CURRENT_USER" key="Software\Microsoft\Windows\CurrentVersion\Internet Settings\Zones\3" name="1607" value="00000003"/><Reg id="RenderLegacyFiltersInternet" type="REG_DWORD" hive="HKEY_CURRENT_USER" key="Software\Microsoft\Windows\CurrentVersion\Internet Settings\Zones\3" name="270B" value="00000003"/><Reg id="SubmitNonEncryptedFormInternet" type="REG_DWORD" hive="HKEY_CURRENT_USER" key="Software\Microsoft\Windows\CurrentVersion\Internet Settings\Zones\3" name="1601" value="00000000"/><Reg id="UsePhishingInternet" type="REG_DWORD" hive="HKEY_CURRENT_USER" key="Software\Microsoft\Windows\CurrentVersion\Internet Settings\Zones\3" name="2301" value="00000000"/><Reg id="UsePopUpBlockerInternet" type="REG_DWORD" hive="HKEY_CURRENT_USER" key="Software\Microsoft\Windows\CurrentVersion\Internet Settings\Zones\3" name="1809" value="00000000"/><Reg id="UserdataPersistenceInternet" type="REG_DWORD" hive="HKEY_CURRENT_USER" key="Software\Microsoft\Windows\CurrentVersion\Internet Settings\Zones\3" name="1606" value="00000000"/><Reg id="LessPrivilegedWebsitesInternet" type="REG_DWORD" hive="HKEY_CURRENT_USER" key="Software\Microsoft\Windows\CurrentVersion\Internet Settings\Zones\3" name="2101" value="00000000"/><Reg id="ActiveScriptingInternet" type="REG_DWORD" hive="HKEY_CURRENT_USER" key="Software\Microsoft\Windows\CurrentVersion\Internet Settings\Zones\3" name="1400" value="00000000"/><Reg id="AllowClipboardInternet" type="REG_DWORD" hive="HKEY_CURRENT_USER" key="Software\Microsoft\Windows\CurrentVersion\Internet Settings\Zones\3" name="1407" value="00000001"/><Reg id="AllowStatusBarInternet" type="REG_DWORD" hive="HKEY_CURRENT_USER" key="Software\Microsoft\Windows\CurrentVersion\Internet Settings\Zones\3" name="2103" value="00000003"/><Reg id="PromptForInfoInternet" type="REG_DWORD" hive="HKEY_CURRENT_USER" key="Software\Microsoft\Windows\CurrentVersion\Internet Settings\Zones\3" name="2105" value="00000003"/><Reg id="EnableXSSFilterInternet" type="REG_DWORD" hive="HKEY_CURRENT_USER" key="Software\Microsoft\Windows\CurrentVersion\Internet Settings\Zones\3" name="1409" value="00000000"/><Reg id="AppletScriptingInternet" type="REG_DWORD" hive="HKEY_CURRENT_USER" key="Software\Microsoft\Windows\CurrentVersion\Internet Settings\Zones\3" name="1402" value="00000000"/><Reg id="LogonInternet" type="REG_DWORD" hive="HKEY_CURRENT_USER" key="Software\Microsoft\Windows\CurrentVersion\Internet Settings\Zones\3" name="1A00" value="00020000"/><Reg id="Default1207Internet" type="REG_DWORD" hive="HKEY_CURRENT_USER" key="Software\Microsoft\Windows\CurrentVersion\Internet Settings\Zones\3" name="1207" value="00000003"/><Reg id="Default1408Internet" type="REG_DWORD" hive="HKEY_CURRENT_USER" key="Software\Microsoft\Windows\CurrentVersion\Internet Settings\Zones\3" name="1408" value="00000003"/><Reg id="Default140AInternet" type="REG_DWORD" hive="HKEY_CURRENT_USER" key="Software\Microsoft\Windows\CurrentVersion\Internet Settings\Zones\3" name="140A" value="00000000"/><Reg id="Default1605Internet" type="REG_DWORD" hive="HKEY_CURRENT_USER" key="Software\Microsoft\Windows\CurrentVersion\Internet Settings\Zones\3" name="1605" value="00000000"/><Reg id="Default160BInternet" type="REG_DWORD" hive="HKEY_CURRENT_USER" key="Software\Microsoft\Windows\CurrentVersion\Internet Settings\Zones\3" name="160B" value="00000000"/><Reg id="Default180bInternet" type="REG_DWORD" hive="HKEY_CURRENT_USER" key="Software\Microsoft\Windows\CurrentVersion\Internet Settings\Zones\3" name="180B" value="00000000"/><Reg id="Default1a02Internet" type="REG_DWORD" hive="HKEY_CURRENT_USER" key="Software\Microsoft\Windows\CurrentVersion\Internet Settings\Zones\3" name="1A02" value="00000000"/><Reg id="Default1a03Internet" type="REG_DWORD" hive="HKEY_CURRENT_USER" key="Software\Microsoft\Windows\CurrentVersion\Internet Settings\Zones\3" name="1A03" value="00000000"/><Reg id="Default1a05Internet" type="REG_DWORD" hive="HKEY_CURRENT_USER" key="Software\Microsoft\Windows\CurrentVersion\Internet Settings\Zones\3" name="1A05" value="00000001"/><Reg id="Default1a06Internet" type="REG_DWORD" hive="HKEY_CURRENT_USER" key="Software\Microsoft\Windows\CurrentVersion\Internet Settings\Zones\3" name="1A06" value="00000000"/><Reg id="Default1a10Internet" type="REG_DWORD" hive="HKEY_CURRENT_USER" key="Software\Microsoft\Windows\CurrentVersion\Internet Settings\Zones\3" name="1A10" value="00000000"/><Reg id="Default1C00Internet" type="REG_DWORD" hive="HKEY_CURRENT_USER" key="Software\Microsoft\Windows\CurrentVersion\Internet Settings\Zones\3" name="1C00" value="00010000"/><Reg id="Default2005Internet" type="REG_DWORD" hive="HKEY_CURRENT_USER" key="Software\Microsoft\Windows\CurrentVersion\Internet Settings\Zones\3" name="2005" value="00000003"/><Reg id="Default2106Internet" type="REG_DWORD" hive="HKEY_CURRENT_USER" key="Software\Microsoft\Windows\CurrentVersion\Internet Settings\Zones\3" name="2106" value="00000000"/><Reg id="Default2107Internet" type="REG_DWORD" hive="HKEY_CURRENT_USER" key="Software\Microsoft\Windows\CurrentVersion\Internet Settings\Zones\3" name="2107" value="00000003"/><Reg id="Default2108Internet" type="REG_DWORD" hive="HKEY_CURRENT_USER" key="Software\Microsoft\Windows\CurrentVersion\Internet Settings\Zones\3" name="2108" value="00000003"/><Reg id="Default2200Internet" type="REG_DWORD" hive="HKEY_CURRENT_USER" key="Software\Microsoft\Windows\CurrentVersion\Internet Settings\Zones\3" name="2200" value="00000003"/><Reg id="Default2302Internet" type="REG_DWORD" hive="HKEY_CURRENT_USER" key="Software\Microsoft\Windows\CurrentVersion\Internet Settings\Zones\3" name="2302" value="00000003"/><Reg id="Default2500Internet" type="REG_DWORD" hive="HKEY_CURRENT_USER" key="Software\Microsoft\Windows\CurrentVersion\Internet Settings\Zones\3" name="2500" value="00000000"/><Reg id="Default2700Internet" type="REG_DWORD" hive="HKEY_CURRENT_USER" key="Software\Microsoft\Windows\CurrentVersion\Internet Settings\Zones\3" name="2700" value="00000000"/><Reg id="Default2701Internet" type="REG_DWORD" hive="HKEY_CURRENT_USER" key="Software\Microsoft\Windows\CurrentVersion\Internet Settings\Zones\3" name="2701" value="00000000"/><Reg id="Default2703Internet" type="REG_DWORD" hive="HKEY_CURRENT_USER" key="Software\Microsoft\Windows\CurrentVersion\Internet Settings\Zones\3" name="2703" value="00000003"/><Reg id="Default2704Internet" type="REG_DWORD" hive="HKEY_CURRENT_USER" key="Software\Microsoft\Windows\CurrentVersion\Internet Settings\Zones\3" name="2704" value="00000000"/><Reg id="Default2707Internet" type="REG_DWORD" hive="HKEY_CURRENT_USER" key="Software\Microsoft\Windows\CurrentVersion\Internet Settings\Zones\3" name="2707" value="00000000"/><Reg id="TurnOnPopupBlocker" type="REG_DWORD" hive="HKEY_CURRENT_USER" key="Software\Microsoft\Internet Explorer\New Windows" name="PopupMgr" value="1"/><Reg id="DisableLocationReport" type="REG_DWORD" hive="HKEY_CURRENT_USER" key="Software\Microsoft\Internet Explorer\Geolocation" name="BlockAllWebsites" value="0"/><Reg id="DisableToolbarsInPrivate" type="REG_DWORD" hive="HKEY_CURRENT_USER" key="Software\Microsoft\Internet Explorer\Safety\PrivacIE" name="DisableToolbars" value="1"/><Reg id="EnableAutodial" type="REG_DWORD" hive="HKEY_CURRENT_USER" key="Software\Microsoft\Windows\CurrentVersion\Internet Settings" name="EnableAutodial" value="0"/><Reg id="NoNetAutodial" type="REG_DWORD" hive="HKEY_CURRENT_USER" key="Software\Microsoft\Windows\CurrentVersion\Internet Settings" name="NoNetAutodial" value="0"/></Properties></IE10>
</InternetSettings>
