<?xml version="1.0" encoding="utf-8"?>
<InternetSettings clsid="{B611EB48-F531-42cd-A1F6-5E0D015377BA}"><IE10 clsid="{683F7AD7-E782-4232-8A6D-F22431F12DB5}" name="Internet Explorer 10" status="Internet Explorer 10" changed="2024-01-03 19:10:07" uid="{9AE869FC-DD64-4B4D-8814-BC44F6E4B6F2}"><Filters><FilterFile hidden="1" not="0" bool="AND" path="%ProgramFilesDir%\Internet Explorer\iexplore.exe" type="VERSION" gte="1" min="10.0.0.0" max="99.0.0.0" lte="0"/></Filters><Properties><Reg id="PopupShowInformationBar" type="REG_DWORD" hive="HKEY_CURRENT_USER" key="Software\Microsoft\Internet Explorer\New Windows" name="UseSecBand" value="1"/><Reg id="PopupPlaySoundWhenBlocked" type="REG_DWORD" hive="HKEY_CURRENT_USER" key="Software\Microsoft\Internet Explorer\New Windows" name="PlaySound" value="1"/><Reg id="PopupAllowHTTPS" type="REG_DWORD" hive="HKEY_CURRENT_USER" key="Software\Microsoft\Internet Explorer\New Windows" name="AllowHTTPS" value="0"/><Reg id="PopupBlockControls" type="REG_DWORD" hive="HKEY_CURRENT_USER" key="Software\Microsoft\Internet Explorer\New Windows" name="BlockControls" value="0"/><Reg id="PopupBlockUserInit" type="REG_DWORD" hive="HKEY_CURRENT_USER" key="Software\Microsoft\Internet Explorer\New Windows" name="BlockUserInit" value="0"/><Reg id="PopupUseHooks" type="REG_DWORD" hive="HKEY_CURRENT_USER" key="Software\Microsoft\Internet Explorer\New Windows" name="UseHooks" value="1"/><Reg id="PopupUseTimerMethod" type="REG_DWORD" hive="HKEY_CURRENT_USER" key="Software\Microsoft\Internet Explorer\New Windows" name="UserTimerMethod" value="0"/><Reg id="Homepage" disabled="1" type="REG_SZ" hive="HKEY_CURRENT_USER" key="Software\Microsoft\Internet Explorer\Main" name="Start Page" value=""/><Reg id="SecondaryStartPages" disabled="1" type="REG_MULTI_SZ" hive="HKEY_CURRENT_USER" key="Software\Microsoft\Internet Explorer\Main" name="Secondary Start Pages" value=""/><Reg id="ClearBrowsingHistoryOnExit" type="REG_DWORD" hive="HKEY_CURRENT_USER" key="Software\Microsoft\Internet Explorer\Privacy" name="ClearBrowsingHistoryOnExit" value="0"/><Reg id="StartupOptions" type="REG_DWORD" hive="HKEY_CURRENT_USER" key="Software\Microsoft\Internet Explorer\ContinuousBrowsing" name="Enabled" value="00000001"/><Reg id="CurrentLevelLocal" type="REG_DWORD" hive="HKEY_CURRENT_USER" key="Software\Microsoft\Windows\CurrentVersion\Internet Settings\Zones\1" name="CurrentLevel" value="00010500"/><Reg id="LooseXamlLocal" type="REG_DWORD" hive="HKEY_CURRENT_USER" key="Software\Microsoft\Windows\CurrentVersion\Internet Settings\Zones\1" name="2402" value="00000000"/><Reg id="XamlBrowserAppLocal" type="REG_DWORD" hive="HKEY_CURRENT_USER" key="Software\Microsoft\Windows\CurrentVersion\Internet Settings\Zones\1" name="2400" value="00000000"/><Reg id="XpsDocsLocal" type="REG_DWORD" hive="HKEY_CURRENT_USER" key="Software\Microsoft\Windows\CurrentVersion\Internet Settings\Zones\1" name="2401" value="00000000"/><Reg id="PermForManifestCompLocal" type="REG_DWORD" hive="HKEY_CURRENT_USER" key="Software\Microsoft\Windows\CurrentVersion\Internet Settings\Zones\1" name="2007" value="00010000"/><Reg id="NotSignedAuthenticodeLocal" type="REG_DWORD" hive="HKEY_CURRENT_USER" key="Software\Microsoft\Windows\CurrentVersion\Internet Settings\Zones\1" name="2004" value="00000000"/><Reg id="SignedAuthenticodeLocal" type="REG_DWORD" hive="HKEY_CURRENT_USER" key="Software\Microsoft\Windows\CurrentVersion\Internet Settings\Zones\1" name="2001" value="00000000"/><Reg id="AllowActiveXFilteringLocal" type="REG_DWORD" hive="HKEY_CURRENT_USER" key="Software\Microsoft\Windows\CurrentVersion\Internet Settings\Zones\1" name="2702" value="00000003"/><Reg id="ActiveXUnusedLocal" type="REG_DWORD" hive="HKEY_CURRENT_USER" key="Software\Microsoft\Windows\CurrentVersion\Internet Settings\Zones\1" name="1208" value="00000000"/><Reg id="ScriptletsLocal" type="REG_DWORD" hive="HKEY_CURRENT_USER" key="Software\Microsoft\Windows\CurrentVersion\Internet Settings\Zones\1" name="1209" value="00000000"/><Reg id="PromptActivXLocal" type="REG_DWORD" hive="HKEY_CURRENT_USER" key="Software\Microsoft\Windows\CurrentVersion\Internet Settings\Zones\1" name="2201" value="00000000"/><Reg id="BinaryScriptLocal" type="REG_DWORD" hive="HKEY_CURRENT_USER" key="Software\Microsoft\Windows\CurrentVersion\Internet Settings\Zones\1" name="2000" value="00000000"/><Reg id="ShowVideoAnimationLocal" type="REG_DWORD" hive="HKEY_CURRENT_USER" key="Software\Microsoft\Windows\CurrentVersion\Internet Settings\Zones\1" name="120A" value="00000003"/><Reg id="DownloadSignedActiveXLocal" type="REG_DWORD" hive="HKEY_CURRENT_USER" key="Software\Microsoft\Windows\CurrentVersion\Internet Settings\Zones\1" name="1001" value="00000001"/><Reg id="DownloadUnsignedActiveXLocal" type="REG_DWORD" hive="HKEY_CURRENT_USER" key="Software\Microsoft\Windows\CurrentVersion\Internet Settings\Zones\1" name="1004" value="00000003"/><Reg id="ScriptUnsafeActiveXLocal" type="REG_DWORD" hive="HKEY_CURRENT_USER" key="Software\Microsoft\Windows\CurrentVersion\Internet Settings\Zones\1" name="1201" value="00000003"/><Reg id="AllowOnlyApprovedDomainsActiveXLocal" type="REG_DWORD" hive="HKEY_CURRENT_USER" key="Software\Microsoft\Windows\CurrentVersion\Internet Settings\Zones\1" name="120B" value="00000000"/><Reg id="RunActiveXLocal" type="REG_DWORD" hive="HKEY_CURRENT_USER" key="Software\Microsoft\Windows\CurrentVersion\Internet Settings\Zones\1" name="1200" value="00000000"/><Reg id="ScriptSafeActiveXLocal" type="REG_DWORD" hive="HKEY_CURRENT_USER" key="Software\Microsoft\Windows\CurrentVersion\Internet Settings\Zones\1" name="1405" value="00000000"/><Reg id="FileDownloadLocal" type="REG_DWORD" hive="HKEY_CURRENT_USER" key="Software\Microsoft\Windows\CurrentVersion\Internet Settings\Zones\1" name="1803" value="00000000"/><Reg id="FontDownloadLocal" type="REG_DWORD" hive="HKEY_CURRENT_USER" key="Software\Microsoft\Windows\CurrentVersion\Internet Settings\Zones\1" name="1604" value="00000000"/><Reg id="FrameworkSetupLocal" type="REG_DWORD" hive="HKEY_CURRENT_USER" key="Software\Microsoft\Windows\CurrentVersion\Internet Settings\Zones\1" name="2600" value="00000000"/><Reg id="AccessDataAcrossDomainsLocal" type="REG_DWORD" hive="HKEY_CURRENT_USER" key="Software\Microsoft\Windows\CurrentVersion\Internet Settings\Zones\1" name="1406" value="00000001"/><Reg id="DragAcrossDomainsDiffWindowsLocal" type="REG_DWORD" hive="HKEY_CURRENT_USER" key="Software\Microsoft\Windows\CurrentVersion\Internet Settings\Zones\1" name="2709" value="00000003"/><Reg id="DragAcrossDomainsSameWindowLocal" type="REG_DWORD" hive="HKEY_CURRENT_USER" key="Software\Microsoft\Windows\CurrentVersion\Internet Settings\Zones\1" name="2708" value="00000003"/><Reg id="AllowMETAREFRESHLocal" type="REG_DWORD" hive="HKEY_CURRENT_USER" key="Software\Microsoft\Windows\CurrentVersion\Internet Settings\Zones\1" name="1608" value="00000000"/><Reg id="AllowScriptingLocal" type="REG_DWORD" hive="HKEY_CURRENT_USER" key="Software\Microsoft\Windows\CurrentVersion\Internet Settings\Zones\1" name="1206" value="00000000"/><Reg id="AllowScriptInitiatedWindowsLocal" type="REG_DWORD" hive="HKEY_CURRENT_USER" key="Software\Microsoft\Windows\CurrentVersion\Internet Settings\Zones\1" name="2102" value="00000000"/><Reg id="AllowRestrictedProtocolsLocal" type="REG_DWORD" hive="HKEY_CURRENT_USER" key="Software\Microsoft\Windows\CurrentVersion\Internet Settings\Zones\1" name="2300" value="00000001"/><Reg id="AllowNoAddressStatusLocal" type="REG_DWORD" hive="HKEY_CURRENT_USER" key="Software\Microsoft\Windows\CurrentVersion\Internet Settings\Zones\1" name="2104" value="00000000"/><Reg id="DisplayMixedContentLocal" type="REG_DWORD" hive="HKEY_CURRENT_USER" key="Software\Microsoft\Windows\CurrentVersion\Internet Settings\Zones\1" name="1609" value="00000001"/><Reg id="DontPromptForCertificateLocal" type="REG_DWORD" hive="HKEY_CURRENT_USER" key="Software\Microsoft\Windows\CurrentVersion\Internet Settings\Zones\1" name="1A04" value="00000000"/><Reg id="DragAndDropLocal" type="REG_DWORD" hive="HKEY_CURRENT_USER" key="Software\Microsoft\Windows\CurrentVersion\Internet Settings\Zones\1" name="1802" value="00000000"/><Reg id="EnableMIMESniffingLocal" type="REG_DWORD" hive="HKEY_CURRENT_USER" key="Software\Microsoft\Windows\CurrentVersion\Internet Settings\Zones\1" name="2100" value="00000000"/><Reg id="LocalDirOnULLocal" type="REG_DWORD" hive="HKEY_CURRENT_USER" key="Software\Microsoft\Windows\CurrentVersion\Internet Settings\Zones\1" name="160A" value="00000000"/><Reg id="AppsUnsafeFilesLocal" type="REG_DWORD" hive="HKEY_CURRENT_USER" key="Software\Microsoft\Windows\CurrentVersion\Internet Settings\Zones\1" name="1806" value="00000000"/><Reg id="LaunchProgramsInIFRAMELocal" type="REG_DWORD" hive="HKEY_CURRENT_USER" key="Software\Microsoft\Windows\CurrentVersion\Internet Settings\Zones\1" name="1804" value="00000001"/><Reg id="NavigateSubFramesAcrossDomainsLocal" type="REG_DWORD" hive="HKEY_CURRENT_USER" key="Software\Microsoft\Windows\CurrentVersion\Internet Settings\Zones\1" name="1607" value="00000000"/><Reg id="RenderLegacyFiltersLocal" type="REG_DWORD" hive="HKEY_CURRENT_USER" key="Software\Microsoft\Windows\CurrentVersion\Internet Settings\Zones\1" name="270B" value="00000000"/><Reg id="SubmitNonEncryptedFormLocal" type="REG_DWORD" hive="HKEY_CURRENT_USER" key="Software\Microsoft\Windows\CurrentVersion\Internet Settings\Zones\1" name="1601" value="00000000"/><Reg id="UsePhishingLocal" type="REG_DWORD" hive="HKEY_CURRENT_USER" key="Software\Microsoft\Windows\CurrentVersion\Internet Settings\Zones\1" name="2301" value="00000003"/><Reg id="UsePopUpBlockerLocal" type="REG_DWORD" hive="HKEY_CURRENT_USER" key="Software\Microsoft\Windows\CurrentVersion\Internet Settings\Zones\1" name="1809" value="00000003"/><Reg id="UserdataPersistenceLocal" type="REG_DWORD" hive="HKEY_CURRENT_USER" key="Software\Microsoft\Windows\CurrentVersion\Internet Settings\Zones\1" name="1606" value="00000000"/><Reg id="LessPrivilegedWebsitesLocal" type="REG_DWORD" hive="HKEY_CURRENT_USER" key="Software\Microsoft\Windows\CurrentVersion\Internet Settings\Zones\1" name="2101" value="00000000"/><Reg id="ActiveScriptingLocal" type="REG_DWORD" hive="HKEY_CURRENT_USER" key="Software\Microsoft\Windows\CurrentVersion\Internet Settings\Zones\1" name="1400" value="00000000"/><Reg id="AllowClipboardLocal" type="REG_DWORD" hive="HKEY_CURRENT_USER" key="Software\Microsoft\Windows\CurrentVersion\Internet Settings\Zones\1" name="1407" value="00000000"/><Reg id="AllowStatusBarLocal" type="REG_DWORD" hive="HKEY_CURRENT_USER" key="Software\Microsoft\Windows\CurrentVersion\Internet Settings\Zones\1" name="2103" value="00000000"/><Reg id="PromptForInfoLocal" type="REG_DWORD" hive="HKEY_CURRENT_USER" key="Software\Microsoft\Windows\CurrentVersion\Internet Settings\Zones\1" name="2105" value="00000000"/><Reg id="EnableXSSFilterLocal" type="REG_DWORD" hive="HKEY_CURRENT_USER" key="Software\Microsoft\Windows\CurrentVersion\Internet Settings\Zones\1" name="1409" value="00000003"/><Reg id="AppletScriptingLocal" type="REG_DWORD" hive="HKEY_CURRENT_USER" key="Software\Microsoft\Windows\CurrentVersion\Internet Settings\Zones\1" name="1402" value="00000000"/><Reg id="LogonLocal" type="REG_DWORD" hive="HKEY_CURRENT_USER" key="Software\Microsoft\Windows\CurrentVersion\Internet Settings\Zones\1" name="1A00" value="00020000"/><Reg id="Default1207Local" type="REG_DWORD" hive="HKEY_CURRENT_USER" key="Software\Microsoft\Windows\CurrentVersion\Internet Settings\Zones\1" name="1207" value="00000000"/><Reg id="Default1408Local" type="REG_DWORD" hive="HKEY_CURRENT_USER" key="Software\Microsoft\Windows\CurrentVersion\Internet Settings\Zones\1" name="1408" value="00000000"/><Reg id="Default140ALocal" type="REG_DWORD" hive="HKEY_CURRENT_USER" key="Software\Microsoft\Windows\CurrentVersion\Internet Settings\Zones\1" name="140A" value="00000000"/><Reg id="Default1605Local" type="REG_DWORD" hive="HKEY_CURRENT_USER" key="Software\Microsoft\Windows\CurrentVersion\Internet Settings\Zones\1" name="1605" value="00000000"/><Reg id="Default160BLocal" type="REG_DWORD" hive="HKEY_CURRENT_USER" key="Software\Microsoft\Windows\CurrentVersion\Internet Settings\Zones\1" name="160B" value="00000000"/><Reg id="Default180bLocal" type="REG_DWORD" hive="HKEY_CURRENT_USER" key="Software\Microsoft\Windows\CurrentVersion\Internet Settings\Zones\1" name="180B" value="00000000"/><Reg id="Default1a02Local" type="REG_DWORD" hive="HKEY_CURRENT_USER" key="Software\Microsoft\Windows\CurrentVersion\Internet Settings\Zones\1" name="1A02" value="00000000"/><Reg id="Default1a03Local" type="REG_DWORD" hive="HKEY_CURRENT_USER" key="Software\Microsoft\Windows\CurrentVersion\Internet Settings\Zones\1" name="1A03" value="00000000"/><Reg id="Default1a05Local" type="REG_DWORD" hive="HKEY_CURRENT_USER" key="Software\Microsoft\Windows\CurrentVersion\Internet Settings\Zones\1" name="1A05" value="00000000"/><Reg id="Default1a06Local" type="REG_DWORD" hive="HKEY_CURRENT_USER" key="Software\Microsoft\Windows\CurrentVersion\Internet Settings\Zones\1" name="1A06" value="00000000"/><Reg id="Default1a10Local" type="REG_DWORD" hive="HKEY_CURRENT_USER" key="Software\Microsoft\Windows\CurrentVersion\Internet Settings\Zones\1" name="1A10" value="00000000"/><Reg id="Default1C00Local" type="REG_DWORD" hive="HKEY_CURRENT_USER" key="Software\Microsoft\Windows\CurrentVersion\Internet Settings\Zones\1" name="1C00" value="00020000"/><Reg id="Default2005Local" type="REG_DWORD" hive="HKEY_CURRENT_USER" key="Software\Microsoft\Windows\CurrentVersion\Internet Settings\Zones\1" name="2005" value="00000000"/><Reg id="Default2106Local" type="REG_DWORD" hive="HKEY_CURRENT_USER" key="Software\Microsoft\Windows\CurrentVersion\Internet Settings\Zones\1" name="2106" value="00000000"/><Reg id="Default2107Local" type="REG_DWORD" hive="HKEY_CURRENT_USER" key="Software\Microsoft\Windows\CurrentVersion\Internet Settings\Zones\1" name="2107" value="00000000"/><Reg id="Default2108Local" type="REG_DWORD" hive="HKEY_CURRENT_USER" key="Software\Microsoft\Windows\CurrentVersion\Internet Settings\Zones\1" name="2108" value="00000003"/><Reg id="Default2200Local" type="REG_DWORD" hive="HKEY_CURRENT_USER" key="Software\Microsoft\Windows\CurrentVersion\Internet Settings\Zones\1" name="2200" value="00000000"/><Reg id="Default2302Local" type="REG_DWORD" hive="HKEY_CURRENT_USER" key="Software\Microsoft\Windows\CurrentVersion\Internet Settings\Zones\1" name="2302" value="00000003"/><Reg id="Default2500Local" type="REG_DWORD" hive="HKEY_CURRENT_USER" key="Software\Microsoft\Windows\CurrentVersion\Internet Settings\Zones\1" name="2500" value="00000003"/><Reg id="Default2700Local" type="REG_DWORD" hive="HKEY_CURRENT_USER" key="Software\Microsoft\Windows\CurrentVersion\Internet Settings\Zones\1" name="2700" value="00000003"/><Reg id="Default2701Local" type="REG_DWORD" hive="HKEY_CURRENT_USER" key="Software\Microsoft\Windows\CurrentVersion\Internet Settings\Zones\1" name="2701" value="00000000"/><Reg id="Default2703Local" type="REG_DWORD" hive="HKEY_CURRENT_USER" key="Software\Microsoft\Windows\CurrentVersion\Internet Settings\Zones\1" name="2703" value="00000000"/><Reg id="Default2704Local" type="REG_DWORD" hive="HKEY_CURRENT_USER" key="Software\Microsoft\Windows\CurrentVersion\Internet Settings\Zones\1" name="2704" value="00000000"/><Reg id="Default2707Local" type="REG_DWORD" hive="HKEY_CURRENT_USER" key="Software\Microsoft\Windows\CurrentVersion\Internet Settings\Zones\1" name="2707" value="00000003"/><Reg id="CurrentLevelTrusted" type="REG_DWORD" hive="HKEY_CURRENT_USER" key="Software\Microsoft\Windows\CurrentVersion\Internet Settings\Zones\2" name="CurrentLevel" value="00011000"/><Reg id="LooseXamlTrusted" type="REG_DWORD" hive="HKEY_CURRENT_USER" key="Software\Microsoft\Windows\CurrentVersion\Internet Settings\Zones\2" name="2402" value="00000000"/><Reg id="XamlBrowserAppTrusted" type="REG_DWORD" hive="HKEY_CURRENT_USER" key="Software\Microsoft\Windows\CurrentVersion\Internet Settings\Zones\2" name="2400" value="00000000"/><Reg id="XpsDocsTrusted" type="REG_DWORD" hive="HKEY_CURRENT_USER" key="Software\Microsoft\Windows\CurrentVersion\Internet Settings\Zones\2" name="2401" value="00000000"/><Reg id="PermForManifestCompTrusted" type="REG_DWORD" hive="HKEY_CURRENT_USER" key="Software\Microsoft\Windows\CurrentVersion\Internet Settings\Zones\2" name="2007" value="00010000"/><Reg id="NotSignedAuthenticodeTrusted" type="REG_DWORD" hive="HKEY_CURRENT_USER" key="Software\Microsoft\Windows\CurrentVersion\Internet Settings\Zones\2" name="2004" value="00000000"/><Reg id="SignedAuthenticodeTrusted" type="REG_DWORD" hive="HKEY_CURRENT_USER" key="Software\Microsoft\Windows\CurrentVersion\Internet Settings\Zones\2" name="2001" value="00000000"/><Reg id="AllowActiveXFilteringTrusted" type="REG_DWORD" hive="HKEY_CURRENT_USER" key="Software\Microsoft\Windows\CurrentVersion\Internet Settings\Zones\2" name="2702" value="00000000"/><Reg id="ActiveXUnusedTrusted" type="REG_DWORD" hive="HKEY_CURRENT_USER" key="Software\Microsoft\Windows\CurrentVersion\Internet Settings\Zones\2" name="1208" value="00000000"/><Reg id="ScriptletsTrusted" type="REG_DWORD" hive="HKEY_CURRENT_USER" key="Software\Microsoft\Windows\CurrentVersion\Internet Settings\Zones\2" name="1209" value="00000003"/><Reg id="PromptActivXTrusted" type="REG_DWORD" hive="HKEY_CURRENT_USER" key="Software\Microsoft\Windows\CurrentVersion\Internet Settings\Zones\2" name="2201" value="00000003"/><Reg id="BinaryScriptTrusted" type="REG_DWORD" hive="HKEY_CURRENT_USER" key="Software\Microsoft\Windows\CurrentVersion\Internet Settings\Zones\2" name="2000" value="00000000"/><Reg id="ShowVideoAnimationTrusted" type="REG_DWORD" hive="HKEY_CURRENT_USER" key="Software\Microsoft\Windows\CurrentVersion\Internet Settings\Zones\2" name="120A" value="00000003"/><Reg id="DownloadSignedActiveXTrusted" type="REG_DWORD" hive="HKEY_CURRENT_USER" key="Software\Microsoft\Windows\CurrentVersion\Internet Settings\Zones\2" name="1001" value="00000001"/><Reg id="DownloadUnsignedActiveXTrusted" type="REG_DWORD" hive="HKEY_CURRENT_USER" key="Software\Microsoft\Windows\CurrentVersion\Internet Settings\Zones\2" name="1004" value="00000003"/><Reg id="ScriptUnsafeActiveXTrusted" type="REG_DWORD" hive="HKEY_CURRENT_USER" key="Software\Microsoft\Windows\CurrentVersion\Internet Settings\Zones\2" name="1201" value="00000003"/><Reg id="AllowOnlyApprovedDomainsActiveXTrusted" type="REG_DWORD" hive="HKEY_CURRENT_USER" key="Software\Microsoft\Windows\CurrentVersion\Internet Settings\Zones\2" name="120B" value="00000000"/><Reg id="RunActiveXTrusted" type="REG_DWORD" hive="HKEY_CURRENT_USER" key="Software\Microsoft\Windows\CurrentVersion\Internet Settings\Zones\2" name="1200" value="00000000"/><Reg id="ScriptSafeActiveXTrusted" type="REG_DWORD" hive="HKEY_CURRENT_USER" key="Software\Microsoft\Windows\CurrentVersion\Internet Settings\Zones\2" name="1405" value="00000000"/><Reg id="FileDownloadTrusted" type="REG_DWORD" hive="HKEY_CURRENT_USER" key="Software\Microsoft\Windows\CurrentVersion\Internet Settings\Zones\2" name="1803" value="00000000"/><Reg id="FontDownloadTrusted" type="REG_DWORD" hive="HKEY_CURRENT_USER" key="Software\Microsoft\Windows\CurrentVersion\Internet Settings\Zones\2" name="1604" value="00000000"/><Reg id="FrameworkSetupTrusted" type="REG_DWORD" hive="HKEY_CURRENT_USER" key="Software\Microsoft\Windows\CurrentVersion\Internet Settings\Zones\2" name="2600" value="00000000"/><Reg id="AccessDataAcrossDomainsTrusted" type="REG_DWORD" hive="HKEY_CURRENT_USER" key="Software\Microsoft\Windows\CurrentVersion\Internet Settings\Zones\2" name="1406" value="00000003"/><Reg id="DragAcrossDomainsDiffWindowsTrusted" type="REG_DWORD" hive="HKEY_CURRENT_USER" key="Software\Microsoft\Windows\CurrentVersion\Internet Settings\Zones\2" name="2709" value="00000003"/><Reg id="DragAcrossDomainsSameWindowTrusted" type="REG_DWORD" hive="HKEY_CURRENT_USER" key="Software\Microsoft\Windows\CurrentVersion\Internet Settings\Zones\2" name="2708" value="00000003"/><Reg id="AllowMETAREFRESHTrusted" type="REG_DWORD" hive="HKEY_CURRENT_USER" key="Software\Microsoft\Windows\CurrentVersion\Internet Settings\Zones\2" name="1608" value="00000000"/><Reg id="AllowScriptingTrusted" type="REG_DWORD" hive="HKEY_CURRENT_USER" key="Software\Microsoft\Windows\CurrentVersion\Internet Settings\Zones\2" name="1206" value="00000003"/><Reg id="AllowScriptInitiatedWindowsTrusted" type="REG_DWORD" hive="HKEY_CURRENT_USER" key="Software\Microsoft\Windows\CurrentVersion\Internet Settings\Zones\2" name="2102" value="00000003"/><Reg id="AllowRestrictedProtocolsTrusted" type="REG_DWORD" hive="HKEY_CURRENT_USER" key="Software\Microsoft\Windows\CurrentVersion\Internet Settings\Zones\2" name="2300" value="00000001"/><Reg id="AllowNoAddressStatusTrusted" type="REG_DWORD" hive="HKEY_CURRENT_USER" key="Software\Microsoft\Windows\CurrentVersion\Internet Settings\Zones\2" name="2104" value="00000000"/><Reg id="DisplayMixedContentTrusted" type="REG_DWORD" hive="HKEY_CURRENT_USER" key="Software\Microsoft\Windows\CurrentVersion\Internet Settings\Zones\2" name="1609" value="00000001"/><Reg id="DontPromptForCertificateTrusted" type="REG_DWORD" hive="HKEY_CURRENT_USER" key="Software\Microsoft\Windows\CurrentVersion\Internet Settings\Zones\2" name="1A04" value="00000003"/><Reg id="DragAndDropTrusted" type="REG_DWORD" hive="HKEY_CURRENT_USER" key="Software\Microsoft\Windows\CurrentVersion\Internet Settings\Zones\2" name="1802" value="00000000"/><Reg id="EnableMIMESniffingTrusted" type="REG_DWORD" hive="HKEY_CURRENT_USER" key="Software\Microsoft\Windows\CurrentVersion\Internet Settings\Zones\2" name="2100" value="00000000"/><Reg id="LocalDirOnULTrusted" type="REG_DWORD" hive="HKEY_CURRENT_USER" key="Software\Microsoft\Windows\CurrentVersion\Internet Settings\Zones\2" name="160A" value="00000000"/><Reg id="AppsUnsafeFilesTrusted" type="REG_DWORD" hive="HKEY_CURRENT_USER" key="Software\Microsoft\Windows\CurrentVersion\Internet Settings\Zones\2" name="1806" value="00000001"/><Reg id="LaunchProgramsInIFRAMETrusted" type="REG_DWORD" hive="HKEY_CURRENT_USER" key="Software\Microsoft\Windows\CurrentVersion\Internet Settings\Zones\2" name="1804" value="00000001"/><Reg id="NavigateSubFramesAcrossDomainsTrusted" type="REG_DWORD" hive="HKEY_CURRENT_USER" key="Software\Microsoft\Windows\CurrentVersion\Internet Settings\Zones\2" name="1607" value="00000003"/><Reg id="RenderLegacyFiltersTrusted" type="REG_DWORD" hive="HKEY_CURRENT_USER" key="Software\Microsoft\Windows\CurrentVersion\Internet Settings\Zones\2" name="270B" value="00000000"/><Reg id="SubmitNonEncryptedFormTrusted" type="REG_DWORD" hive="HKEY_CURRENT_USER" key="Software\Microsoft\Windows\CurrentVersion\Internet Settings\Zones\2" name="1601" value="00000000"/><Reg id="UsePhishingTrusted" type="REG_DWORD" hive="HKEY_CURRENT_USER" key="Software\Microsoft\Windows\CurrentVersion\Internet Settings\Zones\2" name="2301" value="00000000"/><Reg id="UsePopUpBlockerTrusted" type="REG_DWORD" hive="HKEY_CURRENT_USER" key="Software\Microsoft\Windows\CurrentVersion\Internet Settings\Zones\2" name="1809" value="00000000"/><Reg id="UserdataPersistenceTrusted" type="REG_DWORD" hive="HKEY_CURRENT_USER" key="Software\Microsoft\Windows\CurrentVersion\Internet Settings\Zones\2" name="1606" value="00000000"/><Reg id="LessPrivilegedWebsitesTrusted" type="REG_DWORD" hive="HKEY_CURRENT_USER" key="Software\Microsoft\Windows\CurrentVersion\Internet Settings\Zones\2" name="2101" value="00000000"/><Reg id="ActiveScriptingTrusted" type="REG_DWORD" hive="HKEY_CURRENT_USER" key="Software\Microsoft\Windows\CurrentVersion\Internet Settings\Zones\2" name="1400" value="00000000"/><Reg id="AllowClipboardTrusted" type="REG_DWORD" hive="HKEY_CURRENT_USER" key="Software\Microsoft\Windows\CurrentVersion\Internet Settings\Zones\2" name="1407" value="00000001"/><Reg id="AllowStatusBarTrusted" type="REG_DWORD" hive="HKEY_CURRENT_USER" key="Software\Microsoft\Windows\CurrentVersion\Internet Settings\Zones\2" name="2103" value="00000000"/><Reg id="PromptForInfoTrusted" type="REG_DWORD" hive="HKEY_CURRENT_USER" key="Software\Microsoft\Windows\CurrentVersion\Internet Settings\Zones\2" name="2105" value="00000000"/><Reg id="EnableXSSFilterTrusted" type="REG_DWORD" hive="HKEY_CURRENT_USER" key="Software\Microsoft\Windows\CurrentVersion\Internet Settings\Zones\2" name="1409" value="00000000"/><Reg id="AppletScriptingTrusted" type="REG_DWORD" hive="HKEY_CURRENT_USER" key="Software\Microsoft\Windows\CurrentVersion\Internet Settings\Zones\2" name="1402" value="00000000"/><Reg id="LogonTrusted" type="REG_DWORD" hive="HKEY_CURRENT_USER" key="Software\Microsoft\Windows\CurrentVersion\Internet Settings\Zones\2" name="1A00" value="00020000"/><Reg id="Default1207Trusted" type="REG_DWORD" hive="HKEY_CURRENT_USER" key="Software\Microsoft\Windows\CurrentVersion\Internet Settings\Zones\2" name="1207" value="00000000"/><Reg id="Default1408Trusted" type="REG_DWORD" hive="HKEY_CURRENT_USER" key="Software\Microsoft\Windows\CurrentVersion\Internet Settings\Zones\2" name="1408" value="00000000"/><Reg id="Default140ATrusted" type="REG_DWORD" hive="HKEY_CURRENT_USER" key="Software\Microsoft\Windows\CurrentVersion\Internet Settings\Zones\2" name="140A" value="00000000"/><Reg id="Default1605Trusted" type="REG_DWORD" hive="HKEY_CURRENT_USER" key="Software\Microsoft\Windows\CurrentVersion\Internet Settings\Zones\2" name="1605" value="00000000"/><Reg id="Default160BTrusted" type="REG_DWORD" hive="HKEY_CURRENT_USER" key="Software\Microsoft\Windows\CurrentVersion\Internet Settings\Zones\2" name="160B" value="00000000"/><Reg id="Default180bTrusted" type="REG_DWORD" hive="HKEY_CURRENT_USER" key="Software\Microsoft\Windows\CurrentVersion\Internet Settings\Zones\2" name="180B" value="00000000"/><Reg id="Default1a02Trusted" type="REG_DWORD" hive="HKEY_CURRENT_USER" key="Software\Microsoft\Windows\CurrentVersion\Internet Settings\Zones\2" name="1A02" value="00000000"/><Reg id="Default1a03Trusted" type="REG_DWORD" hive="HKEY_CURRENT_USER" key="Software\Microsoft\Windows\CurrentVersion\Internet Settings\Zones\2" name="1A03" value="00000000"/><Reg id="Default1a05Trusted" type="REG_DWORD" hive="HKEY_CURRENT_USER" key="Software\Microsoft\Windows\CurrentVersion\Internet Settings\Zones\2" name="1A05" value="00000001"/><Reg id="Default1a06Trusted" type="REG_DWORD" hive="HKEY_CURRENT_USER" key="Software\Microsoft\Windows\CurrentVersion\Internet Settings\Zones\2" name="1A06" value="00000000"/><Reg id="Default1a10Trusted" type="REG_DWORD" hive="HKEY_CURRENT_USER" key="Software\Microsoft\Windows\CurrentVersion\Internet Settings\Zones\2" name="1A10" value="00000000"/><Reg id="Default1C00Trusted" type="REG_DWORD" hive="HKEY_CURRENT_USER" key="Software\Microsoft\Windows\CurrentVersion\Internet Settings\Zones\2" name="1C00" value="00010000"/><Reg id="Default2005Trusted" type="REG_DWORD" hive="HKEY_CURRENT_USER" key="Software\Microsoft\Windows\CurrentVersion\Internet Settings\Zones\2" name="2005" value="00000000"/><Reg id="Default2106Trusted" type="REG_DWORD" hive="HKEY_CURRENT_USER" key="Software\Microsoft\Windows\CurrentVersion\Internet Settings\Zones\2" name="2106" value="00000000"/><Reg id="Default2107Trusted" type="REG_DWORD" hive="HKEY_CURRENT_USER" key="Software\Microsoft\Windows\CurrentVersion\Internet Settings\Zones\2" name="2107" value="00000000"/><Reg id="Default2108Trusted" type="REG_DWORD" hive="HKEY_CURRENT_USER" key="Software\Microsoft\Windows\CurrentVersion\Internet Settings\Zones\2" name="2108" value="00000003"/><Reg id="Default2200Trusted" type="REG_DWORD" hive="HKEY_CURRENT_USER" key="Software\Microsoft\Windows\CurrentVersion\Internet Settings\Zones\2" name="2200" value="00000003"/><Reg id="Default2302Trusted" type="REG_DWORD" hive="HKEY_CURRENT_USER" key="Software\Microsoft\Windows\CurrentVersion\Internet Settings\Zones\2" name="2302" value="00000003"/><Reg id="Default2500Trusted" type="REG_DWORD" hive="HKEY_CURRENT_USER" key="Software\Microsoft\Windows\CurrentVersion\Internet Settings\Zones\2" name="2500" value="00000003"/><Reg id="Default2700Trusted" type="REG_DWORD" hive="HKEY_CURRENT_USER" key="Software\Microsoft\Windows\CurrentVersion\Internet Settings\Zones\2" name="2700" value="00000003"/><Reg id="Default2701Trusted" type="REG_DWORD" hive="HKEY_CURRENT_USER" key="Software\Microsoft\Windows\CurrentVersion\Internet Settings\Zones\2" name="2701" value="00000000"/><Reg id="Default2703Trusted" type="REG_DWORD" hive="HKEY_CURRENT_USER" key="Software\Microsoft\Windows\CurrentVersion\Internet Settings\Zones\2" name="2703" value="00000000"/><Reg id="Default2704Trusted" type="REG_DWORD" hive="HKEY_CURRENT_USER" key="Software\Microsoft\Windows\CurrentVersion\Internet Settings\Zones\2" name="2704" value="00000000"/><Reg id="Default2707Trusted" type="REG_DWORD" hive="HKEY_CURRENT_USER" key="Software\Microsoft\Windows\CurrentVersion\Internet Settings\Zones\2" name="2707" value="00000003"/><Reg id="CurrentLevelInternet" type="REG_DWORD" hive="HKEY_CURRENT_USER" key="Software\Microsoft\Windows\CurrentVersion\Internet Settings\Zones\3" name="CurrentLevel" value="00011500"/><Reg id="LooseXamlInternet" type="REG_DWORD" hive="HKEY_CURRENT_USER" key="Software\Microsoft\Windows\CurrentVersion\Internet Settings\Zones\3" name="2402" value="00000003"/><Reg id="XamlBrowserAppInternet" type="REG_DWORD" hive="HKEY_CURRENT_USER" key="Software\Microsoft\Windows\CurrentVersion\Internet Settings\Zones\3" name="2400" value="00000003"/><Reg id="XpsDocsInternet" type="REG_DWORD" hive="HKEY_CURRENT_USER" key="Software\Microsoft\Windows\CurrentVersion\Internet Settings\Zones\3" name="2401" value="00000000"/><Reg id="PermForManifestCompInternet" type="REG_DWORD" hive="HKEY_CURRENT_USER" key="Software\Microsoft\Windows\CurrentVersion\Internet Settings\Zones\3" name="2007" value="00010000"/><Reg id="NotSignedAuthenticodeInternet" type="REG_DWORD" hive="HKEY_CURRENT_USER" key="Software\Microsoft\Windows\CurrentVersion\Internet Settings\Zones\3" name="2004" value="00000000"/><Reg id="SignedAuthenticodeInternet" type="REG_DWORD" hive="HKEY_CURRENT_USER" key="Software\Microsoft\Windows\CurrentVersion\Internet Settings\Zones\3" name="2001" value="00000000"/><Reg id="AllowActiveXFilteringInternet" type="REG_DWORD" hive="HKEY_CURRENT_USER" key="Software\Microsoft\Windows\CurrentVersion\Internet Settings\Zones\3" name="2702" value="00000000"/><Reg id="ActiveXUnusedInternet" type="REG_DWORD" hive="HKEY_CURRENT_USER" key="Software\Microsoft\Windows\CurrentVersion\Internet Settings\Zones\3" name="1208" value="00000003"/><Reg id="ScriptletsInternet" type="REG_DWORD" hive="HKEY_CURRENT_USER" key="Software\Microsoft\Windows\CurrentVersion\Internet Settings\Zones\3" name="1209" value="00000003"/><Reg id="PromptActivXInternet" type="REG_DWORD" hive="HKEY_CURRENT_USER" key="Software\Microsoft\Windows\CurrentVersion\Internet Settings\Zones\3" name="2201" value="00000003"/><Reg id="BinaryScriptInternet" type="REG_DWORD" hive="HKEY_CURRENT_USER" key="Software\Microsoft\Windows\CurrentVersion\Internet Settings\Zones\3" name="2000" value="00000000"/><Reg id="ShowVideoAnimationInternet" type="REG_DWORD" hive="HKEY_CURRENT_USER" key="Software\Microsoft\Windows\CurrentVersion\Internet Settings\Zones\3" name="120A" value="00000003"/><Reg id="DownloadSignedActiveXInternet" type="REG_DWORD" hive="HKEY_CURRENT_USER" key="Software\Microsoft\Windows\CurrentVersion\Internet Settings\Zones\3" name="1001" value="00000001"/><Reg id="DownloadUnsignedActiveXInternet" type="REG_DWORD" hive="HKEY_CURRENT_USER" key="Software\Microsoft\Windows\CurrentVersion\Internet Settings\Zones\3" name="1004" value="00000003"/><Reg id="ScriptUnsafeActiveXInternet" type="REG_DWORD" hive="HKEY_CURRENT_USER" key="Software\Microsoft\Windows\CurrentVersion\Internet Settings\Zones\3" name="1201" value="00000003"/><Reg id="AllowOnlyApprovedDomainsActiveXInternet" type="REG_DWORD" hive="HKEY_CURRENT_USER" key="Software\Microsoft\Windows\CurrentVersion\Internet Settings\Zones\3" name="120B" value="00000003"/><Reg id="RunActiveXInternet" type="REG_DWORD" hive="HKEY_CURRENT_USER" key="Software\Microsoft\Windows\CurrentVersion\Internet Settings\Zones\3" name="1200" value="00000000"/><Reg id="ScriptSafeActiveXInternet" type="REG_DWORD" hive="HKEY_CURRENT_USER" key="Software\Microsoft\Windows\CurrentVersion\Internet Settings\Zones\3" name="1405" value="00000000"/><Reg id="FileDownloadInternet" type="REG_DWORD" hive="HKEY_CURRENT_USER" key="Software\Microsoft\Windows\CurrentVersion\Internet Settings\Zones\3" name="1803" value="00000000"/><Reg id="FontDownloadInternet" type="REG_DWORD" hive="HKEY_CURRENT_USER" key="Software\Microsoft\Windows\CurrentVersion\Internet Settings\Zones\3" name="1604" value="00000000"/><Reg id="FrameworkSetupInternet" type="REG_DWORD" hive="HKEY_CURRENT_USER" key="Software\Microsoft\Windows\CurrentVersion\Internet Settings\Zones\3" name="2600" value="00000000"/><Reg id="AccessDataAcrossDomainsInternet" type="REG_DWORD" hive="HKEY_CURRENT_USER" key="Software\Microsoft\Windows\CurrentVersion\Internet Settings\Zones\3" name="1406" value="00000003"/><Reg id="DragAcrossDomainsDiffWindowsInternet" type="REG_DWORD" hive="HKEY_CURRENT_USER" key="Software\Microsoft\Windows\CurrentVersion\Internet Settings\Zones\3" name="2709" value="00000003"/><Reg id="DragAcrossDomainsSameWindowInternet" type="REG_DWORD" hive="HKEY_CURRENT_USER" key="Software\Microsoft\Windows\CurrentVersion\Internet Settings\Zones\3" name="2708" value="00000003"/><Reg id="AllowMETAREFRESHInternet" type="REG_DWORD" hive="HKEY_CURRENT_USER" key="Software\Microsoft\Windows\CurrentVersion\Internet Settings\Zones\3" name="1608" value="00000000"/><Reg id="AllowScriptingInternet" type="REG_DWORD" hive="HKEY_CURRENT_USER" key="Software\Microsoft\Windows\CurrentVersion\Internet Settings\Zones\3" name="1206" value="00000003"/><Reg id="AllowScriptInitiatedWindowsInternet" type="REG_DWORD" hive="HKEY_CURRENT_USER" key="Software\Microsoft\Windows\CurrentVersion\Internet Settings\Zones\3" name="2102" value="00000003"/><Reg id="AllowRestrictedProtocolsInternet" type="REG_DWORD" hive="HKEY_CURRENT_USER" key="Software\Microsoft\Windows\CurrentVersion\Internet Settings\Zones\3" name="2300" value="00000001"/><Reg id="AllowNoAddressStatusInternet" type="REG_DWORD" hive="HKEY_CURRENT_USER" key="Software\Microsoft\Windows\CurrentVersion\Internet Settings\Zones\3" name="2104" value="00000003"/><Reg id="DisplayMixedContentInternet" type="REG_DWORD" hive="HKEY_CURRENT_USER" key="Software\Microsoft\Windows\CurrentVersion\Internet Settings\Zones\3" name="1609" value="00000001"/><Reg id="DontPromptForCertificateInternet" type="REG_DWORD" hive="HKEY_CURRENT_USER" key="Software\Microsoft\Windows\CurrentVersion\Internet Settings\Zones\3" name="1A04" value="00000003"/><Reg id="DragAndDropInternet" type="REG_DWORD" hive="HKEY_CURRENT_USER" key="Software\Microsoft\Windows\CurrentVersion\Internet Settings\Zones\3" name="1802" value="00000000"/><Reg id="EnableMIMESniffingInternet" type="REG_DWORD" hive="HKEY_CURRENT_USER" key="Software\Microsoft\Windows\CurrentVersion\Internet Settings\Zones\3" name="2100" value="00000000"/><Reg id="LocalDirOnULInternet" type="REG_DWORD" hive="HKEY_CURRENT_USER" key="Software\Microsoft\Windows\CurrentVersion\Internet Settings\Zones\3" name="160A" value="00000003"/><Reg id="AppsUnsafeFilesInternet" type="REG_DWORD" hive="HKEY_CURRENT_USER" key="Software\Microsoft\Windows\CurrentVersion\Internet Settings\Zones\3" name="1806" value="00000001"/><Reg id="LaunchProgramsInIFRAMEInternet" type="REG_DWORD" hive="HKEY_CURRENT_USER" key="Software\Microsoft\Windows\CurrentVersion\Internet Settings\Zones\3" name="1804" value="00000001"/><Reg id="NavigateSubFramesAcrossDomainsInternet" type="REG_DWORD" hive="HKEY_CURRENT_USER" key="Software\Microsoft\Windows\CurrentVersion\Internet Settings\Zones\3" name="1607" value="00000003"/><Reg id="RenderLegacyFiltersInternet" type="REG_DWORD" hive="HKEY_CURRENT_USER" key="Software\Microsoft\Windows\CurrentVersion\Internet Settings\Zones\3" name="270B" value="00000003"/><Reg id="SubmitNonEncryptedFormInternet" type="REG_DWORD" hive="HKEY_CURRENT_USER" key="Software\Microsoft\Windows\CurrentVersion\Internet Settings\Zones\3" name="1601" value="00000000"/><Reg id="UsePhishingInternet" type="REG_DWORD" hive="HKEY_CURRENT_USER" key="Software\Microsoft\Windows\CurrentVersion\Internet Settings\Zones\3" name="2301" value="00000000"/><Reg id="UsePopUpBlockerInternet" type="REG_DWORD" hive="HKEY_CURRENT_USER" key="Software\Microsoft\Windows\CurrentVersion\Internet Settings\Zones\3" name="1809" value="00000000"/><Reg id="UserdataPersistenceInternet" type="REG_DWORD" hive="HKEY_CURRENT_USER" key="Software\Microsoft\Windows\CurrentVersion\Internet Settings\Zones\3" name="1606" value="00000000"/><Reg id="LessPrivilegedWebsitesInternet" type="REG_DWORD" hive="HKEY_CURRENT_USER" key="Software\Microsoft\Windows\CurrentVersion\Internet Settings\Zones\3" name="2101" value="00000000"/><Reg id="ActiveScriptingInternet" type="REG_DWORD" hive="HKEY_CURRENT_USER" key="Software\Microsoft\Windows\CurrentVersion\Internet Settings\Zones\3" name="1400" value="00000000"/><Reg id="AllowClipboardInternet" type="REG_DWORD" hive="HKEY_CURRENT_USER" key="Software\Microsoft\Windows\CurrentVersion\Internet Settings\Zones\3" name="1407" value="00000001"/><Reg id="AllowStatusBarInternet" type="REG_DWORD" hive="HKEY_CURRENT_USER" key="Software\Microsoft\Windows\CurrentVersion\Internet Settings\Zones\3" name="2103" value="00000003"/><Reg id="PromptForInfoInternet" type="REG_DWORD" hive="HKEY_CURRENT_USER" key="Software\Microsoft\Windows\CurrentVersion\Internet Settings\Zones\3" name="2105" value="00000003"/><Reg id="EnableXSSFilterInternet" type="REG_DWORD" hive="HKEY_CURRENT_USER" key="Software\Microsoft\Windows\CurrentVersion\Internet Settings\Zones\3" name="1409" value="00000000"/><Reg id="AppletScriptingInternet" type="REG_DWORD" hive="HKEY_CURRENT_USER" key="Software\Microsoft\Windows\CurrentVersion\Internet Settings\Zones\3" name="1402" value="00000000"/><Reg id="LogonInternet" type="REG_DWORD" hive="HKEY_CURRENT_USER" key="Software\Microsoft\Windows\CurrentVersion\Internet Settings\Zones\3" name="1A00" value="00020000"/><Reg id="Default1207Internet" type="REG_DWORD" hive="HKEY_CURRENT_USER" key="Software\Microsoft\Windows\CurrentVersion\Internet Settings\Zones\3" name="1207" value="00000003"/><Reg id="Default1408Internet" type="REG_DWORD" hive="HKEY_CURRENT_USER" key="Software\Microsoft\Windows\CurrentVersion\Internet Settings\Zones\3" name="1408" value="00000003"/><Reg id="Default140AInternet" type="REG_DWORD" hive="HKEY_CURRENT_USER" key="Software\Microsoft\Windows\CurrentVersion\Internet Settings\Zones\3" name="140A" value="00000000"/><Reg id="Default1605Internet" type="REG_DWORD" hive="HKEY_CURRENT_USER" key="Software\Microsoft\Windows\CurrentVersion\Internet Settings\Zones\3" name="1605" value="00000000"/><Reg id="Default160BInternet" type="REG_DWORD" hive="HKEY_CURRENT_USER" key="Software\Microsoft\Windows\CurrentVersion\Internet Settings\Zones\3" name="160B" value="00000000"/><Reg id="Default180bInternet" type="REG_DWORD" hive="HKEY_CURRENT_USER" key="Software\Microsoft\Windows\CurrentVersion\Internet Settings\Zones\3" name="180B" value="00000000"/><Reg id="Default1a02Internet" type="REG_DWORD" hive="HKEY_CURRENT_USER" key="Software\Microsoft\Windows\CurrentVersion\Internet Settings\Zones\3" name="1A02" value="00000000"/><Reg id="Default1a03Internet" type="REG_DWORD" hive="HKEY_CURRENT_USER" key="Software\Microsoft\Windows\CurrentVersion\Internet Settings\Zones\3" name="1A03" value="00000000"/><Reg id="Default1a05Internet" type="REG_DWORD" hive="HKEY_CURRENT_USER" key="Software\Microsoft\Windows\CurrentVersion\Internet Settings\Zones\3" name="1A05" value="00000001"/><Reg id="Default1a06Internet" type="REG_DWORD" hive="HKEY_CURRENT_USER" key="Software\Microsoft\Windows\CurrentVersion\Internet Settings\Zones\3" name="1A06" value="00000000"/><Reg id="Default1a10Internet" type="REG_DWORD" hive="HKEY_CURRENT_USER" key="Software\Microsoft\Windows\CurrentVersion\Internet Settings\Zones\3" name="1A10" value="00000000"/><Reg id="Default1C00Internet" type="REG_DWORD" hive="HKEY_CURRENT_USER" key="Software\Microsoft\Windows\CurrentVersion\Internet Settings\Zones\3" name="1C00" value="00010000"/><Reg id="Default2005Internet" type="REG_DWORD" hive="HKEY_CURRENT_USER" key="Software\Microsoft\Windows\CurrentVersion\Internet Settings\Zones\3" name="2005" value="00000003"/><Reg id="Default2106Internet" type="REG_DWORD" hive="HKEY_CURRENT_USER" key="Software\Microsoft\Windows\CurrentVersion\Internet Settings\Zones\3" name="2106" value="00000000"/><Reg id="Default2107Internet" type="REG_DWORD" hive="HKEY_CURRENT_USER" key="Software\Microsoft\Windows\CurrentVersion\Internet Settings\Zones\3" name="2107" value="00000003"/><Reg id="Default2108Internet" type="REG_DWORD" hive="HKEY_CURRENT_USER" key="Software\Microsoft\Windows\CurrentVersion\Internet Settings\Zones\3" name="2108" value="00000003"/><Reg id="Default2200Internet" type="REG_DWORD" hive="HKEY_CURRENT_USER" key="Software\Microsoft\Windows\CurrentVersion\Internet Settings\Zones\3" name="2200" value="00000003"/><Reg id="Default2302Internet" type="REG_DWORD" hive="HKEY_CURRENT_USER" key="Software\Microsoft\Windows\CurrentVersion\Internet Settings\Zones\3" name="2302" value="00000003"/><Reg id="Default2500Internet" type="REG_DWORD" hive="HKEY_CURRENT_USER" key="Software\Microsoft\Windows\CurrentVersion\Internet Settings\Zones\3" name="2500" value="00000000"/><Reg id="Default2700Internet" type="REG_DWORD" hive="HKEY_CURRENT_USER" key="Software\Microsoft\Windows\CurrentVersion\Internet Settings\Zones\3" name="2700" value="00000000"/><Reg id="Default2701Internet" type="REG_DWORD" hive="HKEY_CURRENT_USER" key="Software\Microsoft\Windows\CurrentVersion\Internet Settings\Zones\3" name="2701" value="00000000"/><Reg id="Default2703Internet" type="REG_DWORD" hive="HKEY_CURRENT_USER" key="Software\Microsoft\Windows\CurrentVersion\Internet Settings\Zones\3" name="2703" value="00000003"/><Reg id="Default2704Internet" type="REG_DWORD" hive="HKEY_CURRENT_USER" key="Software\Microsoft\Windows\CurrentVersion\Internet Settings\Zones\3" name="2704" value="00000000"/><Reg id="Default2707Internet" type="REG_DWORD" hive="HKEY_CURRENT_USER" key="Software\Microsoft\Windows\CurrentVersion\Internet Settings\Zones\3" name="2707" value="00000000"/><Reg id="TurnOnPopupBlocker" type="REG_DWORD" hive="HKEY_CURRENT_USER" key="Software\Microsoft\Internet Explorer\New Windows" name="PopupMgr" value="1"/><Reg id="DisableLocationReport" type="REG_DWORD" hive="HKEY_CURRENT_USER" key="Software\Microsoft\Internet Explorer\Geolocation" name="BlockAllWebsites" value="0"/><Reg id="DisableToolbarsInPrivate" type="REG_DWORD" hive="HKEY_CURRENT_USER" key="Software\Microsoft\Internet Explorer\Safety\PrivacIE" name="DisableToolbars" value="1"/><Reg id="EnableAutodial" type="REG_DWORD" hive="HKEY_CURRENT_USER" key="Software\Microsoft\Windows\CurrentVersion\Internet Settings" name="EnableAutodial" value="0"/><Reg id="NoNetAutodial" type="REG_DWORD" hive="HKEY_CURRENT_USER" key="Software\Microsoft\Windows\CurrentVersion\Internet Settings" name="NoNetAutodial" value="0"/></Properties><Collection clsid="{53B533F5-224C-47e3-B01B-CA3B3F3FF4BF}"><Registry clsid="{9CD4B2F4-923D-47f5-A062-E897DD1DAD50}" name="aglfeprd1.avinc.com"><Properties action="U" default="0" hive="HKEY_CURRENT_USER" key="Software\Microsoft\Internet Explorer\New Windows\Allow" name="aglfeprd1.avinc.com" type="REG_BINARY" value=""/></Registry><Registry clsid="{9CD4B2F4-923D-47f5-A062-E897DD1DAD50}" name="hapsaglprdapp.aerovironment.com"><Properties action="U" default="0" hive="HKEY_CURRENT_USER" key="Software\Microsoft\Internet Explorer\New Windows\Allow" name="hapsaglprdapp.aerovironment.com" type="REG_BINARY" value=""/></Registry></Collection></IE10>
</InternetSettings>
